2026-09-11 00:03:44.946 | INFO     | _result_done_callback:281 - [gantry_collision_seg] Received Done result: rtg_algorithm_interfaces.action.StreamAction_Result(success=True, message='Worker completed successfully.')
2026-09-11 00:03:45.033 | INFO     | _send_goal:186 - [gantry_collision_seg] Waiting for action server '/action/gantry_collision_seg'...
2026-09-11 00:03:45.034 | INFO     | _send_goal:207 - [gantry_collision_seg] Action server '/action/gantry_collision_seg' is available. Sending goal...
2026-09-11 00:03:45.042 | INFO     | _goal_response_callback:256 - [gantry_collision_seg] Goal accepted :)
2026-09-11 00:04:11.049 | WARNING  | _lidar_callback:367 - lidar 10 det distance 11.11372303262561 area 3
2026-09-11 00:04:11.053 | INFO     | _send_fused_det_msg:762 - 
Publish detect message                
area: 3                 
device: ['L18']                 
distance: 11.11372303262561                 
distance_camera: 9999.0                 
distance_lidar: 11.11372303262561                 
has_object: True                 
has_person: False                 
zone1: True                 
zone2: False
2026-09-11 00:04:11.130 | INFO     | _send_fused_det_msg:762 - 
Publish detect message                
area: 3                 
device: ['L18']                 
distance: 11.11372303262561                 
distance_camera: 9999.0                 
distance_lidar: 11.11372303262561                 
has_object: True                 
has_person: False                 
zone1: True                 
zone2: False
2026-09-11 00:04:11.169 | INFO     | _send_fused_det_msg:762 - 
Publish detect message                
area: 3                 
device: ['L18']                 
distance: 11.11372303262561                 
distance_camera: 9999.0                 
distance_lidar: 11.11372303262561                 
has_object: True                 
has_person: False                 
zone1: True                 
zone2: False
2026-09-11 00:04:11.175 | INFO     | _send_fused_det_msg:762 - 
Publish detect message                
area: 3                 
device: ['L18']                 
distance: 11.11372303262561                 
distance_camera: 9999.0                 
distance_lidar: 11.11372303262561                 
has_object: True                 
has_person: False                 
zone1: True                 
zone2: False
2026-09-11 00:04:11.279 | INFO     | _send_fused_det_msg:762 - 
Publish detect message                
area: 3                 
device: ['L18']                 
distance: 11.11372303262561                 
distance_camera: 9999.0                 
distance_lidar: 11.11372303262561                 
has_object: True                 
has_person: False                 
zone1: True                 
zone2: False
2026-09-11 00:04:11.344 | INFO     | _send_fused_det_msg:762 - 
Publish detect message                
area: 3                 
device: ['L18']                 
distance: 11.11372303262561                 
distance_camera: 9999.0                 
distance_lidar: 11.11372303262561                 
has_object: True                 
has_person: False                 
zone1: True                 
zone2: False
2026-09-11 00:04:11.385 | WARNING  | _lidar_callback:367 - lidar 10 det distance 11.11372303262561 area 3
2026-09-11 00:04:11.396 | INFO     | _send_fused_det_msg:762 - 
Publish detect message                
area: 3                 
device: ['L18']                 
distance: 11.11372303262561                 
distance_camera: 9999.0                 
distance_lidar: 11.11372303262561                 
has_object: True                 
has_person: False                 
zone1: True                 
zone2: False
2026-09-11 00:04:11.401 | INFO     | _send_fused_det_msg:762 - 
Publish detect message                
area: 3                 
device: ['L18']                 
distance: 11.11372303262561                 
distance_camera: 9999.0                 
distance_lidar: 11.11372303262561                 
has_object: True                 
has_person: False                 
zone1: True                 
zone2: False
2026-09-11 00:04:11.473 | INFO     | _send_fused_det_msg:762 - 
Publish detect message                
area: 3                 
device: ['L18']                 
distance: 11.11372303262561                 
distance_camera: 9999.0                 
distance_lidar: 11.11372303262561                 
has_object: True                 
has_person: False                 
zone1: True                 
zone2: False
2026-09-11 00:04:11.492 | INFO     | _send_fused_det_msg:762 - 
Publish detect message                
area: 3                 
device: ['L18']                 
distance: 11.11372303262561                 
distance_camera: 9999.0                 
distance_lidar: 11.11372303262561                 
has_object: True                 
has_person: False                 
zone1: True                 
zone2: False
2026-09-11 00:04:11.591 | INFO     | _send_fused_det_msg:762 - 
Publish detect message                
area: 3                 
device: ['L18']                 
distance: 11.11372303262561                 
distance_camera: 9999.0                 
distance_lidar: 11.11372303262561                 
has_object: True                 
has_person: False                 
zone1: True                 
zone2: False
2026-09-11 00:04:11.601 | INFO     | _send_fused_det_msg:762 - 
Publish detect message                
area: 3                 
device: ['L18']                 
distance: 11.11372303262561                 
distance_camera: 9999.0                 
distance_lidar: 11.11372303262561                 
has_object: True                 
has_person: False                 
zone1: True                 
zone2: False
2026-09-11 00:04:11.643 | WARNING  | _lidar_callback:367 - lidar 10 det distance 10.93765490077619 area 3
2026-09-11 00:04:11.645 | INFO     | _send_fused_det_msg:762 - 
Publish detect message                
area: 3                 
device: ['L18']                 
distance: 10.93765490077619                 
distance_camera: 9999.0                 
distance_lidar: 10.93765490077619                 
has_object: True                 
has_person: False                 
zone1: True                 
zone2: False
2026-09-11 00:04:11.730 | INFO     | _send_fused_det_msg:762 - 
Publish detect message                
area: 3                 
device: ['L18']                 
distance: 10.93765490077619                 
distance_camera: 9999.0                 
distance_lidar: 10.93765490077619                 
has_object: True                 
has_person: False                 
zone1: True                 
zone2: False
2026-09-11 00:04:11.758 | WARNING  | _lidar_callback:367 - lidar 10 det distance 10.755470657295682 area 3
2026-09-11 00:04:11.761 | INFO     | _send_fused_det_msg:762 - 
Publish detect message                
area: 3                 
device: ['L18']                 
distance: 10.755470657295682                 
distance_camera: 9999.0                 
distance_lidar: 10.755470657295682                 
has_object: True                 
has_person: False                 
zone1: True                 
zone2: False
2026-09-11 00:04:11.778 | INFO     | _send_fused_det_msg:762 - 
Publish detect message                
area: 3                 
device: ['L18']                 
distance: 10.755470657295682                 
distance_camera: 9999.0                 
distance_lidar: 10.755470657295682                 
has_object: True                 
has_person: False                 
zone1: True                 
zone2: False
2026-09-11 00:04:11.870 | INFO     | _send_fused_det_msg:762 - 
Publish detect message                
area: 3                 
device: ['L18']                 
distance: 10.755470657295682                 
distance_camera: 9999.0                 
distance_lidar: 10.755470657295682                 
has_object: True                 
has_person: False                 
zone1: True                 
zone2: False
2026-09-11 00:04:11.890 | INFO     | _send_fused_det_msg:762 - 
Publish detect message                
area: 3                 
device: ['L18']                 
distance: 10.755470657295682                 
distance_camera: 9999.0                 
distance_lidar: 10.755470657295682                 
has_object: True                 
has_person: False                 
zone1: True                 
zone2: False
2026-09-11 00:04:11.965 | INFO     | _send_fused_det_msg:762 - 
Publish detect message                
area: 3                 
device: ['L18']                 
distance: 10.755470657295682                 
distance_camera: 9999.0                 
distance_lidar: 10.755470657295682                 
has_object: True                 
has_person: False                 
zone1: True                 
zone2: False
2026-09-11 00:04:12.055 | INFO     | _send_fused_det_msg:762 - 
Publish detect message                
area: 3                 
device: ['L18']                 
distance: 10.755470657295682                 
distance_camera: 9999.0                 
distance_lidar: 10.755470657295682                 
has_object: True                 
has_person: False                 
zone1: True                 
zone2: False
2026-09-11 00:04:12.063 | INFO     | _send_fused_det_msg:762 - 
Publish detect message                
area: 3                 
device: ['L18']                 
distance: 10.755470657295682                 
distance_camera: 9999.0                 
distance_lidar: 10.755470657295682                 
has_object: True                 
has_person: False                 
zone1: True                 
zone2: False
2026-09-11 00:04:12.070 | INFO     | _send_fused_det_msg:762 - 
Publish detect message                
area: 3                 
device: ['L18']                 
distance: 10.755470657295682                 
distance_camera: 9999.0                 
distance_lidar: 10.755470657295682                 
has_object: True                 
has_person: False                 
zone1: True                 
zone2: False
2026-09-11 00:04:12.087 | WARNING  | _lidar_callback:367 - lidar 10 det distance 10.669667037895374 area 3
2026-09-11 00:04:12.090 | INFO     | _send_fused_det_msg:762 - 
Publish detect message                
area: 3                 
device: ['L18']                 
distance: 10.669667037895374                 
distance_camera: 9999.0                 
distance_lidar: 10.669667037895374                 
has_object: True                 
has_person: False                 
zone1: True                 
zone2: False
2026-09-11 00:04:12.119 | INFO     | _send_fused_det_msg:762 - 
Publish detect message                
area: 3                 
device: ['L18']                 
distance: 10.669667037895374                 
distance_camera: 9999.0                 
distance_lidar: 10.669667037895374                 
has_object: True                 
has_person: False                 
zone1: True                 
zone2: False
2026-09-11 00:04:12.201 | INFO     | _send_fused_det_msg:762 - 
Publish detect message                
area: 3                 
device: ['L18']                 
distance: 10.669667037895374                 
distance_camera: 9999.0                 
distance_lidar: 10.669667037895374                 
has_object: True                 
has_person: False                 
zone1: True                 
zone2: False
2026-09-11 00:04:12.309 | INFO     | _send_fused_det_msg:762 - 
Publish detect message                
area: 3                 
device: ['L18']                 
distance: 10.669667037895374                 
distance_camera: 9999.0                 
distance_lidar: 10.669667037895374                 
has_object: True                 
has_person: False                 
zone1: True                 
zone2: False
2026-09-11 00:04:12.318 | INFO     | _send_fused_det_msg:762 - 
Publish detect message                
area: 3                 
device: ['L18']                 
distance: 10.669667037895374                 
distance_camera: 9999.0                 
distance_lidar: 10.669667037895374                 
has_object: True                 
has_person: False                 
zone1: True                 
zone2: False
2026-09-11 00:04:12.341 | WARNING  | _lidar_callback:367 - lidar 10 det distance 10.506342862739148 area 3
2026-09-11 00:04:12.343 | INFO     | _send_fused_det_msg:762 - 
Publish detect message                
area: 3                 
device: ['L18']                 
distance: 10.506342862739148                 
distance_camera: 9999.0                 
distance_lidar: 10.506342862739148                 
has_object: True                 
has_person: False                 
zone1: True                 
zone2: False
2026-09-11 00:04:12.464 | INFO     | _send_fused_det_msg:762 - 
Publish detect message                
area: 3                 
device: ['L18']                 
distance: 10.506342862739148                 
distance_camera: 9999.0                 
distance_lidar: 10.506342862739148                 
has_object: True                 
has_person: False                 
zone1: True                 
zone2: False
2026-09-11 00:04:12.484 | INFO     | _send_fused_det_msg:762 - 
Publish detect message                
area: 3                 
device: ['L18']                 
distance: 10.506342862739148                 
distance_camera: 9999.0                 
distance_lidar: 10.506342862739148                 
has_object: True                 
has_person: False                 
zone1: True                 
zone2: False
2026-09-11 00:04:12.541 | INFO     | _send_fused_det_msg:762 - 
Publish detect message                
area: 3                 
device: ['L18']                 
distance: 10.506342862739148                 
distance_camera: 9999.0                 
distance_lidar: 10.506342862739148                 
has_object: True                 
has_person: False                 
zone1: True                 
zone2: False
2026-09-11 00:04:12.542 | WARNING  | _lidar_callback:367 - lidar 10 det distance 10.098831362177233 area 3
2026-09-11 00:04:12.545 | INFO     | _send_fused_det_msg:762 - 
Publish detect message                
area: 3                 
device: ['L18']                 
distance: 10.098831362177233                 
distance_camera: 9999.0                 
distance_lidar: 10.098831362177233                 
has_object: True                 
has_person: False                 
zone1: True                 
zone2: False
2026-09-11 00:04:12.584 | INFO     | _send_fused_det_msg:762 - 
Publish detect message                
area: 3                 
device: ['L18']                 
distance: 10.098831362177233                 
distance_camera: 9999.0                 
distance_lidar: 10.098831362177233                 
has_object: True                 
has_person: False                 
zone1: True                 
zone2: False
2026-09-11 00:04:12.645 | INFO     | _send_fused_det_msg:762 - 
Publish detect message                
area: 3                 
device: ['L18']                 
distance: 10.098831362177233                 
distance_camera: 9999.0                 
distance_lidar: 10.098831362177233                 
has_object: True                 
has_person: False                 
zone1: True                 
zone2: False
2026-09-11 00:04:12.756 | INFO     | _send_fused_det_msg:762 - 
Publish detect message                
area: 3                 
device: ['L18']                 
distance: 10.098831362177233                 
distance_camera: 9999.0                 
distance_lidar: 10.098831362177233                 
has_object: True                 
has_person: False                 
zone1: True                 
zone2: False
2026-09-11 00:04:12.761 | WARNING  | _lidar_callback:367 - lidar 10 det distance 9.82559981485069 area 3
2026-09-11 00:04:12.774 | INFO     | _send_fused_det_msg:762 - 
Publish detect message                
area: 3                 
device: ['L18']                 
distance: 9.82559981485069                 
distance_camera: 9999.0                 
distance_lidar: 9.82559981485069                 
has_object: True                 
has_person: False                 
zone1: True                 
zone2: False
2026-09-11 00:04:12.783 | INFO     | _send_fused_det_msg:762 - 
Publish detect message                
area: 3                 
device: ['L18']                 
distance: 9.82559981485069                 
distance_camera: 9999.0                 
distance_lidar: 9.82559981485069                 
has_object: True                 
has_person: False                 
zone1: True                 
zone2: False
2026-09-11 00:04:12.829 | INFO     | _send_fused_det_msg:762 - 
Publish detect message                
area: 3                 
device: ['L18']                 
distance: 9.82559981485069                 
distance_camera: 9999.0                 
distance_lidar: 9.82559981485069                 
has_object: True                 
has_person: False                 
zone1: True                 
zone2: False
2026-09-11 00:04:12.886 | INFO     | _send_fused_det_msg:762 - 
Publish detect message                
area: 3                 
device: ['L18']                 
distance: 9.82559981485069                 
distance_camera: 9999.0                 
distance_lidar: 9.82559981485069                 
has_object: True                 
has_person: False                 
zone1: True                 
zone2: False
2026-09-11 00:04:12.917 | INFO     | _send_fused_det_msg:762 - 
Publish detect message                
area: 3                 
device: ['L18']                 
distance: 9.82559981485069                 
distance_camera: 9999.0                 
distance_lidar: 9.82559981485069                 
has_object: True                 
has_person: False                 
zone1: True                 
zone2: False
2026-09-11 00:04:13.015 | WARNING  | _lidar_callback:367 - lidar 10 det distance 9.82559981485069 area 3
2026-09-11 00:04:13.018 | INFO     | _send_fused_det_msg:762 - 
Publish detect message                
area: 3                 
device: ['L18']                 
distance: 9.82559981485069                 
distance_camera: 9999.0                 
distance_lidar: 9.82559981485069                 
has_object: True                 
has_person: False                 
zone1: True                 
zone2: False
2026-09-11 00:04:13.021 | INFO     | _send_fused_det_msg:762 - 
Publish detect message                
area: 3                 
device: ['L18']                 
distance: 9.82559981485069                 
distance_camera: 9999.0                 
distance_lidar: 9.82559981485069                 
has_object: True                 
has_person: False                 
zone1: True                 
zone2: False
2026-09-11 00:04:13.051 | INFO     | _get_distance:432 - 【gantry_collision】float(3.4785403755782155e-12)*1121**4 + float(-2.992194721400016e-08)*1121**3 + float(9.487611627735373e-05)*1121**2 + float(-0.1361799689501247)*1121 + float(79.4357976549663)
2026-09-11 00:04:13.053 | INFO     | _send_fused_det_msg:762 - 
Publish detect message                
area: 3                 
device: ['C18']                 
distance: 9.345511018954184                 
distance_camera: 9.345511018954184                 
distance_lidar: 9.82559981485069                 
has_object: True                 
has_person: True                 
zone1: True                 
zone2: False
2026-09-11 00:04:13.053 | WARNING  | _action_collision_callback:330 - 
相机综合检测结果                                         
设备ID: C18                                         
区域代码: 3                                         
物体在区域内: True                                         
减速区域：True                                         
停止区域：False                                         
有物体: True                                         
有行人: True                                         
置信度: 0.667                                         
最近距离: 9.346 m                                         
相交面积: 5340.000                                         
相交比例: 0.247                                         
物体类型: person                                         
最终耗时: 211.518 ms 
2026-09-11 00:04:13.107 | INFO     | _send_fused_det_msg:762 - 
Publish detect message                
area: 3                 
device: ['C18']                 
distance: 9.345511018954184                 
distance_camera: 9.345511018954184                 
distance_lidar: 9.82559981485069                 
has_object: True                 
has_person: True                 
zone1: True                 
zone2: False
2026-09-11 00:04:13.242 | INFO     | _send_fused_det_msg:762 - 
Publish detect message                
area: 3                 
device: ['C18']                 
distance: 9.345511018954184                 
distance_camera: 9.345511018954184                 
distance_lidar: 9.82559981485069                 
has_object: True                 
has_person: True                 
zone1: True                 
zone2: False
2026-09-11 00:04:13.254 | INFO     | _send_fused_det_msg:762 - 
Publish detect message                
area: 3                 
device: ['C18']                 
distance: 9.345511018954184                 
distance_camera: 9.345511018954184                 
distance_lidar: 9.82559981485069                 
has_object: True                 
has_person: True                 
zone1: True                 
zone2: False
2026-09-11 00:04:13.291 | INFO     | _send_fused_det_msg:762 - 
Publish detect message                
area: 3                 
device: ['C18']                 
distance: 9.345511018954184                 
distance_camera: 9.345511018954184                 
distance_lidar: 9.82559981485069                 
has_object: True                 
has_person: True                 
zone1: True                 
zone2: False
2026-09-11 00:04:13.344 | INFO     | _send_fused_det_msg:762 - 
Publish detect message                
area: 3                 
device: ['C18']                 
distance: 9.345511018954184                 
distance_camera: 9.345511018954184                 
distance_lidar: 9.82559981485069                 
has_object: True                 
has_person: True                 
zone1: True                 
zone2: False
2026-09-11 00:04:13.399 | WARNING  | _lidar_callback:367 - lidar 10 det distance 9.228189413787057 area 3
2026-09-11 00:04:13.402 | INFO     | _send_fused_det_msg:762 - 
Publish detect message                
area: 3                 
device: ['L18']                 
distance: 9.228189413787057                 
distance_camera: 9.345511018954184                 
distance_lidar: 9.228189413787057                 
has_object: True                 
has_person: False                 
zone1: True                 
zone2: False
2026-09-11 00:04:13.487 | INFO     | _send_fused_det_msg:762 - 
Publish detect message                
area: 3                 
device: ['L18']                 
distance: 9.228189413787057                 
distance_camera: 9.345511018954184                 
distance_lidar: 9.228189413787057                 
has_object: True                 
has_person: False                 
zone1: True                 
zone2: False
2026-09-11 00:04:13.533 | INFO     | _send_fused_det_msg:762 - 
Publish detect message                
area: 3                 
device: ['L18']                 
distance: 9.228189413787057                 
distance_camera: 9.345511018954184                 
distance_lidar: 9.228189413787057                 
has_object: True                 
has_person: False                 
zone1: True                 
zone2: False
2026-09-11 00:04:13.541 | WARNING  | _lidar_callback:367 - lidar 10 det distance 9.228189413787057 area 3
2026-09-11 00:04:13.547 | INFO     | _send_fused_det_msg:762 - 
Publish detect message                
area: 3                 
device: ['L18']                 
distance: 9.228189413787057                 
distance_camera: 9.345511018954184                 
distance_lidar: 9.228189413787057                 
has_object: True                 
has_person: False                 
zone1: True                 
zone2: False
2026-09-11 00:04:13.571 | INFO     | _send_fused_det_msg:762 - 
Publish detect message                
area: 3                 
device: ['L18']                 
distance: 9.228189413787057                 
distance_camera: 9.345511018954184                 
distance_lidar: 9.228189413787057                 
has_object: True                 
has_person: False                 
zone1: True                 
zone2: False
2026-09-11 00:04:13.696 | INFO     | _send_fused_det_msg:762 - 
Publish detect message                
area: 3                 
device: ['L18']                 
distance: 9.228189413787057                 
distance_camera: 9.345511018954184                 
distance_lidar: 9.228189413787057                 
has_object: True                 
has_person: False                 
zone1: True                 
zone2: False
2026-09-11 00:04:13.700 | INFO     | _send_fused_det_msg:762 - 
Publish detect message                
area: 3                 
device: ['L18']                 
distance: 9.228189413787057                 
distance_camera: 9.345511018954184                 
distance_lidar: 9.228189413787057                 
has_object: True                 
has_person: False                 
zone1: True                 
zone2: False
2026-09-11 00:04:13.764 | INFO     | _send_fused_det_msg:762 - 
Publish detect message                
area: 3                 
device: ['L18']                 
distance: 9.228189413787057                 
distance_camera: 9.345511018954184                 
distance_lidar: 9.228189413787057                 
has_object: True                 
has_person: False                 
zone1: True                 
zone2: False
2026-09-11 00:04:13.779 | INFO     | _send_fused_det_msg:762 - 
Publish detect message                
area: 3                 
device: ['L18']                 
distance: 9.228189413787057                 
distance_camera: 9.345511018954184                 
distance_lidar: 9.228189413787057                 
has_object: True                 
has_person: False                 
zone1: True                 
zone2: False
2026-09-11 00:04:13.842 | INFO     | _send_fused_det_msg:762 - 
Publish detect message                
area: 3                 
device: ['L18']                 
distance: 9.228189413787057                 
distance_camera: 9.345511018954184                 
distance_lidar: 9.228189413787057                 
has_object: True                 
has_person: False                 
zone1: True                 
zone2: False
2026-09-11 00:04:13.909 | WARNING  | _lidar_callback:367 - lidar 10 det distance 9.228189413787057 area 3
2026-09-11 00:04:13.913 | INFO     | _send_fused_det_msg:762 - 
Publish detect message                
area: 3                 
device: ['L18']                 
distance: 9.228189413787057                 
distance_camera: 9.345511018954184                 
distance_lidar: 9.228189413787057                 
has_object: True                 
has_person: False                 
zone1: True                 
zone2: False
2026-09-11 00:04:13.936 | INFO     | _send_fused_det_msg:762 - 
Publish detect message                
area: 3                 
device: ['L18']                 
distance: 9.228189413787057                 
distance_camera: 9.345511018954184                 
distance_lidar: 9.228189413787057                 
has_object: True                 
has_person: False                 
zone1: True                 
zone2: False
2026-09-11 00:04:13.939 | INFO     | _send_fused_det_msg:762 - 
Publish detect message                
area: 3                 
device: ['L18']                 
distance: 9.228189413787057                 
distance_camera: 9.345511018954184                 
distance_lidar: 9.228189413787057                 
has_object: True                 
has_person: False                 
zone1: True                 
zone2: False
2026-09-11 00:04:14.032 | INFO     | _send_fused_det_msg:762 - 
Publish detect message                
area: 3                 
device: ['L18']                 
distance: 9.228189413787057                 
distance_camera: 9.345511018954184                 
distance_lidar: 9.228189413787057                 
has_object: True                 
has_person: False                 
zone1: True                 
zone2: False
2026-09-11 00:04:14.054 | INFO     | _send_fused_det_msg:762 - 
Publish detect message                
area: 3                 
device: ['L18']                 
distance: 9.228189413787057                 
distance_camera: 9.345511018954184                 
distance_lidar: 9.228189413787057                 
has_object: True                 
has_person: False                 
zone1: True                 
zone2: False
2026-09-11 00:04:14.150 | WARNING  | _lidar_callback:367 - lidar 10 det distance 8.46398940545254 area 3
2026-09-11 00:04:14.163 | INFO     | _send_fused_det_msg:762 - 
Publish detect message                
area: 3                 
device: ['L18']                 
distance: 8.46398940545254                 
distance_camera: 9.345511018954184                 
distance_lidar: 8.46398940545254                 
has_object: True                 
has_person: False                 
zone1: True                 
zone2: False
2026-09-11 00:04:14.207 | INFO     | _send_fused_det_msg:762 - 
Publish detect message                
area: 3                 
device: ['L18']                 
distance: 8.46398940545254                 
distance_camera: 9.345511018954184                 
distance_lidar: 8.46398940545254                 
has_object: True                 
has_person: False                 
zone1: True                 
zone2: False
2026-09-11 00:04:14.248 | INFO     | _send_fused_det_msg:762 - 
Publish detect message                
area: 3                 
device: ['L18']                 
distance: 8.46398940545254                 
distance_camera: 9.345511018954184                 
distance_lidar: 8.46398940545254                 
has_object: True                 
has_person: False                 
zone1: True                 
zone2: False
2026-09-11 00:04:14.372 | INFO     | _send_fused_det_msg:762 - 
Publish detect message                
area: 3                 
device: ['L18']                 
distance: 8.46398940545254                 
distance_camera: 9.345511018954184                 
distance_lidar: 8.46398940545254                 
has_object: True                 
has_person: False                 
zone1: True                 
zone2: False
2026-09-11 00:04:14.375 | INFO     | _send_fused_det_msg:762 - 
Publish detect message                
area: 3                 
device: ['L18']                 
distance: 8.46398940545254                 
distance_camera: 9.345511018954184                 
distance_lidar: 8.46398940545254                 
has_object: True                 
has_person: False                 
zone1: True                 
zone2: False
2026-09-11 00:04:14.464 | WARNING  | _lidar_callback:367 - lidar 10 det distance 8.405057118163187 area 3
2026-09-11 00:04:14.466 | INFO     | _send_fused_det_msg:762 - 
Publish detect message                
area: 3                 
device: ['L18']                 
distance: 8.46398940545254                 
distance_camera: 9.345511018954184                 
distance_lidar: 8.46398940545254                 
has_object: True                 
has_person: False                 
zone1: True                 
zone2: False
2026-09-11 00:04:14.471 | INFO     | _send_fused_det_msg:762 - 
Publish detect message                
area: 3                 
device: ['L18']                 
distance: 8.405057118163187                 
distance_camera: 9.345511018954184                 
distance_lidar: 8.405057118163187                 
has_object: True                 
has_person: False                 
zone1: True                 
zone2: False
2026-09-11 00:04:14.480 | INFO     | _send_fused_det_msg:762 - 
Publish detect message                
area: 3                 
device: ['L18']                 
distance: 8.405057118163187                 
distance_camera: 9.345511018954184                 
distance_lidar: 8.405057118163187                 
has_object: True                 
has_person: False                 
zone1: True                 
zone2: False
2026-09-11 00:04:14.612 | WARNING  | _lidar_callback:367 - lidar 10 det distance 8.055957199451884 area 3
2026-09-11 00:04:14.614 | INFO     | _send_fused_det_msg:762 - 
Publish detect message                
area: 3                 
device: ['L18']                 
distance: 8.055957199451884                 
distance_camera: 9.345511018954184                 
distance_lidar: 8.055957199451884                 
has_object: True                 
has_person: False                 
zone1: True                 
zone2: False
2026-09-11 00:04:14.616 | INFO     | _send_fused_det_msg:762 - 
Publish detect message                
area: 3                 
device: ['L18']                 
distance: 8.055957199451884                 
distance_camera: 9.345511018954184                 
distance_lidar: 8.055957199451884                 
has_object: True                 
has_person: False                 
zone1: True                 
zone2: False
2026-09-11 00:04:14.686 | INFO     | _send_fused_det_msg:762 - 
Publish detect message                
area: 3                 
device: ['L18']                 
distance: 8.055957199451884                 
distance_camera: 9.345511018954184                 
distance_lidar: 8.055957199451884                 
has_object: True                 
has_person: False                 
zone1: True                 
zone2: False
2026-09-11 00:04:14.695 | INFO     | _send_fused_det_msg:762 - 
Publish detect message                
area: 3                 
device: ['L18']                 
distance: 8.055957199451884                 
distance_camera: 9.345511018954184                 
distance_lidar: 8.055957199451884                 
has_object: True                 
has_person: False                 
zone1: True                 
zone2: False
2026-09-11 00:04:14.820 | INFO     | _send_fused_det_msg:762 - 
Publish detect message                
area: 3                 
device: ['L18']                 
distance: 8.055957199451884                 
distance_camera: 9.345511018954184                 
distance_lidar: 8.055957199451884                 
has_object: True                 
has_person: False                 
zone1: True                 
zone2: False
2026-09-11 00:04:14.849 | WARNING  | _lidar_callback:367 - lidar 10 det distance 7.625759552653792 area 3
2026-09-11 00:04:14.851 | INFO     | _send_fused_det_msg:762 - 
Publish detect message                
area: 3                 
device: ['L18']                 
distance: 8.055957199451884                 
distance_camera: 9.345511018954184                 
distance_lidar: 8.055957199451884                 
has_object: True                 
has_person: False                 
zone1: True                 
zone2: False
2026-09-11 00:04:14.856 | INFO     | _send_fused_det_msg:762 - 
Publish detect message                
area: 3                 
device: ['L18']                 
distance: 7.625759552653792                 
distance_camera: 9.345511018954184                 
distance_lidar: 7.625759552653792                 
has_object: True                 
has_person: False                 
zone1: True                 
zone2: False
2026-09-11 00:04:14.943 | INFO     | _send_fused_det_msg:762 - 
Publish detect message                
area: 3                 
device: ['L18']                 
distance: 7.625759552653792                 
distance_camera: 9.345511018954184                 
distance_lidar: 7.625759552653792                 
has_object: True                 
has_person: False                 
zone1: True                 
zone2: False
2026-09-11 00:04:14.982 | WARNING  | _lidar_callback:367 - lidar 10 det distance 7.431608369801908 area 3
2026-09-11 00:04:14.984 | INFO     | _send_fused_det_msg:762 - 
Publish detect message                
area: 3                 
device: ['L18']                 
distance: 7.431608369801908                 
distance_camera: 9.345511018954184                 
distance_lidar: 7.431608369801908                 
has_object: True                 
has_person: False                 
zone1: True                 
zone2: False
2026-09-11 00:04:15.061 | INFO     | _send_fused_det_msg:762 - 
Publish detect message                
area: 3                 
device: ['L18']                 
distance: 7.431608369801908                 
distance_camera: 9.345511018954184                 
distance_lidar: 7.431608369801908                 
has_object: True                 
has_person: False                 
zone1: True                 
zone2: False
2026-09-11 00:04:15.114 | INFO     | _send_fused_det_msg:762 - 
Publish detect message                
area: 3                 
device: ['L18']                 
distance: 7.431608369801908                 
distance_camera: 9.345511018954184                 
distance_lidar: 7.431608369801908                 
has_object: True                 
has_person: False                 
zone1: True                 
zone2: False
2026-09-11 00:04:15.220 | WARNING  | _lidar_callback:367 - lidar 10 det distance 7.214478522555113 area 3
2026-09-11 00:04:15.222 | INFO     | _send_fused_det_msg:762 - 
Publish detect message                
area: 3                 
device: ['L18']                 
distance: 7.214478522555113                 
distance_camera: 9.345511018954184                 
distance_lidar: 7.214478522555113                 
has_object: True                 
has_person: False                 
zone1: True                 
zone2: False
2026-09-11 00:04:15.254 | INFO     | _send_fused_det_msg:762 - 
Publish detect message                
area: 3                 
device: ['L18']                 
distance: 7.214478522555113                 
distance_camera: 9.345511018954184                 
distance_lidar: 7.214478522555113                 
has_object: True                 
has_person: False                 
zone1: True                 
zone2: False
2026-09-11 00:04:15.289 | INFO     | _send_fused_det_msg:762 - 
Publish detect message                
area: 3                 
device: ['L18']                 
distance: 7.214478522555113                 
distance_camera: 9.345511018954184                 
distance_lidar: 7.214478522555113                 
has_object: True                 
has_person: False                 
zone1: True                 
zone2: False
2026-09-11 00:04:15.382 | INFO     | _send_fused_det_msg:762 - 
Publish detect message                
area: 3                 
device: ['L18']                 
distance: 7.214478522555113                 
distance_camera: 9.345511018954184                 
distance_lidar: 7.214478522555113                 
has_object: True                 
has_person: False                 
zone1: True                 
zone2: False
2026-09-11 00:04:15.416 | INFO     | _send_fused_det_msg:762 - 
Publish detect message                
area: 3                 
device: ['L18']                 
distance: 7.214478522555113                 
distance_camera: 9.345511018954184                 
distance_lidar: 7.214478522555113                 
has_object: True                 
has_person: False                 
zone1: True                 
zone2: False
2026-09-11 00:04:15.447 | INFO     | _send_fused_det_msg:762 - 
Publish detect message                
area: 3                 
device: ['L18']                 
distance: 7.214478522555113                 
distance_camera: 9.345511018954184                 
distance_lidar: 7.214478522555113                 
has_object: True                 
has_person: False                 
zone1: True                 
zone2: False
2026-09-11 00:04:15.449 | WARNING  | _lidar_callback:367 - lidar 10 det distance 6.808064303522968 area 3
2026-09-11 00:04:15.452 | INFO     | _send_fused_det_msg:762 - 
Publish detect message                
area: 3                 
device: ['L18']                 
distance: 6.808064303522968                 
distance_camera: 9.345511018954184                 
distance_lidar: 6.808064303522968                 
has_object: True                 
has_person: False                 
zone1: True                 
zone2: False
2026-09-11 00:04:15.586 | INFO     | _send_fused_det_msg:762 - 
Publish detect message                
area: 3                 
device: ['L18']                 
distance: 6.808064303522968                 
distance_camera: 9.345511018954184                 
distance_lidar: 6.808064303522968                 
has_object: True                 
has_person: False                 
zone1: True                 
zone2: False
2026-09-11 00:04:15.612 | INFO     | _send_fused_det_msg:762 - 
Publish detect message                
area: 3                 
device: ['L18']                 
distance: 6.808064303522968                 
distance_camera: 9.345511018954184                 
distance_lidar: 6.808064303522968                 
has_object: True                 
has_person: False                 
zone1: True                 
zone2: False
2026-09-11 00:04:15.652 | WARNING  | _lidar_callback:367 - lidar 10 det distance 6.6907156037419915 area 3
2026-09-11 00:04:15.654 | INFO     | _send_fused_det_msg:762 - 
Publish detect message                
area: 3                 
device: ['L18']                 
distance: 6.6907156037419915                 
distance_camera: 9.345511018954184                 
distance_lidar: 6.6907156037419915                 
has_object: True                 
has_person: False                 
zone1: True                 
zone2: False
2026-09-11 00:04:15.679 | INFO     | _send_fused_det_msg:762 - 
Publish detect message                
area: 3                 
device: ['L18']                 
distance: 6.6907156037419915                 
distance_camera: 9.345511018954184                 
distance_lidar: 6.6907156037419915                 
has_object: True                 
has_person: False                 
zone1: True                 
zone2: False
2026-09-11 00:04:15.756 | INFO     | _get_distance:432 - 【gantry_collision】float(3.4785403755782155e-12)*1459**4 + float(-2.992194721400016e-08)*1459**3 + float(9.487611627735373e-05)*1459**2 + float(-0.1361799689501247)*1459 + float(79.4357976549663)
2026-09-11 00:04:15.762 | INFO     | _send_fused_det_msg:762 - 
Publish detect message                
area: 3                 
device: ['C18']                 
distance: 5.542503927307322                 
distance_camera: 5.542503927307322                 
distance_lidar: 6.6907156037419915                 
has_object: True                 
has_person: True                 
zone1: True                 
zone2: False
2026-09-11 00:04:15.767 | WARNING  | _action_collision_callback:330 - 
相机综合检测结果                                         
设备ID: C18                                         
区域代码: 3                                         
物体在区域内: True                                         
减速区域：True                                         
停止区域：False                                         
有物体: True                                         
有行人: True                                         
置信度: 0.905                                         
最近距离: 5.543 m                                         
相交面积: 5309.000                                         
相交比例: 0.104                                         
物体类型: person                                         
最终耗时: 198.252 ms 
2026-09-11 00:04:15.783 | INFO     | _send_fused_det_msg:762 - 
Publish detect message                
area: 3                 
device: ['C18']                 
distance: 5.542503927307322                 
distance_camera: 5.542503927307322                 
distance_lidar: 6.6907156037419915                 
has_object: True                 
has_person: True                 
zone1: True                 
zone2: False
2026-09-11 00:04:15.893 | INFO     | _send_fused_det_msg:762 - 
Publish detect message                
area: 3                 
device: ['C18']                 
distance: 5.542503927307322                 
distance_camera: 5.542503927307322                 
distance_lidar: 6.6907156037419915                 
has_object: True                 
has_person: True                 
zone1: True                 
zone2: False
2026-09-11 00:04:15.899 | INFO     | _get_distance:432 - 【gantry_collision】float(3.4785403755782155e-12)*1450**4 + float(-2.992194721400016e-08)*1450**3 + float(9.487611627735373e-05)*1450**2 + float(-0.1361799689501247)*1450 + float(79.4357976549663)
2026-09-11 00:04:15.903 | INFO     | _send_fused_det_msg:762 - 
Publish detect message                
area: 3                 
device: ['C18']                 
distance: 5.607990296261292                 
distance_camera: 5.607990296261292                 
distance_lidar: 6.6907156037419915                 
has_object: True                 
has_person: True                 
zone1: True                 
zone2: False
2026-09-11 00:04:15.908 | WARNING  | _action_collision_callback:330 - 
相机综合检测结果                                         
设备ID: C18                                         
区域代码: 3                                         
物体在区域内: True                                         
减速区域：True                                         
停止区域：False                                         
有物体: True                                         
有行人: True                                         
置信度: 0.932                                         
最近距离: 5.608 m                                         
相交面积: 8028.000                                         
相交比例: 0.149                                         
物体类型: person                                         
最终耗时: 223.433 ms 
2026-09-11 00:04:15.952 | INFO     | _get_distance:432 - 【gantry_collision】float(3.4785403755782155e-12)*1453**4 + float(-2.992194721400016e-08)*1453**3 + float(9.487611627735373e-05)*1453**2 + float(-0.1361799689501247)*1453 + float(79.4357976549663)
2026-09-11 00:04:15.956 | INFO     | _send_fused_det_msg:762 - 
Publish detect message                
area: 3                 
device: ['C18']                 
distance: 5.586008850720148                 
distance_camera: 5.586008850720148                 
distance_lidar: 6.6907156037419915                 
has_object: True                 
has_person: True                 
zone1: True                 
zone2: False
2026-09-11 00:04:15.957 | WARNING  | _action_collision_callback:330 - 
相机综合检测结果                                         
设备ID: C18                                         
区域代码: 3                                         
物体在区域内: True                                         
减速区域：True                                         
停止区域：False                                         
有物体: True                                         
有行人: True                                         
置信度: 0.937                                         
最近距离: 5.586 m                                         
相交面积: 11400.000                                         
相交比例: 0.212                                         
物体类型: person                                         
最终耗时: 210.233 ms 
2026-09-11 00:04:15.968 | INFO     | _send_fused_det_msg:762 - 
Publish detect message                
area: 3                 
device: ['C18']                 
distance: 5.586008850720148                 
distance_camera: 5.586008850720148                 
distance_lidar: 6.6907156037419915                 
has_object: True                 
has_person: True                 
zone1: True                 
zone2: False
2026-09-11 00:04:16.023 | INFO     | _send_fused_det_msg:762 - 
Publish detect message                
area: 3                 
device: ['C18']                 
distance: 5.586008850720148                 
distance_camera: 5.586008850720148                 
distance_lidar: 6.6907156037419915                 
has_object: True                 
has_person: True                 
zone1: True                 
zone2: False
2026-09-11 00:04:16.084 | INFO     | _send_fused_det_msg:762 - 
Publish detect message                
area: 3                 
device: ['C18']                 
distance: 5.586008850720148                 
distance_camera: 5.586008850720148                 
distance_lidar: 6.6907156037419915                 
has_object: True                 
has_person: True                 
zone1: True                 
zone2: False
2026-09-11 00:04:16.177 | WARNING  | _lidar_callback:367 - lidar 10 det distance 6.184250728654013 area 3
2026-09-11 00:04:16.181 | INFO     | _send_fused_det_msg:762 - 
Publish detect message                
area: 3                 
device: ['C18']                 
distance: 5.586008850720148                 
distance_camera: 5.586008850720148                 
distance_lidar: 6.184250728654013                 
has_object: True                 
has_person: True                 
zone1: True                 
zone2: False
2026-09-11 00:04:16.182 | INFO     | _get_distance:432 - 【gantry_collision】float(3.4785403755782155e-12)*1450**4 + float(-2.992194721400016e-08)*1450**3 + float(9.487611627735373e-05)*1450**2 + float(-0.1361799689501247)*1450 + float(79.4357976549663)
2026-09-11 00:04:16.218 | INFO     | _send_fused_det_msg:762 - 
Publish detect message                
area: 3                 
device: ['C18']                 
distance: 5.607990296261292                 
distance_camera: 5.607990296261292                 
distance_lidar: 6.184250728654013                 
has_object: True                 
has_person: True                 
zone1: True                 
zone2: False
2026-09-11 00:04:16.227 | WARNING  | _action_collision_callback:330 - 
相机综合检测结果                                         
设备ID: C18                                         
区域代码: 3                                         
物体在区域内: True                                         
减速区域：True                                         
停止区域：False                                         
有物体: True                                         
有行人: True                                         
置信度: 0.898                                         
最近距离: 5.608 m                                         
相交面积: 18611.000                                         
相交比例: 0.364                                         
物体类型: person                                         
最终耗时: 281.103 ms 
2026-09-11 00:04:16.229 | INFO     | _send_fused_det_msg:762 - 
Publish detect message                
area: 3                 
device: ['C18']                 
distance: 5.607990296261292                 
distance_camera: 5.607990296261292                 
distance_lidar: 6.184250728654013                 
has_object: True                 
has_person: True                 
zone1: True                 
zone2: False
2026-09-11 00:04:16.331 | INFO     | _send_fused_det_msg:762 - 
Publish detect message                
area: 3                 
device: ['C18']                 
distance: 5.607990296261292                 
distance_camera: 5.607990296261292                 
distance_lidar: 6.184250728654013                 
has_object: True                 
has_person: True                 
zone1: True                 
zone2: False
2026-09-11 00:04:16.362 | INFO     | _get_distance:432 - 【gantry_collision】float(3.4785403755782155e-12)*1561**4 + float(-2.992194721400016e-08)*1561**3 + float(9.487611627735373e-05)*1561**2 + float(-0.1361799689501247)*1561 + float(79.4357976549663)
2026-09-11 00:04:16.371 | INFO     | _send_fused_det_msg:762 - 
Publish detect message                
area: 3                 
device: ['C18']                 
distance: 4.884951131415605                 
distance_camera: 4.884951131415605                 
distance_lidar: 6.184250728654013                 
has_object: True                 
has_person: True                 
zone1: False                 
zone2: True
2026-09-11 00:04:16.373 | WARNING  | _action_collision_callback:330 - 
相机综合检测结果                                         
设备ID: C18                                         
区域代码: 3                                         
物体在区域内: True                                         
减速区域：False                                         
停止区域：True                                         
有物体: True                                         
有行人: True                                         
置信度: 0.935                                         
最近距离: 4.885 m                                         
相交面积: 33165.000                                         
相交比例: 0.546                                         
物体类型: person                                         
最终耗时: 244.641 ms 
2026-09-11 00:04:16.478 | INFO     | _send_fused_det_msg:762 - 
Publish detect message                
area: 3                 
device: ['C18']                 
distance: 4.884951131415605                 
distance_camera: 4.884951131415605                 
distance_lidar: 6.184250728654013                 
has_object: True                 
has_person: True                 
zone1: False                 
zone2: True
2026-09-11 00:04:16.496 | INFO     | _get_distance:432 - 【gantry_collision】float(3.4785403755782155e-12)*1567**4 + float(-2.992194721400016e-08)*1567**3 + float(9.487611627735373e-05)*1567**2 + float(-0.1361799689501247)*1567 + float(79.4357976549663)
2026-09-11 00:04:16.498 | INFO     | _send_fused_det_msg:762 - 
Publish detect message                
area: 3                 
device: ['C18']                 
distance: 4.8504385873631435                 
distance_camera: 4.8504385873631435                 
distance_lidar: 6.184250728654013                 
has_object: True                 
has_person: True                 
zone1: False                 
zone2: True
2026-09-11 00:04:16.501 | WARNING  | _action_collision_callback:330 - 
相机综合检测结果                                         
设备ID: C18                                         
区域代码: 3                                         
物体在区域内: True                                         
减速区域：False                                         
停止区域：True                                         
有物体: True                                         
有行人: True                                         
置信度: 0.921                                         
最近距离: 4.850 m                                         
相交面积: 41467.000                                         
相交比例: 0.674                                         
物体类型: person                                         
最终耗时: 223.736 ms 
2026-09-11 00:04:16.634 | INFO     | _get_distance:432 - 【gantry_collision】float(3.4785403755782155e-12)*1692**4 + float(-2.992194721400016e-08)*1692**3 + float(9.487611627735373e-05)*1692**2 + float(-0.1361799689501247)*1692 + float(79.4357976549663)
2026-09-11 00:04:16.640 | INFO     | _send_fused_det_msg:762 - 
Publish detect message                
area: 3                 
device: ['C18']                 
distance: 4.20589944996091                 
distance_camera: 4.20589944996091                 
distance_lidar: 6.184250728654013                 
has_object: True                 
has_person: True                 
zone1: False                 
zone2: True
2026-09-11 00:04:16.643 | WARNING  | _action_collision_callback:330 - 
相机综合检测结果                                         
设备ID: C18                                         
区域代码: 3                                         
物体在区域内: True                                         
减速区域：False                                         
停止区域：True                                         
有物体: True                                         
有行人: True                                         
置信度: 0.938                                         
最近距离: 4.206 m                                         
相交面积: 73546.000                                         
相交比例: 0.832                                         
物体类型: person                                         
最终耗时: 168.642 ms 
2026-09-11 00:04:16.663 | INFO     | _send_fused_det_msg:762 - 
Publish detect message                
area: 3                 
device: ['C18']                 
distance: 4.20589944996091                 
distance_camera: 4.20589944996091                 
distance_lidar: 6.184250728654013                 
has_object: True                 
has_person: True                 
zone1: False                 
zone2: True
2026-09-11 00:04:16.771 | INFO     | _send_fused_det_msg:762 - 
Publish detect message                
area: 3                 
device: ['C18']                 
distance: 4.20589944996091                 
distance_camera: 4.20589944996091                 
distance_lidar: 6.184250728654013                 
has_object: True                 
has_person: True                 
zone1: False                 
zone2: True
2026-09-11 00:04:16.844 | INFO     | _send_fused_det_msg:762 - 
Publish detect message                
area: 3                 
device: ['C18']                 
distance: 4.20589944996091                 
distance_camera: 4.20589944996091                 
distance_lidar: 6.184250728654013                 
has_object: True                 
has_person: True                 
zone1: False                 
zone2: True
2026-09-11 00:04:16.849 | INFO     | _save_collision_detect_data:889 - 保存防撞检测进入点云: /2026-09-11/algl_gantry_collision_detect_package/zone2/10/20260911_000416.pcd
2026-09-11 00:04:16.850 | INFO     | _save_detect_data:818 - 设备10进入区域3的zone2，保存进入数据
2026-09-11 00:04:16.850 | WARNING  | _lidar_callback:367 - lidar 10 det distance 5.330058701126953 area 3
2026-09-11 00:04:16.851 | INFO     | _send_fused_det_msg:762 - 
Publish detect message                
area: 3                 
device: ['C18']                 
distance: 4.20589944996091                 
distance_camera: 4.20589944996091                 
distance_lidar: 5.330058701126953                 
has_object: True                 
has_person: True                 
zone1: False                 
zone2: True
2026-09-11 00:04:16.889 | INFO     | _get_distance:432 - 【gantry_collision】float(3.4785403755782155e-12)*1733**4 + float(-2.992194721400016e-08)*1733**3 + float(9.487611627735373e-05)*1733**2 + float(-0.1361799689501247)*1733 + float(79.4357976549663)
2026-09-11 00:04:16.905 | INFO     | _send_fused_det_msg:762 - 
Publish detect message                
area: 3                 
device: ['C18']                 
distance: 4.017100580627485                 
distance_camera: 4.017100580627485                 
distance_lidar: 5.330058701126953                 
has_object: True                 
has_person: True                 
zone1: False                 
zone2: True
2026-09-11 00:04:16.912 | WARNING  | _action_collision_callback:330 - 
相机综合检测结果                                         
设备ID: C18                                         
区域代码: 3                                         
物体在区域内: True                                         
减速区域：False                                         
停止区域：True                                         
有物体: True                                         
有行人: True                                         
置信度: 0.938                                         
最近距离: 4.017 m                                         
相交面积: 79103.000                                         
相交比例: 0.984                                         
物体类型: person                                         
最终耗时: 272.496 ms 
2026-09-11 00:04:16.937 | INFO     | _send_fused_det_msg:762 - 
Publish detect message                
area: 3                 
device: ['C18']                 
distance: 4.017100580627485                 
distance_camera: 4.017100580627485                 
distance_lidar: 5.330058701126953                 
has_object: True                 
has_person: True                 
zone1: False                 
zone2: True
2026-09-11 00:04:17.011 | INFO     | _get_distance:432 - 【gantry_collision】float(3.4785403755782155e-12)*1729**4 + float(-2.992194721400016e-08)*1729**3 + float(9.487611627735373e-05)*1729**2 + float(-0.1361799689501247)*1729 + float(79.4357976549663)
2026-09-11 00:04:17.013 | INFO     | _send_fused_det_msg:762 - 
Publish detect message                
area: 3                 
device: ['C18']                 
distance: 4.0351851842705315                 
distance_camera: 4.0351851842705315                 
distance_lidar: 5.330058701126953                 
has_object: True                 
has_person: True                 
zone1: False                 
zone2: True
2026-09-11 00:04:17.014 | WARNING  | _action_collision_callback:330 - 
相机综合检测结果                                         
设备ID: C18                                         
区域代码: 3                                         
物体在区域内: True                                         
减速区域：False                                         
停止区域：True                                         
有物体: True                                         
有行人: True                                         
置信度: 0.952                                         
最近距离: 4.035 m                                         
相交面积: 69504.000                                         
相交比例: 1.000                                         
物体类型: person                                         
最终耗时: 212.524 ms 
2026-09-11 00:04:17.033 | INFO     | _send_fused_det_msg:762 - 
Publish detect message                
area: 3                 
device: ['C18']                 
distance: 4.0351851842705315                 
distance_camera: 4.0351851842705315                 
distance_lidar: 5.330058701126953                 
has_object: True                 
has_person: True                 
zone1: False                 
zone2: True
2026-09-11 00:04:17.126 | INFO     | _send_fused_det_msg:762 - 
Publish detect message                
area: 3                 
device: ['C18']                 
distance: 4.0351851842705315                 
distance_camera: 4.0351851842705315                 
distance_lidar: 5.330058701126953                 
has_object: True                 
has_person: True                 
zone1: False                 
zone2: True
2026-09-11 00:04:17.217 | WARNING  | _lidar_callback:367 - lidar 10 det distance 4.514969826667967 area 3
2026-09-11 00:04:17.219 | INFO     | _get_distance:432 - 【gantry_collision】float(3.4785403755782155e-12)*1688**4 + float(-2.992194721400016e-08)*1688**3 + float(9.487611627735373e-05)*1688**2 + float(-0.1361799689501247)*1688 + float(79.4357976549663)
2026-09-11 00:04:17.224 | INFO     | _send_fused_det_msg:762 - 
Publish detect message                
area: 3                 
device: ['C18']                 
distance: 4.0351851842705315                 
distance_camera: 4.0351851842705315                 
distance_lidar: 4.514969826667967                 
has_object: True                 
has_person: True                 
zone1: False                 
zone2: True
2026-09-11 00:04:17.237 | INFO     | _send_fused_det_msg:762 - 
Publish detect message                
area: 3                 
device: ['C18']                 
distance: 4.224771217591396                 
distance_camera: 4.224771217591396                 
distance_lidar: 4.514969826667967                 
has_object: True                 
has_person: True                 
zone1: False                 
zone2: True
2026-09-11 00:04:17.248 | WARNING  | _action_collision_callback:330 - 
相机综合检测结果                                         
设备ID: C18                                         
区域代码: 3                                         
物体在区域内: True                                         
减速区域：False                                         
停止区域：True                                         
有物体: True                                         
有行人: True                                         
置信度: 0.903                                         
最近距离: 4.225 m                                         
相交面积: 48594.000                                         
相交比例: 1.000                                         
物体类型: person                                         
最终耗时: 260.316 ms 
2026-09-11 00:04:17.251 | INFO     | _send_fused_det_msg:762 - 
Publish detect message                
area: 3                 
device: ['C18']                 
distance: 4.224771217591396                 
distance_camera: 4.224771217591396                 
distance_lidar: 4.514969826667967                 
has_object: True                 
has_person: True                 
zone1: False                 
zone2: True
2026-09-11 00:04:17.350 | INFO     | _get_distance:432 - 【gantry_collision】float(3.4785403755782155e-12)*1861**4 + float(-2.992194721400016e-08)*1861**3 + float(9.487611627735373e-05)*1861**2 + float(-0.1361799689501247)*1861 + float(79.4357976549663)
2026-09-11 00:04:17.355 | INFO     | _send_fused_det_msg:762 - 
Publish detect message                
area: 3                 
device: ['C18']                 
distance: 3.460852653501533                 
distance_camera: 3.460852653501533                 
distance_lidar: 4.514969826667967                 
has_object: True                 
has_person: True                 
zone1: False                 
zone2: True
2026-09-11 00:04:17.357 | WARNING  | _action_collision_callback:330 - 
相机综合检测结果                                         
设备ID: C18                                         
区域代码: 3                                         
物体在区域内: True                                         
减速区域：False                                         
停止区域：True                                         
有物体: True                                         
有行人: True                                         
置信度: 0.933                                         
最近距离: 3.461 m                                         
相交面积: 75576.000                                         
相交比例: 1.000                                         
物体类型: person                                         
最终耗时: 200.121 ms 
2026-09-11 00:04:17.370 | INFO     | _send_fused_det_msg:762 - 
Publish detect message                
area: 3                 
device: ['C18']                 
distance: 3.460852653501533                 
distance_camera: 3.460852653501533                 
distance_lidar: 4.514969826667967                 
has_object: True                 
has_person: True                 
zone1: False                 
zone2: True
2026-09-11 00:04:17.449 | INFO     | _send_fused_det_msg:762 - 
Publish detect message                
area: 3                 
device: ['C18']                 
distance: 3.460852653501533                 
distance_camera: 3.460852653501533                 
distance_lidar: 4.514969826667967                 
has_object: True                 
has_person: True                 
zone1: False                 
zone2: True
2026-09-11 00:04:17.506 | INFO     | _get_distance:432 - 【gantry_collision】float(3.4785403755782155e-12)*1896**4 + float(-2.992194721400016e-08)*1896**3 + float(9.487611627735373e-05)*1896**2 + float(-0.1361799689501247)*1896 + float(79.4357976549663)
2026-09-11 00:04:17.510 | INFO     | _send_fused_det_msg:762 - 
Publish detect message                
area: 3                 
device: ['C18']                 
distance: 3.311754108599999                 
distance_camera: 3.311754108599999                 
distance_lidar: 4.514969826667967                 
has_object: True                 
has_person: True                 
zone1: False                 
zone2: True
2026-09-11 00:04:17.510 | WARNING  | _action_collision_callback:330 - 
相机综合检测结果                                         
设备ID: C18                                         
区域代码: 3                                         
物体在区域内: True                                         
减速区域：False                                         
停止区域：True                                         
有物体: True                                         
有行人: True                                         
置信度: 0.935                                         
最近距离: 3.312 m                                         
相交面积: 89022.000                                         
相交比例: 1.000                                         
物体类型: person                                         
最终耗时: 189.719 ms 
2026-09-11 00:04:17.523 | INFO     | _send_fused_det_msg:762 - 
Publish detect message                
area: 3                 
device: ['C18']                 
distance: 3.311754108599999                 
distance_camera: 3.311754108599999                 
distance_lidar: 4.514969826667967                 
has_object: True                 
has_person: True                 
zone1: False                 
zone2: True
2026-09-11 00:04:17.610 | INFO     | _send_fused_det_msg:762 - 
Publish detect message                
area: 3                 
device: ['C18']                 
distance: 3.311754108599999                 
distance_camera: 3.311754108599999                 
distance_lidar: 4.514969826667967                 
has_object: True                 
has_person: True                 
zone1: False                 
zone2: True
2026-09-11 00:04:17.671 | INFO     | _get_distance:432 - 【gantry_collision】float(3.4785403755782155e-12)*1989**4 + float(-2.992194721400016e-08)*1989**3 + float(9.487611627735373e-05)*1989**2 + float(-0.1361799689501247)*1989 + float(79.4357976549663)
2026-09-11 00:04:17.673 | INFO     | _send_fused_det_msg:762 - 
Publish detect message                
area: 3                 
device: ['C18']                 
distance: 2.9099357188602397                 
distance_camera: 2.9099357188602397                 
distance_lidar: 4.514969826667967                 
has_object: True                 
has_person: True                 
zone1: False                 
zone2: True
2026-09-11 00:04:17.674 | WARNING  | _action_collision_callback:330 - 
相机综合检测结果                                         
设备ID: C18                                         
区域代码: 3                                         
物体在区域内: True                                         
减速区域：False                                         
停止区域：True                                         
有物体: True                                         
有行人: True                                         
置信度: 0.946                                         
最近距离: 2.910 m                                         
相交面积: 111101.000                                         
相交比例: 1.000                                         
物体类型: person                                         
最终耗时: 283.156 ms 
2026-09-11 00:04:17.723 | INFO     | _send_fused_det_msg:762 - 
Publish detect message                
area: 3                 
device: ['C18']                 
distance: 2.9099357188602397                 
distance_camera: 2.9099357188602397                 
distance_lidar: 4.514969826667967                 
has_object: True                 
has_person: True                 
zone1: False                 
zone2: True
2026-09-11 00:04:17.789 | WARNING  | _lidar_callback:367 - lidar 10 det distance 4.003365654274828 area 3
2026-09-11 00:04:17.790 | INFO     | _send_fused_det_msg:762 - 
Publish detect message                
area: 3                 
device: ['C18']                 
distance: 2.9099357188602397                 
distance_camera: 2.9099357188602397                 
distance_lidar: 4.003365654274828                 
has_object: True                 
has_person: True                 
zone1: False                 
zone2: True
2026-09-11 00:04:17.817 | INFO     | _send_fused_det_msg:762 - 
Publish detect message                
area: 3                 
device: ['C18']                 
distance: 2.9099357188602397                 
distance_camera: 2.9099357188602397                 
distance_lidar: 4.003365654274828                 
has_object: True                 
has_person: True                 
zone1: False                 
zone2: True
2026-09-11 00:04:17.856 | INFO     | _get_distance:432 - 【gantry_collision】float(3.4785403755782155e-12)*2053**4 + float(-2.992194721400016e-08)*2053**3 + float(9.487611627735373e-05)*2053**2 + float(-0.1361799689501247)*2053 + float(79.4357976549663)
2026-09-11 00:04:17.859 | INFO     | _send_fused_det_msg:762 - 
Publish detect message                
area: 3                 
device: ['C18']                 
distance: 2.623265051804495                 
distance_camera: 2.623265051804495                 
distance_lidar: 4.003365654274828                 
has_object: True                 
has_person: True                 
zone1: False                 
zone2: True
2026-09-11 00:04:17.859 | WARNING  | _action_collision_callback:330 - 
相机综合检测结果                                         
设备ID: C18                                         
区域代码: 3                                         
物体在区域内: True                                         
减速区域：False                                         
停止区域：True                                         
有物体: True                                         
有行人: True                                         
置信度: 0.958                                         
最近距离: 2.623 m                                         
相交面积: 108120.000                                         
相交比例: 1.000                                         
物体类型: person                                         
最终耗时: 225.437 ms 
2026-09-11 00:04:17.933 | INFO     | _send_fused_det_msg:762 - 
Publish detect message                
area: 3                 
device: ['C18']                 
distance: 2.623265051804495                 
distance_camera: 2.623265051804495                 
distance_lidar: 4.003365654274828                 
has_object: True                 
has_person: True                 
zone1: False                 
zone2: True
2026-09-11 00:04:18.001 | INFO     | _send_fused_det_msg:762 - 
Publish detect message                
area: 3                 
device: ['C18']                 
distance: 2.623265051804495                 
distance_camera: 2.623265051804495                 
distance_lidar: 4.003365654274828                 
has_object: True                 
has_person: True                 
zone1: False                 
zone2: True
2026-09-11 00:04:18.010 | INFO     | _get_distance:432 - 【gantry_collision】float(3.4785403755782155e-12)*2048**4 + float(-2.992194721400016e-08)*2048**3 + float(9.487611627735373e-05)*2048**2 + float(-0.1361799689501247)*2048 + float(79.4357976549663)
2026-09-11 00:04:18.012 | INFO     | _send_fused_det_msg:762 - 
Publish detect message                
area: 3                 
device: ['C18']                 
distance: 2.6460552683274017                 
distance_camera: 2.6460552683274017                 
distance_lidar: 4.003365654274828                 
has_object: True                 
has_person: True                 
zone1: False                 
zone2: True
2026-09-11 00:04:18.013 | WARNING  | _action_collision_callback:330 - 
相机综合检测结果                                         
设备ID: C18                                         
区域代码: 3                                         
物体在区域内: True                                         
减速区域：False                                         
停止区域：True                                         
有物体: True                                         
有行人: True                                         
置信度: 0.941                                         
最近距离: 2.646 m                                         
相交面积: 75602.000                                         
相交比例: 1.000                                         
物体类型: person                                         
最终耗时: 217.582 ms 
2026-09-11 00:04:18.060 | INFO     | _send_fused_det_msg:762 - 
Publish detect message                
area: 3                 
device: ['C18']                 
distance: 2.6460552683274017                 
distance_camera: 2.6460552683274017                 
distance_lidar: 4.003365654274828                 
has_object: True                 
has_person: True                 
zone1: False                 
zone2: True
2026-09-11 00:04:18.140 | INFO     | _send_fused_det_msg:762 - 
Publish detect message                
area: 3                 
device: ['C18']                 
distance: 2.6460552683274017                 
distance_camera: 2.6460552683274017                 
distance_lidar: 4.003365654274828                 
has_object: True                 
has_person: True                 
zone1: False                 
zone2: True
2026-09-11 00:04:18.161 | INFO     | _get_distance:432 - 【gantry_collision】float(3.4785403755782155e-12)*2065**4 + float(-2.992194721400016e-08)*2065**3 + float(9.487611627735373e-05)*2065**2 + float(-0.1361799689501247)*2065 + float(79.4357976549663)
2026-09-11 00:04:18.164 | INFO     | _send_fused_det_msg:762 - 
Publish detect message                
area: 3                 
device: ['C18']                 
distance: 2.5682719220701955                 
distance_camera: 2.5682719220701955                 
distance_lidar: 4.003365654274828                 
has_object: True                 
has_person: True                 
zone1: False                 
zone2: True
2026-09-11 00:04:18.164 | WARNING  | _action_collision_callback:330 - 
相机综合检测结果                                         
设备ID: C18                                         
区域代码: 3                                         
物体在区域内: True                                         
减速区域：False                                         
停止区域：True                                         
有物体: True                                         
有行人: True                                         
置信度: 0.942                                         
最近距离: 2.568 m                                         
相交面积: 76053.000                                         
相交比例: 1.000                                         
物体类型: person                                         
最终耗时: 208.572 ms 
2026-09-11 00:04:18.182 | WARNING  | _lidar_callback:367 - lidar 10 det distance 2.7623870037659026 area 3
2026-09-11 00:04:18.187 | INFO     | _send_fused_det_msg:762 - 
Publish detect message                
area: 3                 
device: ['C18']                 
distance: 2.5682719220701955                 
distance_camera: 2.5682719220701955                 
distance_lidar: 2.7623870037659026                 
has_object: True                 
has_person: True                 
zone1: False                 
zone2: True
2026-09-11 00:04:18.293 | INFO     | _send_fused_det_msg:762 - 
Publish detect message                
area: 3                 
device: ['C18']                 
distance: 2.5682719220701955                 
distance_camera: 2.5682719220701955                 
distance_lidar: 2.7623870037659026                 
has_object: True                 
has_person: True                 
zone1: False                 
zone2: True
2026-09-11 00:04:18.309 | INFO     | _send_fused_det_msg:762 - 
Publish detect message                
area: 3                 
device: ['C18']                 
distance: 2.5682719220701955                 
distance_camera: 2.5682719220701955                 
distance_lidar: 2.7623870037659026                 
has_object: True                 
has_person: True                 
zone1: False                 
zone2: True
2026-09-11 00:04:18.338 | INFO     | _get_distance:432 - 【gantry_collision】float(3.4785403755782155e-12)*2201**4 + float(-2.992194721400016e-08)*2201**3 + float(9.487611627735373e-05)*2201**2 + float(-0.1361799689501247)*2201 + float(79.4357976549663)
2026-09-11 00:04:18.340 | INFO     | _send_fused_det_msg:762 - 
Publish detect message                
area: 3                 
device: ['C18']                 
distance: 1.9132349041247636                 
distance_camera: 1.9132349041247636                 
distance_lidar: 2.7623870037659026                 
has_object: True                 
has_person: True                 
zone1: False                 
zone2: True
2026-09-11 00:04:18.340 | WARNING  | _action_collision_callback:330 - 
相机综合检测结果                                         
设备ID: C18                                         
区域代码: 3                                         
物体在区域内: True                                         
减速区域：False                                         
停止区域：True                                         
有物体: True                                         
有行人: True                                         
置信度: 0.940                                         
最近距离: 1.913 m                                         
相交面积: 111156.000                                         
相交比例: 0.978                                         
物体类型: person                                         
最终耗时: 258.160 ms 
2026-09-11 00:04:18.437 | WARNING  | _lidar_callback:367 - lidar 10 det distance 2.508072213157973 area 3
2026-09-11 00:04:18.543 | INFO     | _send_fused_det_msg:762 - 
Publish detect message                
area: 3                 
device: ['C18']                 
distance: 1.9132349041247636                 
distance_camera: 1.9132349041247636                 
distance_lidar: 2.508072213157973                 
has_object: True                 
has_person: True                 
zone1: False                 
zone2: True
2026-09-11 00:04:18.551 | INFO     | _send_fused_det_msg:762 - 
Publish detect message                
area: 3                 
device: ['C18']                 
distance: 1.9132349041247636                 
distance_camera: 1.9132349041247636                 
distance_lidar: 2.508072213157973                 
has_object: True                 
has_person: True                 
zone1: False                 
zone2: True
2026-09-11 00:04:18.627 | INFO     | _get_distance:432 - 【gantry_collision】float(3.4785403755782155e-12)*2201**4 + float(-2.992194721400016e-08)*2201**3 + float(9.487611627735373e-05)*2201**2 + float(-0.1361799689501247)*2201 + float(79.4357976549663)
2026-09-11 00:04:18.629 | INFO     | _send_fused_det_msg:762 - 
Publish detect message                
area: 3                 
device: ['C18']                 
distance: 1.9132349041247636                 
distance_camera: 1.9132349041247636                 
distance_lidar: 2.508072213157973                 
has_object: True                 
has_person: True                 
zone1: False                 
zone2: True
2026-09-11 00:04:18.720 | WARNING  | _action_collision_callback:330 - 
相机综合检测结果                                         
设备ID: C18                                         
区域代码: 3                                         
物体在区域内: True                                         
减速区域：False                                         
停止区域：True                                         
有物体: True                                         
有行人: True                                         
置信度: 0.955                                         
最近距离: 1.913 m                                         
相交面积: 66920.000                                         
相交比例: 0.804                                         
物体类型: person                                         
最终耗时: 464.514 ms 
2026-09-11 00:04:18.876 | INFO     | _send_fused_det_msg:762 - 
Publish detect message                
area: 3                 
device: ['C18']                 
distance: 1.9132349041247636                 
distance_camera: 1.9132349041247636                 
distance_lidar: 2.508072213157973                 
has_object: True                 
has_person: True                 
zone1: False                 
zone2: True
2026-09-11 00:04:18.898 | INFO     | _get_distance:432 - 【gantry_collision】float(3.4785403755782155e-12)*2407**4 + float(-2.992194721400016e-08)*2407**3 + float(9.487611627735373e-05)*2407**2 + float(-0.1361799689501247)*2407 + float(79.4357976549663)
2026-09-11 00:04:18.902 | INFO     | _send_fused_det_msg:762 - 
Publish detect message                
area: 3                 
device: ['C18']                 
distance: 0.8205737455845252                 
distance_camera: 0.8205737455845252                 
distance_lidar: 2.508072213157973                 
has_object: True                 
has_person: True                 
zone1: False                 
zone2: True
2026-09-11 00:04:18.904 | WARNING  | _action_collision_callback:330 - 
相机综合检测结果                                         
设备ID: C18                                         
区域代码: 3                                         
物体在区域内: True                                         
减速区域：False                                         
停止区域：True                                         
有物体: True                                         
有行人: True                                         
置信度: 0.955                                         
最近距离: 0.821 m                                         
相交面积: 82874.000                                         
相交比例: 0.737                                         
物体类型: person                                         
最终耗时: 463.227 ms 
2026-09-11 00:04:19.063 | INFO     | _get_distance:432 - 【gantry_collision】float(3.4785403755782155e-12)*2419**4 + float(-2.992194721400016e-08)*2419**3 + float(9.487611627735373e-05)*2419**2 + float(-0.1361799689501247)*2419 + float(79.4357976549663)
2026-09-11 00:04:19.066 | INFO     | _send_fused_det_msg:762 - 
Publish detect message                
area: 3                 
device: ['C18']                 
distance: 0.7547717464847921                 
distance_camera: 0.7547717464847921                 
distance_lidar: 2.508072213157973                 
has_object: True                 
has_person: True                 
zone1: False                 
zone2: True
2026-09-11 00:04:19.067 | WARNING  | _action_collision_callback:330 - 
相机综合检测结果                                         
设备ID: C18                                         
区域代码: 3                                         
物体在区域内: True                                         
减速区域：False                                         
停止区域：True                                         
有物体: True                                         
有行人: True                                         
置信度: 0.949                                         
最近距离: 0.755 m                                         
相交面积: 30898.000                                         
相交比例: 0.485                                         
物体类型: person                                         
最终耗时: 329.796 ms 
2026-09-11 00:04:19.104 | INFO     | _send_fused_det_msg:762 - 
Publish detect message                
area: 3                 
device: ['C18']                 
distance: 0.7547717464847921                 
distance_camera: 0.7547717464847921                 
distance_lidar: 2.508072213157973                 
has_object: True                 
has_person: True                 
zone1: False                 
zone2: True
2026-09-11 00:04:19.186 | INFO     | _send_fused_det_msg:762 - 
Publish detect message                
area: 3                 
device: ['C18']                 
distance: 0.7547717464847921                 
distance_camera: 0.7547717464847921                 
distance_lidar: 2.508072213157973                 
has_object: True                 
has_person: True                 
zone1: False                 
zone2: True
2026-09-11 00:04:19.188 | WARNING  | _lidar_callback:367 - lidar 10 det distance 1.7808385955556663 area 3
2026-09-11 00:04:19.197 | INFO     | _send_fused_det_msg:762 - 
Publish detect message                
area: 3                 
device: ['C18']                 
distance: 0.7547717464847921                 
distance_camera: 0.7547717464847921                 
distance_lidar: 1.7808385955556663                 
has_object: True                 
has_person: True                 
zone1: False                 
zone2: True
2026-09-11 00:04:19.196 | INFO     | _get_distance:432 - 【gantry_collision】float(3.4785403755782155e-12)*2523**4 + float(-2.992194721400016e-08)*2523**3 + float(9.487611627735373e-05)*2523**2 + float(-0.1361799689501247)*2523 + float(79.4357976549663)
2026-09-11 00:04:19.200 | INFO     | _send_fused_det_msg:762 - 
Publish detect message                
area: 3                 
device: ['C18']                 
distance: 0.18737618703944747                 
distance_camera: 0.18737618703944747                 
distance_lidar: 1.7808385955556663                 
has_object: True                 
has_person: True                 
zone1: False                 
zone2: True
2026-09-11 00:04:19.200 | WARNING  | _action_collision_callback:330 - 
相机综合检测结果                                         
设备ID: C18                                         
区域代码: 3                                         
物体在区域内: True                                         
减速区域：False                                         
停止区域：True                                         
有物体: True                                         
有行人: True                                         
置信度: 0.929                                         
最近距离: 0.187 m                                         
相交面积: 19799.000                                         
相交比例: 0.274                                         
物体类型: person                                         
最终耗时: 290.421 ms 
2026-09-11 00:04:19.263 | INFO     | _send_fused_det_msg:762 - 
Publish detect message                
area: 3                 
device: ['C18']                 
distance: 0.18737618703944747                 
distance_camera: 0.18737618703944747                 
distance_lidar: 1.7808385955556663                 
has_object: True                 
has_person: True                 
zone1: False                 
zone2: True
2026-09-11 00:04:19.441 | INFO     | _send_fused_det_msg:762 - 
Publish detect message                
area: 3                 
device: ['C18']                 
distance: 0.18737618703944747                 
distance_camera: 0.18737618703944747                 
distance_lidar: 1.7808385955556663                 
has_object: True                 
has_person: True                 
zone1: False                 
zone2: True
2026-09-11 00:04:19.459 | WARNING  | _lidar_callback:367 - lidar 10 det distance 1.7808385955556663 area 3
2026-09-11 00:04:19.461 | INFO     | _send_fused_det_msg:762 - 
Publish detect message                
area: 3                 
device: ['C18']                 
distance: 0.18737618703944747                 
distance_camera: 0.18737618703944747                 
distance_lidar: 1.7808385955556663                 
has_object: True                 
has_person: True                 
zone1: False                 
zone2: True
2026-09-11 00:04:19.524 | INFO     | _send_fused_det_msg:762 - 
Publish detect message                
area: 3                 
device: ['C18']                 
distance: 0.18737618703944747                 
distance_camera: 0.18737618703944747                 
distance_lidar: 1.7808385955556663                 
has_object: True                 
has_person: True                 
zone1: False                 
zone2: True
2026-09-11 00:04:19.557 | INFO     | _send_fused_det_msg:762 - 
Publish detect message                
area: 3                 
device: ['C18']                 
distance: 0.18737618703944747                 
distance_camera: 0.18737618703944747                 
distance_lidar: 1.7808385955556663                 
has_object: True                 
has_person: True                 
zone1: False                 
zone2: True
2026-09-11 00:04:19.661 | INFO     | _send_fused_det_msg:762 - 
Publish detect message                
area: 3                 
device: ['C18']                 
distance: 0.18737618703944747                 
distance_camera: 0.18737618703944747                 
distance_lidar: 1.7808385955556663                 
has_object: True                 
has_person: True                 
zone1: False                 
zone2: True
2026-09-11 00:04:19.708 | INFO     | _send_fused_det_msg:762 - 
Publish detect message                
area: 3                 
device: ['C18']                 
distance: 0.18737618703944747                 
distance_camera: 0.18737618703944747                 
distance_lidar: 1.7808385955556663                 
has_object: True                 
has_person: True                 
zone1: False                 
zone2: True
2026-09-11 00:04:19.791 | INFO     | _send_fused_det_msg:762 - 
Publish detect message                
area: 3                 
device: ['C18']                 
distance: 0.18737618703944747                 
distance_camera: 0.18737618703944747                 
distance_lidar: 1.7808385955556663                 
has_object: True                 
has_person: True                 
zone1: False                 
zone2: True
2026-09-11 00:04:19.852 | WARNING  | _lidar_callback:367 - lidar 10 det distance 1.7808385955556663 area 3
2026-09-11 00:04:19.854 | INFO     | _send_fused_det_msg:762 - 
Publish detect message                
area: 3                 
device: ['C18']                 
distance: 0.18737618703944747                 
distance_camera: 0.18737618703944747                 
distance_lidar: 1.7808385955556663                 
has_object: True                 
has_person: True                 
zone1: False                 
zone2: True
2026-09-11 00:04:19.873 | INFO     | _send_fused_det_msg:762 - 
Publish detect message                
area: 3                 
device: ['C18']                 
distance: 0.18737618703944747                 
distance_camera: 0.18737618703944747                 
distance_lidar: 1.7808385955556663                 
has_object: True                 
has_person: True                 
zone1: False                 
zone2: True
2026-09-11 00:04:19.958 | INFO     | _send_fused_det_msg:762 - 
Publish detect message                
area: 3                 
device: ['C18']                 
distance: 0.18737618703944747                 
distance_camera: 0.18737618703944747                 
distance_lidar: 1.7808385955556663                 
has_object: True                 
has_person: True                 
zone1: False                 
zone2: True
2026-09-11 00:04:20.058 | INFO     | _send_fused_det_msg:762 - 
Publish detect message                
area: 3                 
device: ['C18']                 
distance: 0.18737618703944747                 
distance_camera: 0.18737618703944747                 
distance_lidar: 1.7808385955556663                 
has_object: True                 
has_person: True                 
zone1: False                 
zone2: True
2026-09-11 00:04:20.072 | INFO     | _send_fused_det_msg:762 - 
Publish detect message                
area: 3                 
device: ['C18']                 
distance: 0.18737618703944747                 
distance_camera: 0.18737618703944747                 
distance_lidar: 1.7808385955556663                 
has_object: True                 
has_person: True                 
zone1: False                 
zone2: True
2026-09-11 00:04:20.172 | INFO     | _send_fused_det_msg:762 - 
Publish detect message                
area: 3                 
device: ['C18']                 
distance: 0.18737618703944747                 
distance_camera: 0.18737618703944747                 
distance_lidar: 1.7808385955556663                 
has_object: True                 
has_person: True                 
zone1: False                 
zone2: True
2026-09-11 00:04:20.203 | INFO     | _send_fused_det_msg:762 - 
Publish detect message                
area: 3                 
device: ['C18']                 
distance: 0.18737618703944747                 
distance_camera: 0.18737618703944747                 
distance_lidar: 1.7808385955556663                 
has_object: True                 
has_person: True                 
zone1: False                 
zone2: True
2026-09-11 00:04:20.254 | WARNING  | _lidar_callback:367 - lidar 10 det distance 1.7808385955556663 area 3
2026-09-11 00:04:20.255 | INFO     | _send_fused_det_msg:762 - 
Publish detect message                
area: 3                 
device: ['C18']                 
distance: 0.18737618703944747                 
distance_camera: 0.18737618703944747                 
distance_lidar: 1.7808385955556663                 
has_object: True                 
has_person: True                 
zone1: False                 
zone2: True
2026-09-11 00:04:20.297 | INFO     | _send_fused_det_msg:762 - 
Publish detect message                
area: 3                 
device: ['C18']                 
distance: 0.18737618703944747                 
distance_camera: 0.18737618703944747                 
distance_lidar: 1.7808385955556663                 
has_object: True                 
has_person: True                 
zone1: False                 
zone2: True
2026-09-11 00:04:20.389 | INFO     | _send_fused_det_msg:762 - 
Publish detect message                
area: 3                 
device: ['C18']                 
distance: 0.18737618703944747                 
distance_camera: 0.18737618703944747                 
distance_lidar: 1.7808385955556663                 
has_object: True                 
has_person: True                 
zone1: False                 
zone2: True
2026-09-11 00:04:20.391 | INFO     | _send_fused_det_msg:762 - 
Publish detect message                
area: 3                 
device: ['C18']                 
distance: 0.18737618703944747                 
distance_camera: 0.18737618703944747                 
distance_lidar: 1.7808385955556663                 
has_object: True                 
has_person: True                 
zone1: False                 
zone2: True
2026-09-11 00:04:20.461 | INFO     | _send_fused_det_msg:762 - 
Publish detect message                
area: 3                 
device: ['C18']                 
distance: 0.18737618703944747                 
distance_camera: 0.18737618703944747                 
distance_lidar: 1.7808385955556663                 
has_object: True                 
has_person: True                 
zone1: False                 
zone2: True
2026-09-11 00:04:20.505 | INFO     | _send_fused_det_msg:762 - 
Publish detect message                
area: 3                 
device: ['C18']                 
distance: 0.18737618703944747                 
distance_camera: 0.18737618703944747                 
distance_lidar: 1.7808385955556663                 
has_object: True                 
has_person: True                 
zone1: False                 
zone2: True
2026-09-11 00:04:20.565 | INFO     | _send_fused_det_msg:762 - 
Publish detect message                
area: 3                 
device: ['C18']                 
distance: 0.18737618703944747                 
distance_camera: 0.18737618703944747                 
distance_lidar: 1.7808385955556663                 
has_object: True                 
has_person: True                 
zone1: False                 
zone2: True
2026-09-11 00:04:20.567 | WARNING  | _lidar_callback:367 - lidar 10 det distance 1.5202369488140564 area 3
2026-09-11 00:04:20.568 | INFO     | _send_fused_det_msg:762 - 
Publish detect message                
area: 3                 
device: ['C18']                 
distance: 0.18737618703944747                 
distance_camera: 0.18737618703944747                 
distance_lidar: 1.5202369488140564                 
has_object: True                 
has_person: True                 
zone1: False                 
zone2: True
2026-09-11 00:04:20.664 | INFO     | _send_fused_det_msg:762 - 
Publish detect message                
area: 3                 
device: ['C18']                 
distance: 0.18737618703944747                 
distance_camera: 0.18737618703944747                 
distance_lidar: 1.5202369488140564                 
has_object: True                 
has_person: True                 
zone1: False                 
zone2: True
2026-09-11 00:04:20.674 | INFO     | _send_fused_det_msg:762 - 
Publish detect message                
area: 3                 
device: ['C18']                 
distance: 0.18737618703944747                 
distance_camera: 0.18737618703944747                 
distance_lidar: 1.5202369488140564                 
has_object: True                 
has_person: True                 
zone1: False                 
zone2: True
2026-09-11 00:04:20.764 | WARNING  | _lidar_callback:367 - lidar 10 det distance 1.5202369488140564 area 3
2026-09-11 00:04:20.767 | INFO     | _send_fused_det_msg:762 - 
Publish detect message                
area: 3                 
device: ['C18']                 
distance: 0.18737618703944747                 
distance_camera: 0.18737618703944747                 
distance_lidar: 1.5202369488140564                 
has_object: True                 
has_person: True                 
zone1: False                 
zone2: True
2026-09-11 00:04:20.779 | INFO     | _send_fused_det_msg:762 - 
Publish detect message                
area: 3                 
device: ['C18']                 
distance: 0.18737618703944747                 
distance_camera: 0.18737618703944747                 
distance_lidar: 1.5202369488140564                 
has_object: True                 
has_person: True                 
zone1: False                 
zone2: True
2026-09-11 00:04:20.798 | INFO     | _send_fused_det_msg:762 - 
Publish detect message                
area: 3                 
device: ['C18']                 
distance: 0.18737618703944747                 
distance_camera: 0.18737618703944747                 
distance_lidar: 1.5202369488140564                 
has_object: True                 
has_person: True                 
zone1: False                 
zone2: True
2026-09-11 00:04:20.916 | INFO     | _send_fused_det_msg:762 - 
Publish detect message                
area: 3                 
device: ['C18']                 
distance: 0.18737618703944747                 
distance_camera: 0.18737618703944747                 
distance_lidar: 1.5202369488140564                 
has_object: True                 
has_person: True                 
zone1: False                 
zone2: True
2026-09-11 00:04:20.956 | INFO     | _send_fused_det_msg:762 - 
Publish detect message                
area: 3                 
device: ['C18']                 
distance: 0.18737618703944747                 
distance_camera: 0.18737618703944747                 
distance_lidar: 1.5202369488140564                 
has_object: True                 
has_person: True                 
zone1: False                 
zone2: True
2026-09-11 00:04:21.086 | INFO     | _send_fused_det_msg:762 - 
Publish detect message                
area: 3                 
device: ['C18']                 
distance: 0.18737618703944747                 
distance_camera: 0.18737618703944747                 
distance_lidar: 1.5202369488140564                 
has_object: True                 
has_person: True                 
zone1: False                 
zone2: True
2026-09-11 00:04:21.114 | INFO     | _get_distance:432 - 【gantry_collision】float(3.4785403755782155e-12)*2524**4 + float(-2.992194721400016e-08)*2524**3 + float(9.487611627735373e-05)*2524**2 + float(-0.1361799689501247)*2524 + float(79.4357976549663)
2026-09-11 00:04:21.117 | INFO     | _send_fused_det_msg:762 - 
Publish detect message                
area: 3                 
device: ['C18']                 
distance: 0.1819999205767573                 
distance_camera: 0.1819999205767573                 
distance_lidar: 1.5202369488140564                 
has_object: True                 
has_person: True                 
zone1: False                 
zone2: True
2026-09-11 00:04:21.118 | WARNING  | _action_collision_callback:330 - 
相机综合检测结果                                         
设备ID: C18                                         
区域代码: 3                                         
物体在区域内: True                                         
减速区域：False                                         
停止区域：True                                         
有物体: True                                         
有行人: True                                         
置信度: 0.621                                         
最近距离: 0.182 m                                         
相交面积: 6895.000                                         
相交比例: 0.138                                         
物体类型: person                                         
最终耗时: 199.717 ms 
2026-09-11 00:04:21.211 | INFO     | _send_fused_det_msg:762 - 
Publish detect message                
area: 3                 
device: ['C18']                 
distance: 0.1819999205767573                 
distance_camera: 0.1819999205767573                 
distance_lidar: 1.5202369488140564                 
has_object: True                 
has_person: True                 
zone1: False                 
zone2: True
2026-09-11 00:04:21.225 | INFO     | _send_fused_det_msg:762 - 
Publish detect message                
area: 3                 
device: ['C18']                 
distance: 0.1819999205767573                 
distance_camera: 0.1819999205767573                 
distance_lidar: 1.5202369488140564                 
has_object: True                 
has_person: True                 
zone1: False                 
zone2: True
2026-09-11 00:04:21.278 | INFO     | _send_fused_det_msg:762 - 
Publish detect message                
area: 3                 
device: ['C18']                 
distance: 0.1819999205767573                 
distance_camera: 0.1819999205767573                 
distance_lidar: 1.5202369488140564                 
has_object: True                 
has_person: True                 
zone1: False                 
zone2: True
2026-09-11 00:04:21.372 | INFO     | _send_fused_det_msg:762 - 
Publish detect message                
area: 3                 
device: ['C18']                 
distance: 0.1819999205767573                 
distance_camera: 0.1819999205767573                 
distance_lidar: 1.5202369488140564                 
has_object: True                 
has_person: True                 
zone1: False                 
zone2: True
2026-09-11 00:04:21.415 | WARNING  | _lidar_callback:367 - lidar 10 det distance 0.9514112176641506 area 3
2026-09-11 00:04:21.418 | INFO     | _send_fused_det_msg:762 - 
Publish detect message                
area: 3                 
device: ['C18']                 
distance: 0.1819999205767573                 
distance_camera: 0.1819999205767573                 
distance_lidar: 0.9514112176641506                 
has_object: True                 
has_person: True                 
zone1: False                 
zone2: True
2026-09-11 00:04:21.504 | INFO     | _send_fused_det_msg:762 - 
Publish detect message                
area: 3                 
device: ['C18']                 
distance: 0.1819999205767573                 
distance_camera: 0.1819999205767573                 
distance_lidar: 0.9514112176641506                 
has_object: True                 
has_person: True                 
zone1: False                 
zone2: True
2026-09-11 00:04:21.522 | INFO     | _send_fused_det_msg:762 - 
Publish detect message                
area: 3                 
device: ['C18']                 
distance: 0.1819999205767573                 
distance_camera: 0.1819999205767573                 
distance_lidar: 0.9514112176641506                 
has_object: True                 
has_person: True                 
zone1: False                 
zone2: True
2026-09-11 00:04:21.603 | INFO     | _send_fused_det_msg:762 - 
Publish detect message                
area: 3                 
device: ['C18']                 
distance: 0.1819999205767573                 
distance_camera: 0.1819999205767573                 
distance_lidar: 0.9514112176641506                 
has_object: True                 
has_person: True                 
zone1: False                 
zone2: True
2026-09-11 00:04:21.818 | INFO     | _send_fused_det_msg:762 - 
Publish detect message                
area: 3                 
device: ['C18']                 
distance: 0.1819999205767573                 
distance_camera: 0.1819999205767573                 
distance_lidar: 0.9514112176641506                 
has_object: True                 
has_person: True                 
zone1: False                 
zone2: True
2026-09-11 00:04:21.851 | INFO     | _send_fused_det_msg:762 - 
Publish detect message                
area: 3                 
device: ['C18']                 
distance: 0.1819999205767573                 
distance_camera: 0.1819999205767573                 
distance_lidar: 0.9514112176641506                 
has_object: True                 
has_person: True                 
zone1: False                 
zone2: True
2026-09-11 00:04:21.860 | INFO     | _send_fused_det_msg:762 - 
Publish detect message                
area: 3                 
device: ['C18']                 
distance: 0.1819999205767573                 
distance_camera: 0.1819999205767573                 
distance_lidar: 0.9514112176641506                 
has_object: True                 
has_person: True                 
zone1: False                 
zone2: True
2026-09-11 00:04:21.910 | INFO     | _send_fused_det_msg:762 - 
Publish detect message                
area: 3                 
device: ['C18']                 
distance: 0.1819999205767573                 
distance_camera: 0.1819999205767573                 
distance_lidar: 0.9514112176641506                 
has_object: True                 
has_person: True                 
zone1: False                 
zone2: True
2026-09-11 00:04:21.938 | WARNING  | _lidar_callback:367 - lidar 10 det distance 0.9514112176641506 area 3
2026-09-11 00:04:21.945 | INFO     | _send_fused_det_msg:762 - 
Publish detect message                
area: 3                 
device: ['C18']                 
distance: 0.1819999205767573                 
distance_camera: 0.1819999205767573                 
distance_lidar: 0.9514112176641506                 
has_object: True                 
has_person: True                 
zone1: False                 
zone2: True
2026-09-11 00:04:21.973 | INFO     | _send_fused_det_msg:762 - 
Publish detect message                
area: 3                 
device: ['C18']                 
distance: 0.1819999205767573                 
distance_camera: 0.1819999205767573                 
distance_lidar: 0.9514112176641506                 
has_object: True                 
has_person: True                 
zone1: False                 
zone2: True
2026-09-11 00:04:22.139 | INFO     | _send_fused_det_msg:762 - 
Publish detect message                
area: 3                 
device: ['C18']                 
distance: 0.1819999205767573                 
distance_camera: 0.1819999205767573                 
distance_lidar: 0.9514112176641506                 
has_object: True                 
has_person: True                 
zone1: False                 
zone2: True
2026-09-11 00:04:22.147 | INFO     | _send_fused_det_msg:762 - 
Publish detect message                
area: 3                 
device: ['C18']                 
distance: 0.1819999205767573                 
distance_camera: 0.1819999205767573                 
distance_lidar: 0.9514112176641506                 
has_object: True                 
has_person: True                 
zone1: False                 
zone2: True
2026-09-11 00:04:22.172 | WARNING  | _lidar_callback:367 - lidar 10 det distance 0.9514112176641506 area 3
2026-09-11 00:04:22.181 | INFO     | _send_fused_det_msg:762 - 
Publish detect message                
area: 3                 
device: ['C18']                 
distance: 0.1819999205767573                 
distance_camera: 0.1819999205767573                 
distance_lidar: 0.9514112176641506                 
has_object: True                 
has_person: True                 
zone1: False                 
zone2: True
2026-09-11 00:04:22.189 | INFO     | _send_fused_det_msg:762 - 
Publish detect message                
area: 3                 
device: ['C18']                 
distance: 0.1819999205767573                 
distance_camera: 0.1819999205767573                 
distance_lidar: 0.9514112176641506                 
has_object: True                 
has_person: True                 
zone1: False                 
zone2: True
2026-09-11 00:04:22.294 | INFO     | _send_fused_det_msg:762 - 
Publish detect message                
area: 3                 
device: ['C18']                 
distance: 0.1819999205767573                 
distance_camera: 0.1819999205767573                 
distance_lidar: 0.9514112176641506                 
has_object: True                 
has_person: True                 
zone1: False                 
zone2: True
2026-09-11 00:04:22.338 | INFO     | _send_fused_det_msg:762 - 
Publish detect message                
area: 3                 
device: ['C18']                 
distance: 0.1819999205767573                 
distance_camera: 0.1819999205767573                 
distance_lidar: 0.9514112176641506                 
has_object: True                 
has_person: True                 
zone1: False                 
zone2: True
2026-09-11 00:04:22.442 | WARNING  | _lidar_callback:367 - lidar 10 det distance 0.9514112176641506 area 3
2026-09-11 00:04:22.445 | INFO     | _send_fused_det_msg:762 - 
Publish detect message                
area: 3                 
device: ['C18']                 
distance: 0.1819999205767573                 
distance_camera: 0.1819999205767573                 
distance_lidar: 0.9514112176641506                 
has_object: True                 
has_person: True                 
zone1: False                 
zone2: True
2026-09-11 00:04:22.447 | INFO     | _send_fused_det_msg:762 - 
Publish detect message                
area: 3                 
device: ['C18']                 
distance: 0.1819999205767573                 
distance_camera: 0.1819999205767573                 
distance_lidar: 0.9514112176641506                 
has_object: True                 
has_person: True                 
zone1: False                 
zone2: True
2026-09-11 00:04:22.515 | INFO     | _send_fused_det_msg:762 - 
Publish detect message                
area: 3                 
device: ['C18']                 
distance: 0.1819999205767573                 
distance_camera: 0.1819999205767573                 
distance_lidar: 0.9514112176641506                 
has_object: True                 
has_person: True                 
zone1: False                 
zone2: True
2026-09-11 00:04:22.572 | INFO     | _send_fused_det_msg:762 - 
Publish detect message                
area: 3                 
device: ['C18']                 
distance: 0.1819999205767573                 
distance_camera: 0.1819999205767573                 
distance_lidar: 0.9514112176641506                 
has_object: True                 
has_person: True                 
zone1: False                 
zone2: True
2026-09-11 00:04:22.671 | INFO     | _send_fused_det_msg:762 - 
Publish detect message                
area: 3                 
device: ['C18']                 
distance: 0.1819999205767573                 
distance_camera: 0.1819999205767573                 
distance_lidar: 0.9514112176641506                 
has_object: True                 
has_person: True                 
zone1: False                 
zone2: True
2026-09-11 00:04:22.705 | INFO     | _send_fused_det_msg:762 - 
Publish detect message                
area: 3                 
device: ['C18']                 
distance: 0.1819999205767573                 
distance_camera: 0.1819999205767573                 
distance_lidar: 0.9514112176641506                 
has_object: True                 
has_person: True                 
zone1: False                 
zone2: True
2026-09-11 00:04:22.822 | INFO     | _send_fused_det_msg:762 - 
Publish detect message                
area: 3                 
device: ['C18']                 
distance: 0.1819999205767573                 
distance_camera: 0.1819999205767573                 
distance_lidar: 0.9514112176641506                 
has_object: True                 
has_person: True                 
zone1: False                 
zone2: True
2026-09-11 00:04:22.838 | INFO     | _save_collision_detect_data:889 - 保存防撞检测离开点云: /2026-09-11/algl_gantry_collision_detect_package/zone2/10/20260911_000422_leave.pcd
2026-09-11 00:04:22.841 | INFO     | _save_detect_data:820 - 设备10离开区域3的zone2，保存离开数据
2026-09-11 00:04:22.843 | INFO     | _send_fused_det_msg:762 - 
Publish detect message                
area: 3                 
device: ['C18']                 
distance: 0.1819999205767573                 
distance_camera: 0.1819999205767573                 
distance_lidar: 9999.0                 
has_object: True                 
has_person: True                 
zone1: False                 
zone2: True
2026-09-11 00:04:22.848 | INFO     | _send_fused_det_msg:762 - 
Publish detect message                
area: 3                 
device: ['C18']                 
distance: 0.1819999205767573                 
distance_camera: 0.1819999205767573                 
distance_lidar: 9999.0                 
has_object: True                 
has_person: True                 
zone1: False                 
zone2: True
2026-09-11 00:04:22.900 | INFO     | _send_fused_det_msg:762 - 
Publish detect message                
area: 3                 
device: ['C18']                 
distance: 0.1819999205767573                 
distance_camera: 0.1819999205767573                 
distance_lidar: 9999.0                 
has_object: True                 
has_person: True                 
zone1: False                 
zone2: True
2026-09-11 00:04:23.001 | INFO     | _send_fused_det_msg:762 - 
Publish detect message                
area: 3                 
device: ['C18']                 
distance: 0.1819999205767573                 
distance_camera: 0.1819999205767573                 
distance_lidar: 9999.0                 
has_object: True                 
has_person: True                 
zone1: False                 
zone2: True
2026-09-11 00:04:23.006 | INFO     | _send_fused_det_msg:762 - 
Publish detect message                
area: 3                 
device: ['C18']                 
distance: 0.1819999205767573                 
distance_camera: 0.1819999205767573                 
distance_lidar: 9999.0                 
has_object: True                 
has_person: True                 
zone1: False                 
zone2: True
2026-09-11 00:04:23.136 | INFO     | _send_fused_det_msg:762 - 
Publish detect message                
area: 3                 
device: ['C18']                 
distance: 0.1819999205767573                 
distance_camera: 0.1819999205767573                 
distance_lidar: 9999.0                 
has_object: True                 
has_person: True                 
zone1: False                 
zone2: True
2026-09-11 00:04:23.176 | INFO     | _send_fused_det_msg:762 - 
Publish detect message                
area: 3                 
device: ['C18']                 
distance: 0.1819999205767573                 
distance_camera: 0.1819999205767573                 
distance_lidar: 9999.0                 
has_object: True                 
has_person: True                 
zone1: False                 
zone2: True
2026-09-11 00:04:23.205 | INFO     | _send_fused_det_msg:762 - 
Publish detect message                
area: 3                 
device: ['C18']                 
distance: 0.1819999205767573                 
distance_camera: 0.1819999205767573                 
distance_lidar: 9999.0                 
has_object: True                 
has_person: True                 
zone1: False                 
zone2: True
2026-09-11 00:04:23.262 | INFO     | _send_fused_det_msg:762 - 
Publish detect message                
area: 3                 
device: ['C18']                 
distance: 0.1819999205767573                 
distance_camera: 0.1819999205767573                 
distance_lidar: 9999.0                 
has_object: True                 
has_person: True                 
zone1: False                 
zone2: True
2026-09-11 00:04:23.359 | INFO     | _send_fused_det_msg:762 - 
Publish detect message                
area: 3                 
device: ['C18']                 
distance: 0.1819999205767573                 
distance_camera: 0.1819999205767573                 
distance_lidar: 9999.0                 
has_object: True                 
has_person: True                 
zone1: False                 
zone2: True
2026-09-11 00:04:23.381 | INFO     | _send_fused_det_msg:762 - 
Publish detect message                
area: 3                 
device: ['C18']                 
distance: 0.1819999205767573                 
distance_camera: 0.1819999205767573                 
distance_lidar: 9999.0                 
has_object: True                 
has_person: True                 
zone1: False                 
zone2: True
2026-09-11 00:04:23.524 | INFO     | _send_fused_det_msg:762 - 
Publish detect message                
area: 3                 
device: ['C18']                 
distance: 0.1819999205767573                 
distance_camera: 0.1819999205767573                 
distance_lidar: 9999.0                 
has_object: True                 
has_person: True                 
zone1: False                 
zone2: True
2026-09-11 00:04:23.565 | INFO     | _send_fused_det_msg:762 - 
Publish detect message                
area: 3                 
device: ['C18']                 
distance: 0.1819999205767573                 
distance_camera: 0.1819999205767573                 
distance_lidar: 9999.0                 
has_object: True                 
has_person: True                 
zone1: False                 
zone2: True
2026-09-11 00:04:23.607 | INFO     | _send_fused_det_msg:762 - 
Publish detect message                
area: 3                 
device: ['C18']                 
distance: 0.1819999205767573                 
distance_camera: 0.1819999205767573                 
distance_lidar: 9999.0                 
has_object: True                 
has_person: True                 
zone1: False                 
zone2: True
2026-09-11 00:04:23.660 | INFO     | _send_fused_det_msg:762 - 
Publish detect message                
area: 3                 
device: ['C18']                 
distance: 0.1819999205767573                 
distance_camera: 0.1819999205767573                 
distance_lidar: 9999.0                 
has_object: True                 
has_person: True                 
zone1: False                 
zone2: True
2026-09-11 00:04:23.716 | INFO     | _send_fused_det_msg:762 - 
Publish detect message                
area: 3                 
device: ['C18']                 
distance: 0.1819999205767573                 
distance_camera: 0.1819999205767573                 
distance_lidar: 9999.0                 
has_object: True                 
has_person: True                 
zone1: False                 
zone2: True
2026-09-11 00:04:23.747 | INFO     | _send_fused_det_msg:762 - 
Publish detect message                
area: 3                 
device: ['C18']                 
distance: 0.1819999205767573                 
distance_camera: 0.1819999205767573                 
distance_lidar: 9999.0                 
has_object: True                 
has_person: True                 
zone1: False                 
zone2: True
2026-09-11 00:04:23.799 | INFO     | _send_fused_det_msg:762 - 
Publish detect message                
area: 3                 
device: ['C18']                 
distance: 0.1819999205767573                 
distance_camera: 0.1819999205767573                 
distance_lidar: 9999.0                 
has_object: True                 
has_person: True                 
zone1: False                 
zone2: True
2026-09-11 00:04:23.885 | INFO     | _send_fused_det_msg:762 - 
Publish detect message                
area: 3                 
device: ['C18']                 
distance: 0.1819999205767573                 
distance_camera: 0.1819999205767573                 
distance_lidar: 9999.0                 
has_object: True                 
has_person: True                 
zone1: False                 
zone2: True
2026-09-11 00:04:23.899 | INFO     | _send_fused_det_msg:762 - 
Publish detect message                
area: 3                 
device: ['C18']                 
distance: 0.1819999205767573                 
distance_camera: 0.1819999205767573                 
distance_lidar: 9999.0                 
has_object: True                 
has_person: True                 
zone1: False                 
zone2: True
2026-09-11 00:04:23.952 | INFO     | _send_fused_det_msg:762 - 
Publish detect message                
area: 3                 
device: ['C18']                 
distance: 0.1819999205767573                 
distance_camera: 0.1819999205767573                 
distance_lidar: 9999.0                 
has_object: True                 
has_person: True                 
zone1: False                 
zone2: True
2026-09-11 00:04:23.979 | INFO     | _send_fused_det_msg:762 - 
Publish detect message                
area: 3                 
device: ['C18']                 
distance: 0.1819999205767573                 
distance_camera: 0.1819999205767573                 
distance_lidar: 9999.0                 
has_object: True                 
has_person: True                 
zone1: False                 
zone2: True
2026-09-11 00:04:24.069 | INFO     | _send_fused_det_msg:762 - 
Publish detect message                
area: 3                 
device: ['C18']                 
distance: 0.1819999205767573                 
distance_camera: 0.1819999205767573                 
distance_lidar: 9999.0                 
has_object: True                 
has_person: True                 
zone1: False                 
zone2: True
2026-09-11 00:04:24.102 | INFO     | _send_fused_det_msg:762 - 
Publish detect message                
area: 3                 
device: ['C18']                 
distance: 0.1819999205767573                 
distance_camera: 0.1819999205767573                 
distance_lidar: 9999.0                 
has_object: True                 
has_person: True                 
zone1: False                 
zone2: True
2026-09-11 00:04:24.240 | INFO     | _send_fused_det_msg:762 - 
Publish detect message                
area: 3                 
device: ['C18']                 
distance: 0.1819999205767573                 
distance_camera: 0.1819999205767573                 
distance_lidar: 9999.0                 
has_object: True                 
has_person: True                 
zone1: False                 
zone2: True
2026-09-11 00:04:24.251 | INFO     | _send_fused_det_msg:762 - 
Publish detect message                
area: 3                 
device: ['C18']                 
distance: 0.1819999205767573                 
distance_camera: 0.1819999205767573                 
distance_lidar: 9999.0                 
has_object: True                 
has_person: True                 
zone1: False                 
zone2: True
2026-09-11 00:04:24.284 | INFO     | _send_fused_det_msg:762 - 
Publish detect message                
area: 3                 
device: ['C18']                 
distance: 0.1819999205767573                 
distance_camera: 0.1819999205767573                 
distance_lidar: 9999.0                 
has_object: True                 
has_person: True                 
zone1: False                 
zone2: True
2026-09-11 00:04:24.413 | INFO     | _send_fused_det_msg:762 - 
Publish detect message                
area: 3                 
device: ['C18']                 
distance: 0.1819999205767573                 
distance_camera: 0.1819999205767573                 
distance_lidar: 9999.0                 
has_object: True                 
has_person: True                 
zone1: False                 
zone2: True
2026-09-11 00:04:24.447 | INFO     | _send_fused_det_msg:762 - 
Publish detect message                
area: 3                 
device: ['C18']                 
distance: 0.1819999205767573                 
distance_camera: 0.1819999205767573                 
distance_lidar: 9999.0                 
has_object: True                 
has_person: True                 
zone1: False                 
zone2: True
2026-09-11 00:04:24.535 | INFO     | _send_fused_det_msg:762 - 
Publish detect message                
area: 3                 
device: ['C18']                 
distance: 0.1819999205767573                 
distance_camera: 0.1819999205767573                 
distance_lidar: 9999.0                 
has_object: True                 
has_person: True                 
zone1: False                 
zone2: True
2026-09-11 00:04:24.597 | INFO     | _send_fused_det_msg:762 - 
Publish detect message                
area: 3                 
device: ['C18']                 
distance: 0.1819999205767573                 
distance_camera: 0.1819999205767573                 
distance_lidar: 9999.0                 
has_object: True                 
has_person: True                 
zone1: False                 
zone2: True
2026-09-11 00:04:24.599 | WARNING  | _action_collision_callback:330 - 
相机综合检测结果                                         
设备ID: C18                                         
区域代码: 3                                         
物体在区域内: False                                         
减速区域：False                                         
停止区域：True                                         
有物体: True                                         
有行人: True                                         
置信度: 0.621                                         
最近距离: 0.182 m                                         
相交面积: 0.000                                         
相交比例: 0.000                                         
物体类型: person                                         
最终耗时: 201.046 ms （已离开区域保持状态中）
2026-09-11 00:04:24.616 | INFO     | _send_fused_det_msg:762 - 
Publish detect message                
area: 3                 
device: ['C18']                 
distance: 0.1819999205767573                 
distance_camera: 0.1819999205767573                 
distance_lidar: 9999.0                 
has_object: True                 
has_person: True                 
zone1: False                 
zone2: True
2026-09-11 00:04:24.626 | INFO     | _send_fused_det_msg:762 - 
Publish detect message                
area: 3                 
device: ['C18']                 
distance: 0.1819999205767573                 
distance_camera: 0.1819999205767573                 
distance_lidar: 9999.0                 
has_object: True                 
has_person: True                 
zone1: False                 
zone2: True
2026-09-11 00:04:24.628 | WARNING  | _action_collision_callback:330 - 
相机综合检测结果                                         
设备ID: C18                                         
区域代码: 3                                         
物体在区域内: False                                         
减速区域：False                                         
停止区域：True                                         
有物体: True                                         
有行人: True                                         
置信度: 0.621                                         
最近距离: 0.182 m                                         
相交面积: 0.000                                         
相交比例: 0.000                                         
物体类型: person                                         
最终耗时: 125.388 ms （已离开区域保持状态中）
2026-09-11 00:04:24.802 | INFO     | _send_fused_det_msg:762 - 
Publish detect message                
area: 3                 
device: ['C18']                 
distance: 0.1819999205767573                 
distance_camera: 0.1819999205767573                 
distance_lidar: 9999.0                 
has_object: True                 
has_person: True                 
zone1: False                 
zone2: True
2026-09-11 00:04:24.849 | WARNING  | _action_collision_callback:330 - 
相机综合检测结果                                         
设备ID: C18                                         
区域代码: 3                                         
物体在区域内: False                                         
减速区域：False                                         
停止区域：True                                         
有物体: True                                         
有行人: True                                         
置信度: 0.621                                         
最近距离: 0.182 m                                         
相交面积: 0.000                                         
相交比例: 0.000                                         
物体类型: person                                         
最终耗时: 249.394 ms （已离开区域保持状态中）
2026-09-11 00:04:24.868 | INFO     | _send_fused_det_msg:762 - 
Publish detect message                
area: 3                 
device: ['C18']                 
distance: 0.1819999205767573                 
distance_camera: 0.1819999205767573                 
distance_lidar: 9999.0                 
has_object: True                 
has_person: True                 
zone1: False                 
zone2: True
2026-09-11 00:04:24.930 | INFO     | _send_fused_det_msg:762 - 
Publish detect message                
area: 3                 
device: ['C18']                 
distance: 0.1819999205767573                 
distance_camera: 0.1819999205767573                 
distance_lidar: 9999.0                 
has_object: True                 
has_person: True                 
zone1: False                 
zone2: True
2026-09-11 00:04:24.936 | WARNING  | _action_collision_callback:330 - 
相机综合检测结果                                         
设备ID: C18                                         
区域代码: 3                                         
物体在区域内: False                                         
减速区域：False                                         
停止区域：True                                         
有物体: True                                         
有行人: True                                         
置信度: 0.621                                         
最近距离: 0.182 m                                         
相交面积: 0.000                                         
相交比例: 0.000                                         
物体类型: person                                         
最终耗时: 254.441 ms （已离开区域保持状态中）
2026-09-11 00:04:24.938 | INFO     | _send_fused_det_msg:762 - 
Publish detect message                
area: 3                 
device: ['C18']                 
distance: 0.1819999205767573                 
distance_camera: 0.1819999205767573                 
distance_lidar: 9999.0                 
has_object: True                 
has_person: True                 
zone1: False                 
zone2: True
2026-09-11 00:04:24.941 | WARNING  | _action_collision_callback:330 - 
相机综合检测结果                                         
设备ID: C18                                         
区域代码: 3                                         
物体在区域内: False                                         
减速区域：False                                         
停止区域：True                                         
有物体: True                                         
有行人: True                                         
置信度: 0.621                                         
最近距离: 0.182 m                                         
相交面积: 0.000                                         
相交比例: 0.000                                         
物体类型: person                                         
最终耗时: 259.888 ms （已离开区域保持状态中）
2026-09-11 00:04:24.944 | INFO     | _send_fused_det_msg:762 - 
Publish detect message                
area: 3                 
device: ['C18']                 
distance: 0.1819999205767573                 
distance_camera: 0.1819999205767573                 
distance_lidar: 9999.0                 
has_object: True                 
has_person: True                 
zone1: False                 
zone2: True
2026-09-11 00:04:24.962 | WARNING  | _action_collision_callback:330 - 
相机综合检测结果                                         
设备ID: C18                                         
区域代码: 3                                         
物体在区域内: False                                         
减速区域：False                                         
停止区域：True                                         
有物体: True                                         
有行人: True                                         
置信度: 0.621                                         
最近距离: 0.182 m                                         
相交面积: 0.000                                         
相交比例: 0.000                                         
物体类型: person                                         
最终耗时: 150.457 ms （已离开区域保持状态中）
2026-09-11 00:04:24.964 | INFO     | _save_collision_detect_data:868 - 保存防撞检测离开图像: /2026-09-11/algl_gantry_collision_detect_package/zone2/29/20260911_000424_leave.jpg
2026-09-11 00:04:24.965 | INFO     | _save_detect_data:820 - 设备29离开区域3的zone2，保存离开数据
2026-09-11 00:04:25.037 | INFO     | _send_fused_det_msg:762 - 
Publish detect message                
area: 3                 
device: ['C18']                 
distance: 0.1819999205767573                 
distance_camera: 0.1819999205767573                 
distance_lidar: 9999.0                 
has_object: True                 
has_person: True                 
zone1: False                 
zone2: True
2026-09-11 00:04:25.038 | WARNING  | _action_collision_callback:330 - 
相机综合检测结果                                         
设备ID: C18                                         
区域代码: 3                                         
物体在区域内: False                                         
减速区域：False                                         
停止区域：True                                         
有物体: True                                         
有行人: True                                         
置信度: 0.621                                         
最近距离: 0.182 m                                         
相交面积: 0.000                                         
相交比例: 0.000                                         
物体类型: person                                         
最终耗时: 177.008 ms （已离开区域保持状态中）
2026-09-11 00:04:25.077 | INFO     | _send_fused_det_msg:762 - 
Publish detect message                
area: 3                 
device: ['C18']                 
distance: 0.1819999205767573                 
distance_camera: 0.1819999205767573                 
distance_lidar: 9999.0                 
has_object: True                 
has_person: True                 
zone1: False                 
zone2: True
2026-09-11 00:04:25.079 | WARNING  | _action_collision_callback:330 - 
相机综合检测结果                                         
设备ID: C18                                         
区域代码: 3                                         
物体在区域内: False                                         
减速区域：False                                         
停止区域：True                                         
有物体: True                                         
有行人: True                                         
置信度: 0.621                                         
最近距离: 0.182 m                                         
相交面积: 0.000                                         
相交比例: 0.000                                         
物体类型: person                                         
最终耗时: 115.637 ms （已离开区域保持状态中）
2026-09-11 00:04:25.222 | INFO     | _send_fused_det_msg:762 - 
Publish detect message                
area: 3                 
device: ['C18']                 
distance: 0.1819999205767573                 
distance_camera: 0.1819999205767573                 
distance_lidar: 9999.0                 
has_object: True                 
has_person: True                 
zone1: False                 
zone2: True
2026-09-11 00:04:25.223 | WARNING  | _action_collision_callback:330 - 
相机综合检测结果                                         
设备ID: C18                                         
区域代码: 3                                         
物体在区域内: False                                         
减速区域：False                                         
停止区域：True                                         
有物体: True                                         
有行人: True                                         
置信度: 0.621                                         
最近距离: 0.182 m                                         
相交面积: 0.000                                         
相交比例: 0.000                                         
物体类型: person                                         
最终耗时: 183.290 ms （已离开区域保持状态中）
2026-09-11 00:04:25.229 | INFO     | _send_fused_det_msg:762 - 
Publish detect message                
area: 3                 
device: ['C18']                 
distance: 0.1819999205767573                 
distance_camera: 0.1819999205767573                 
distance_lidar: 9999.0                 
has_object: True                 
has_person: True                 
zone1: False                 
zone2: True
2026-09-11 00:04:25.266 | INFO     | _send_fused_det_msg:762 - 
Publish detect message                
area: 3                 
device: ['C18']                 
distance: 0.1819999205767573                 
distance_camera: 0.1819999205767573                 
distance_lidar: 9999.0                 
has_object: True                 
has_person: True                 
zone1: False                 
zone2: True
2026-09-11 00:04:25.288 | WARNING  | _action_collision_callback:330 - 
相机综合检测结果                                         
设备ID: C18                                         
区域代码: 3                                         
物体在区域内: False                                         
减速区域：False                                         
停止区域：True                                         
有物体: True                                         
有行人: True                                         
置信度: 0.621                                         
最近距离: 0.182 m                                         
相交面积: 0.000                                         
相交比例: 0.000                                         
物体类型: person                                         
最终耗时: 148.849 ms （已离开区域保持状态中）
2026-09-11 00:04:25.291 | INFO     | _send_fused_det_msg:762 - 
Publish detect message                
area: 3                 
device: ['C18']                 
distance: 0.1819999205767573                 
distance_camera: 0.1819999205767573                 
distance_lidar: 9999.0                 
has_object: True                 
has_person: True                 
zone1: False                 
zone2: True
2026-09-11 00:04:25.311 | INFO     | _send_fused_det_msg:762 - 
Publish detect message                
area: 3                 
device: ['C18']                 
distance: 0.1819999205767573                 
distance_camera: 0.1819999205767573                 
distance_lidar: 9999.0                 
has_object: True                 
has_person: True                 
zone1: False                 
zone2: True
2026-09-11 00:04:25.349 | INFO     | _send_fused_det_msg:762 - 
Publish detect message                
area: 3                 
device: ['C18']                 
distance: 0.1819999205767573                 
distance_camera: 0.1819999205767573                 
distance_lidar: 9999.0                 
has_object: True                 
has_person: True                 
zone1: False                 
zone2: True
2026-09-11 00:04:25.350 | WARNING  | _action_collision_callback:330 - 
相机综合检测结果                                         
设备ID: C18                                         
区域代码: 3                                         
物体在区域内: False                                         
减速区域：False                                         
停止区域：True                                         
有物体: True                                         
有行人: True                                         
置信度: 0.621                                         
最近距离: 0.182 m                                         
相交面积: 0.000                                         
相交比例: 0.000                                         
物体类型: person                                         
最终耗时: 103.866 ms （已离开区域保持状态中）
2026-09-11 00:04:25.478 | INFO     | _send_fused_det_msg:762 - 
Publish detect message                
area: 3                 
device: ['C18']                 
distance: 0.1819999205767573                 
distance_camera: 0.1819999205767573                 
distance_lidar: 9999.0                 
has_object: True                 
has_person: True                 
zone1: False                 
zone2: True
2026-09-11 00:04:25.488 | WARNING  | _action_collision_callback:330 - 
相机综合检测结果                                         
设备ID: C18                                         
区域代码: 3                                         
物体在区域内: False                                         
减速区域：False                                         
停止区域：True                                         
有物体: True                                         
有行人: True                                         
置信度: 0.621                                         
最近距离: 0.182 m                                         
相交面积: 0.000                                         
相交比例: 0.000                                         
物体类型: person                                         
最终耗时: 155.980 ms （已离开区域保持状态中）
2026-09-11 00:04:25.492 | INFO     | _send_fused_det_msg:762 - 
Publish detect message                
area: 3                 
device: ['C18']                 
distance: 0.1819999205767573                 
distance_camera: 0.1819999205767573                 
distance_lidar: 9999.0                 
has_object: True                 
has_person: True                 
zone1: False                 
zone2: True
2026-09-11 00:04:25.525 | INFO     | _send_fused_det_msg:762 - 
Publish detect message                
area: 3                 
device: ['C18']                 
distance: 0.1819999205767573                 
distance_camera: 0.1819999205767573                 
distance_lidar: 9999.0                 
has_object: True                 
has_person: True                 
zone1: False                 
zone2: True
2026-09-11 00:04:25.527 | WARNING  | _action_collision_callback:330 - 
相机综合检测结果                                         
设备ID: C18                                         
区域代码: 3                                         
物体在区域内: False                                         
减速区域：False                                         
停止区域：True                                         
有物体: True                                         
有行人: True                                         
置信度: 0.621                                         
最近距离: 0.182 m                                         
相交面积: 0.000                                         
相交比例: 0.000                                         
物体类型: person                                         
最终耗时: 122.458 ms （已离开区域保持状态中）
2026-09-11 00:04:25.561 | INFO     | _send_fused_det_msg:762 - 
Publish detect message                
area: 3                 
device: ['C18']                 
distance: 0.1819999205767573                 
distance_camera: 0.1819999205767573                 
distance_lidar: 9999.0                 
has_object: True                 
has_person: True                 
zone1: False                 
zone2: True
2026-09-11 00:04:25.563 | WARNING  | _action_collision_callback:330 - 
相机综合检测结果                                         
设备ID: C18                                         
区域代码: 3                                         
物体在区域内: False                                         
减速区域：False                                         
停止区域：True                                         
有物体: True                                         
有行人: True                                         
置信度: 0.621                                         
最近距离: 0.182 m                                         
相交面积: 0.000                                         
相交比例: 0.000                                         
物体类型: person                                         
最终耗时: 158.265 ms （已离开区域保持状态中）
2026-09-11 00:04:25.643 | INFO     | _send_fused_det_msg:762 - 
Publish detect message                
area: 3                 
device: ['C18']                 
distance: 0.1819999205767573                 
distance_camera: 0.1819999205767573                 
distance_lidar: 9999.0                 
has_object: True                 
has_person: True                 
zone1: False                 
zone2: True
2026-09-11 00:04:25.648 | WARNING  | _action_collision_callback:330 - 
相机综合检测结果                                         
设备ID: C18                                         
区域代码: 3                                         
物体在区域内: False                                         
减速区域：False                                         
停止区域：True                                         
有物体: True                                         
有行人: True                                         
置信度: 0.621                                         
最近距离: 0.182 m                                         
相交面积: 0.000                                         
相交比例: 0.000                                         
物体类型: person                                         
最终耗时: 130.561 ms （已离开区域保持状态中）
2026-09-11 00:04:25.772 | INFO     | _send_fused_det_msg:762 - 
Publish detect message                
area: 3                 
device: ['C18']                 
distance: 0.1819999205767573                 
distance_camera: 0.1819999205767573                 
distance_lidar: 9999.0                 
has_object: True                 
has_person: True                 
zone1: False                 
zone2: True
2026-09-11 00:04:25.780 | INFO     | _send_fused_det_msg:762 - 
Publish detect message                
area: 3                 
device: ['C18']                 
distance: 0.1819999205767573                 
distance_camera: 0.1819999205767573                 
distance_lidar: 9999.0                 
has_object: True                 
has_person: True                 
zone1: False                 
zone2: True
2026-09-11 00:04:25.776 | WARNING  | _action_collision_callback:330 - 
相机综合检测结果                                         
设备ID: C18                                         
区域代码: 3                                         
物体在区域内: False                                         
减速区域：False                                         
停止区域：True                                         
有物体: True                                         
有行人: True                                         
置信度: 0.621                                         
最近距离: 0.182 m                                         
相交面积: 0.000                                         
相交比例: 0.000                                         
物体类型: person                                         
最终耗时: 199.996 ms （已离开区域保持状态中）
2026-09-11 00:04:25.804 | INFO     | _send_fused_det_msg:762 - 
Publish detect message                
area: 3                 
device: ['C18']                 
distance: 0.1819999205767573                 
distance_camera: 0.1819999205767573                 
distance_lidar: 9999.0                 
has_object: True                 
has_person: True                 
zone1: False                 
zone2: True
2026-09-11 00:04:25.805 | WARNING  | _action_collision_callback:330 - 
相机综合检测结果                                         
设备ID: C18                                         
区域代码: 3                                         
物体在区域内: False                                         
减速区域：False                                         
停止区域：True                                         
有物体: True                                         
有行人: True                                         
置信度: 0.621                                         
最近距离: 0.182 m                                         
相交面积: 0.000                                         
相交比例: 0.000                                         
物体类型: person                                         
最终耗时: 127.743 ms （已离开区域保持状态中）
2026-09-11 00:04:25.822 | INFO     | _send_fused_det_msg:762 - 
Publish detect message                
area: 3                 
device: ['C18']                 
distance: 0.1819999205767573                 
distance_camera: 0.1819999205767573                 
distance_lidar: 9999.0                 
has_object: True                 
has_person: True                 
zone1: False                 
zone2: True
2026-09-11 00:04:25.862 | INFO     | _send_fused_det_msg:762 - 
Publish detect message                
area: 3                 
device: ['C18']                 
distance: 0.1819999205767573                 
distance_camera: 0.1819999205767573                 
distance_lidar: 9999.0                 
has_object: True                 
has_person: True                 
zone1: False                 
zone2: True
2026-09-11 00:04:25.864 | WARNING  | _action_collision_callback:330 - 
相机综合检测结果                                         
设备ID: C18                                         
区域代码: 3                                         
物体在区域内: False                                         
减速区域：False                                         
停止区域：True                                         
有物体: True                                         
有行人: True                                         
置信度: 0.621                                         
最近距离: 0.182 m                                         
相交面积: 0.000                                         
相交比例: 0.000                                         
物体类型: person                                         
最终耗时: 146.676 ms （已离开区域保持状态中）
2026-09-11 00:04:25.883 | INFO     | _send_fused_det_msg:762 - 
Publish detect message                
area: 3                 
device: ['C18']                 
distance: 0.1819999205767573                 
distance_camera: 0.1819999205767573                 
distance_lidar: 9999.0                 
has_object: True                 
has_person: True                 
zone1: False                 
zone2: True
2026-09-11 00:04:25.889 | WARNING  | _action_collision_callback:330 - 
相机综合检测结果                                         
设备ID: C18                                         
区域代码: 3                                         
物体在区域内: False                                         
减速区域：False                                         
停止区域：True                                         
有物体: True                                         
有行人: True                                         
置信度: 0.621                                         
最近距离: 0.182 m                                         
相交面积: 0.000                                         
相交比例: 0.000                                         
物体类型: person                                         
最终耗时: 141.346 ms （已离开区域保持状态中）
2026-09-11 00:04:25.985 | INFO     | _send_fused_det_msg:762 - 
Publish detect message                
area: 3                 
device: ['C18']                 
distance: 0.1819999205767573                 
distance_camera: 0.1819999205767573                 
distance_lidar: 9999.0                 
has_object: True                 
has_person: True                 
zone1: False                 
zone2: True
2026-09-11 00:04:25.993 | WARNING  | _action_collision_callback:330 - 
相机综合检测结果                                         
设备ID: C18                                         
区域代码: 3                                         
物体在区域内: False                                         
减速区域：False                                         
停止区域：True                                         
有物体: True                                         
有行人: True                                         
置信度: 0.621                                         
最近距离: 0.182 m                                         
相交面积: 0.000                                         
相交比例: 0.000                                         
物体类型: person                                         
最终耗时: 145.085 ms （已离开区域保持状态中）
2026-09-11 00:04:26.001 | INFO     | _send_fused_det_msg:762 - 
Publish detect message                
area: 3                 
device: ['C18']                 
distance: 0.1819999205767573                 
distance_camera: 0.1819999205767573                 
distance_lidar: 9999.0                 
has_object: True                 
has_person: True                 
zone1: False                 
zone2: True
2026-09-11 00:04:26.001 | WARNING  | _action_collision_callback:330 - 
相机综合检测结果                                         
设备ID: C18                                         
区域代码: 3                                         
物体在区域内: False                                         
减速区域：False                                         
停止区域：True                                         
有物体: True                                         
有行人: True                                         
置信度: 0.621                                         
最近距离: 0.182 m                                         
相交面积: 0.000                                         
相交比例: 0.000                                         
物体类型: person                                         
最终耗时: 51.093 ms （已离开区域保持状态中）
2026-09-11 00:04:26.005 | INFO     | _send_fused_det_msg:762 - 
Publish detect message                
area: 3                 
device: ['C18']                 
distance: 0.1819999205767573                 
distance_camera: 0.1819999205767573                 
distance_lidar: 9999.0                 
has_object: True                 
has_person: True                 
zone1: False                 
zone2: True
2026-09-11 00:04:26.105 | INFO     | _send_fused_det_msg:762 - 
Publish detect message                
area: 3                 
device: ['C18']                 
distance: 0.1819999205767573                 
distance_camera: 0.1819999205767573                 
distance_lidar: 9999.0                 
has_object: True                 
has_person: True                 
zone1: False                 
zone2: True
2026-09-11 00:04:26.107 | WARNING  | _action_collision_callback:330 - 
相机综合检测结果                                         
设备ID: C18                                         
区域代码: 3                                         
物体在区域内: False                                         
减速区域：False                                         
停止区域：True                                         
有物体: True                                         
有行人: True                                         
置信度: 0.621                                         
最近距离: 0.182 m                                         
相交面积: 0.000                                         
相交比例: 0.000                                         
物体类型: person                                         
最终耗时: 122.501 ms （已离开区域保持状态中）
2026-09-11 00:04:26.122 | INFO     | _send_fused_det_msg:762 - 
Publish detect message                
area: 3                 
device: ['C18']                 
distance: 0.1819999205767573                 
distance_camera: 0.1819999205767573                 
distance_lidar: 9999.0                 
has_object: True                 
has_person: True                 
zone1: False                 
zone2: True
2026-09-11 00:04:26.187 | INFO     | _send_fused_det_msg:762 - 
Publish detect message                
area: 3                 
device: ['C18']                 
distance: 0.1819999205767573                 
distance_camera: 0.1819999205767573                 
distance_lidar: 9999.0                 
has_object: True                 
has_person: True                 
zone1: False                 
zone2: True
2026-09-11 00:04:26.190 | WARNING  | _action_collision_callback:330 - 
相机综合检测结果                                         
设备ID: C18                                         
区域代码: 3                                         
物体在区域内: False                                         
减速区域：False                                         
停止区域：True                                         
有物体: True                                         
有行人: True                                         
置信度: 0.621                                         
最近距离: 0.182 m                                         
相交面积: 0.000                                         
相交比例: 0.000                                         
物体类型: person                                         
最终耗时: 118.985 ms （已离开区域保持状态中）
2026-09-11 00:04:26.291 | INFO     | _send_fused_det_msg:762 - 
Publish detect message                
area: 3                 
device: ['C18']                 
distance: 0.1819999205767573                 
distance_camera: 0.1819999205767573                 
distance_lidar: 9999.0                 
has_object: True                 
has_person: True                 
zone1: False                 
zone2: True
2026-09-11 00:04:26.295 | WARNING  | _action_collision_callback:330 - 
相机综合检测结果                                         
设备ID: C18                                         
区域代码: 3                                         
物体在区域内: False                                         
减速区域：False                                         
停止区域：True                                         
有物体: True                                         
有行人: True                                         
置信度: 0.621                                         
最近距离: 0.182 m                                         
相交面积: 0.000                                         
相交比例: 0.000                                         
物体类型: person                                         
最终耗时: 138.583 ms （已离开区域保持状态中）
2026-09-11 00:04:26.297 | INFO     | _send_fused_det_msg:762 - 
Publish detect message                
area: 3                 
device: ['C18']                 
distance: 0.1819999205767573                 
distance_camera: 0.1819999205767573                 
distance_lidar: 9999.0                 
has_object: True                 
has_person: True                 
zone1: False                 
zone2: True
2026-09-11 00:04:26.300 | WARNING  | _action_collision_callback:330 - 
相机综合检测结果                                         
设备ID: C18                                         
区域代码: 3                                         
物体在区域内: False                                         
减速区域：False                                         
停止区域：True                                         
有物体: True                                         
有行人: True                                         
置信度: 0.621                                         
最近距离: 0.182 m                                         
相交面积: 0.000                                         
相交比例: 0.000                                         
物体类型: person                                         
最终耗时: 143.452 ms （已离开区域保持状态中）
2026-09-11 00:04:26.340 | INFO     | _send_fused_det_msg:762 - 
Publish detect message                
area: 3                 
device: ['C18']                 
distance: 0.1819999205767573                 
distance_camera: 0.1819999205767573                 
distance_lidar: 9999.0                 
has_object: True                 
has_person: True                 
zone1: False                 
zone2: True
2026-09-11 00:04:26.340 | WARNING  | _action_collision_callback:330 - 
相机综合检测结果                                         
设备ID: C18                                         
区域代码: 3                                         
物体在区域内: False                                         
减速区域：False                                         
停止区域：True                                         
有物体: True                                         
有行人: True                                         
置信度: 0.621                                         
最近距离: 0.182 m                                         
相交面积: 0.000                                         
相交比例: 0.000                                         
物体类型: person                                         
最终耗时: 98.525 ms （已离开区域保持状态中）
2026-09-11 00:04:26.512 | INFO     | _send_fused_det_msg:762 - 
Publish detect message                
area: 3                 
device: ['C18']                 
distance: 0.1819999205767573                 
distance_camera: 0.1819999205767573                 
distance_lidar: 9999.0                 
has_object: True                 
has_person: True                 
zone1: False                 
zone2: True
2026-09-11 00:04:26.537 | WARNING  | _action_collision_callback:330 - 
相机综合检测结果                                         
设备ID: C18                                         
区域代码: 3                                         
物体在区域内: False                                         
减速区域：False                                         
停止区域：True                                         
有物体: True                                         
有行人: True                                         
置信度: 0.621                                         
最近距离: 0.182 m                                         
相交面积: 0.000                                         
相交比例: 0.000                                         
物体类型: person                                         
最终耗时: 210.147 ms （已离开区域保持状态中）
2026-09-11 00:04:26.543 | INFO     | _send_fused_det_msg:762 - 
Publish detect message                
area: 3                 
device: ['C18']                 
distance: 0.1819999205767573                 
distance_camera: 0.1819999205767573                 
distance_lidar: 9999.0                 
has_object: True                 
has_person: True                 
zone1: False                 
zone2: True
2026-09-11 00:04:26.561 | INFO     | _send_fused_det_msg:762 - 
Publish detect message                
area: 3                 
device: ['C18']                 
distance: 0.1819999205767573                 
distance_camera: 0.1819999205767573                 
distance_lidar: 9999.0                 
has_object: True                 
has_person: True                 
zone1: False                 
zone2: True
2026-09-11 00:04:26.565 | WARNING  | _action_collision_callback:330 - 
相机综合检测结果                                         
设备ID: C18                                         
区域代码: 3                                         
物体在区域内: False                                         
减速区域：False                                         
停止区域：True                                         
有物体: True                                         
有行人: True                                         
置信度: 0.621                                         
最近距离: 0.182 m                                         
相交面积: 0.000                                         
相交比例: 0.000                                         
物体类型: person                                         
最终耗时: 166.300 ms （已离开区域保持状态中）
2026-09-11 00:04:26.683 | INFO     | _send_fused_det_msg:762 - 
Publish detect message                
area: 3                 
device: ['C18']                 
distance: 0.1819999205767573                 
distance_camera: 0.1819999205767573                 
distance_lidar: 9999.0                 
has_object: True                 
has_person: True                 
zone1: False                 
zone2: True
2026-09-11 00:04:26.702 | WARNING  | _action_collision_callback:330 - 
相机综合检测结果                                         
设备ID: C18                                         
区域代码: 3                                         
物体在区域内: False                                         
减速区域：False                                         
停止区域：True                                         
有物体: True                                         
有行人: True                                         
置信度: 0.621                                         
最近距离: 0.182 m                                         
相交面积: 0.000                                         
相交比例: 0.000                                         
物体类型: person                                         
最终耗时: 157.341 ms （已离开区域保持状态中）
2026-09-11 00:04:26.710 | INFO     | _send_fused_det_msg:762 - 
Publish detect message                
area: 3                 
device: ['C18']                 
distance: 0.1819999205767573                 
distance_camera: 0.1819999205767573                 
distance_lidar: 9999.0                 
has_object: True                 
has_person: True                 
zone1: False                 
zone2: True
2026-09-11 00:04:26.731 | INFO     | _send_fused_det_msg:762 - 
Publish detect message                
area: 3                 
device: ['C18']                 
distance: 0.1819999205767573                 
distance_camera: 0.1819999205767573                 
distance_lidar: 9999.0                 
has_object: True                 
has_person: True                 
zone1: False                 
zone2: True
2026-09-11 00:04:26.743 | INFO     | _send_fused_det_msg:762 - 
Publish detect message                
area: 3                 
device: ['C18']                 
distance: 0.1819999205767573                 
distance_camera: 0.1819999205767573                 
distance_lidar: 9999.0                 
has_object: True                 
has_person: True                 
zone1: False                 
zone2: True
2026-09-11 00:04:26.744 | WARNING  | _action_collision_callback:330 - 
相机综合检测结果                                         
设备ID: C18                                         
区域代码: 3                                         
物体在区域内: False                                         
减速区域：False                                         
停止区域：True                                         
有物体: True                                         
有行人: True                                         
置信度: 0.621                                         
最近距离: 0.182 m                                         
相交面积: 0.000                                         
相交比例: 0.000                                         
物体类型: person                                         
最终耗时: 71.435 ms （已离开区域保持状态中）
2026-09-11 00:04:26.860 | INFO     | _send_fused_det_msg:762 - 
Publish detect message                
area: 3                 
device: ['C18']                 
distance: 0.1819999205767573                 
distance_camera: 0.1819999205767573                 
distance_lidar: 9999.0                 
has_object: True                 
has_person: True                 
zone1: False                 
zone2: True
2026-09-11 00:04:26.860 | WARNING  | _action_collision_callback:330 - 
相机综合检测结果                                         
设备ID: C18                                         
区域代码: 3                                         
物体在区域内: False                                         
减速区域：False                                         
停止区域：True                                         
有物体: True                                         
有行人: True                                         
置信度: 0.621                                         
最近距离: 0.182 m                                         
相交面积: 0.000                                         
相交比例: 0.000                                         
物体类型: person                                         
最终耗时: 187.582 ms （已离开区域保持状态中）
2026-09-11 00:04:26.942 | INFO     | _send_fused_det_msg:762 - 
Publish detect message                
area: 3                 
device: ['C18']                 
distance: 0.1819999205767573                 
distance_camera: 0.1819999205767573                 
distance_lidar: 9999.0                 
has_object: True                 
has_person: True                 
zone1: False                 
zone2: True
2026-09-11 00:04:26.943 | WARNING  | _action_collision_callback:330 - 
相机综合检测结果                                         
设备ID: C18                                         
区域代码: 3                                         
物体在区域内: False                                         
减速区域：False                                         
停止区域：True                                         
有物体: True                                         
有行人: True                                         
置信度: 0.621                                         
最近距离: 0.182 m                                         
相交面积: 0.000                                         
相交比例: 0.000                                         
物体类型: person                                         
最终耗时: 154.369 ms （已离开区域保持状态中）
2026-09-11 00:04:27.113 | INFO     | _send_fused_det_msg:762 - 
Publish detect message                
area: 3                 
device: ['C18']                 
distance: 0.1819999205767573                 
distance_camera: 0.1819999205767573                 
distance_lidar: 9999.0                 
has_object: True                 
has_person: True                 
zone1: False                 
zone2: True
2026-09-11 00:04:27.116 | WARNING  | _action_collision_callback:330 - 
相机综合检测结果                                         
设备ID: C18                                         
区域代码: 3                                         
物体在区域内: False                                         
减速区域：False                                         
停止区域：True                                         
有物体: True                                         
有行人: True                                         
置信度: 0.621                                         
最近距离: 0.182 m                                         
相交面积: 0.000                                         
相交比例: 0.000                                         
物体类型: person                                         
最终耗时: 202.683 ms （已离开区域保持状态中）
2026-09-11 00:04:27.119 | INFO     | _send_fused_det_msg:762 - 
Publish detect message                
area: 3                 
device: ['C18']                 
distance: 0.1819999205767573                 
distance_camera: 0.1819999205767573                 
distance_lidar: 9999.0                 
has_object: True                 
has_person: True                 
zone1: False                 
zone2: True
2026-09-11 00:04:27.169 | INFO     | _send_fused_det_msg:762 - 
Publish detect message                
area: 3                 
device: ['C18']                 
distance: 0.1819999205767573                 
distance_camera: 0.1819999205767573                 
distance_lidar: 9999.0                 
has_object: True                 
has_person: True                 
zone1: False                 
zone2: True
2026-09-11 00:04:27.205 | WARNING  | _action_collision_callback:330 - 
相机综合检测结果                                         
设备ID: C18                                         
区域代码: 3                                         
物体在区域内: False                                         
减速区域：False                                         
停止区域：True                                         
有物体: True                                         
有行人: True                                         
置信度: 0.621                                         
最近距离: 0.182 m                                         
相交面积: 0.000                                         
相交比例: 0.000                                         
物体类型: person                                         
最终耗时: 175.903 ms （已离开区域保持状态中）
2026-09-11 00:04:27.299 | INFO     | _send_fused_det_msg:762 - 
Publish detect message                
area: 3                 
device: ['C18']                 
distance: 0.1819999205767573                 
distance_camera: 0.1819999205767573                 
distance_lidar: 9999.0                 
has_object: True                 
has_person: True                 
zone1: False                 
zone2: True
2026-09-11 00:04:27.303 | WARNING  | _action_collision_callback:330 - 
相机综合检测结果                                         
设备ID: C18                                         
区域代码: 3                                         
物体在区域内: False                                         
减速区域：False                                         
停止区域：True                                         
有物体: True                                         
有行人: True                                         
置信度: 0.621                                         
最近距离: 0.182 m                                         
相交面积: 0.000                                         
相交比例: 0.000                                         
物体类型: person                                         
最终耗时: 232.646 ms （已离开区域保持状态中）
2026-09-11 00:04:27.308 | INFO     | _send_fused_det_msg:762 - 
Publish detect message                
area: 3                 
device: ['C18']                 
distance: 0.1819999205767573                 
distance_camera: 0.1819999205767573                 
distance_lidar: 9999.0                 
has_object: True                 
has_person: True                 
zone1: False                 
zone2: True
2026-09-11 00:04:27.310 | INFO     | _send_fused_det_msg:762 - 
Publish detect message                
area: 3                 
device: ['C18']                 
distance: 0.1819999205767573                 
distance_camera: 0.1819999205767573                 
distance_lidar: 9999.0                 
has_object: True                 
has_person: True                 
zone1: False                 
zone2: True
2026-09-11 00:04:27.315 | WARNING  | _action_collision_callback:330 - 
相机综合检测结果                                         
设备ID: C18                                         
区域代码: 3                                         
物体在区域内: False                                         
减速区域：False                                         
停止区域：True                                         
有物体: True                                         
有行人: True                                         
置信度: 0.621                                         
最近距离: 0.182 m                                         
相交面积: 0.000                                         
相交比例: 0.000                                         
物体类型: person                                         
最终耗时: 201.295 ms （已离开区域保持状态中）
2026-09-11 00:04:27.465 | INFO     | _send_fused_det_msg:762 - 
Publish detect message                
area: 3                 
device: ['C18']                 
distance: 0.1819999205767573                 
distance_camera: 0.1819999205767573                 
distance_lidar: 9999.0                 
has_object: True                 
has_person: True                 
zone1: False                 
zone2: True
2026-09-11 00:04:27.493 | WARNING  | _action_collision_callback:330 - 
相机综合检测结果                                         
设备ID: C18                                         
区域代码: 3                                         
物体在区域内: False                                         
减速区域：False                                         
停止区域：True                                         
有物体: True                                         
有行人: True                                         
置信度: 0.621                                         
最近距离: 0.182 m                                         
相交面积: 0.000                                         
相交比例: 0.000                                         
物体类型: person                                         
最终耗时: 251.622 ms （已离开区域保持状态中）
2026-09-11 00:04:27.499 | INFO     | _send_fused_det_msg:762 - 
Publish detect message                
area: 3                 
device: ['C18']                 
distance: 0.1819999205767573                 
distance_camera: 0.1819999205767573                 
distance_lidar: 9999.0                 
has_object: True                 
has_person: True                 
zone1: False                 
zone2: True
2026-09-11 00:04:27.500 | WARNING  | _action_collision_callback:330 - 
相机综合检测结果                                         
设备ID: C18                                         
区域代码: 3                                         
物体在区域内: False                                         
减速区域：False                                         
停止区域：True                                         
有物体: True                                         
有行人: True                                         
置信度: 0.621                                         
最近距离: 0.182 m                                         
相交面积: 0.000                                         
相交比例: 0.000                                         
物体类型: person                                         
最终耗时: 258.760 ms （已离开区域保持状态中）
2026-09-11 00:04:27.559 | INFO     | _send_fused_det_msg:762 - 
Publish detect message                
area: 3                 
device: []                 
distance: 9999.0                 
distance_camera: 9999.0                 
distance_lidar: 9999.0                 
has_object: False                 
has_person: False                 
zone1: False                 
zone2: False
2026-09-11 00:04:27.605 | INFO     | _send_fused_det_msg:762 - 
Publish detect message                
area: 3                 
device: []                 
distance: 9999.0                 
distance_camera: 9999.0                 
distance_lidar: 9999.0                 
has_object: False                 
has_person: False                 
zone1: False                 
zone2: False
2026-09-11 00:04:27.610 | INFO     | _send_fused_det_msg:762 - 
Publish detect message                
area: 3                 
device: []                 
distance: 9999.0                 
distance_camera: 9999.0                 
distance_lidar: 9999.0                 
has_object: False                 
has_person: False                 
zone1: False                 
zone2: False
2026-09-11 00:04:46.957 | INFO     | _result_done_callback:281 - [gantry_collision_seg] Received Done result: rtg_algorithm_interfaces.action.StreamAction_Result(success=True, message='Worker completed successfully.')
2026-09-11 00:04:47.032 | INFO     | _send_goal:186 - [gantry_collision_seg] Waiting for action server '/action/gantry_collision_seg'...
2026-09-11 00:04:47.035 | INFO     | _send_goal:207 - [gantry_collision_seg] Action server '/action/gantry_collision_seg' is available. Sending goal...
2026-09-11 00:04:47.049 | INFO     | _goal_response_callback:256 - [gantry_collision_seg] Goal accepted :)
2026-09-11 00:05:04.943 | INFO     | _result_done_callback:281 - [gantry_collision_seg] Received Done result: rtg_algorithm_interfaces.action.StreamAction_Result(success=True, message='Worker completed successfully.')
2026-09-11 00:05:05.046 | INFO     | _send_goal:186 - [gantry_collision_seg] Waiting for action server '/action/gantry_collision_seg'...
2026-09-11 00:05:05.048 | INFO     | _send_goal:207 - [gantry_collision_seg] Action server '/action/gantry_collision_seg' is available. Sending goal...
2026-09-11 00:05:05.055 | INFO     | _goal_response_callback:256 - [gantry_collision_seg] Goal accepted :)
2026-09-11 00:05:20.942 | INFO     | _result_done_callback:281 - [gantry_collision_seg] Received Done result: rtg_algorithm_interfaces.action.StreamAction_Result(success=True, message='Worker completed successfully.')
2026-09-11 00:05:21.033 | INFO     | _send_goal:186 - [gantry_collision_seg] Waiting for action server '/action/gantry_collision_seg'...
2026-09-11 00:05:21.036 | INFO     | _send_goal:207 - [gantry_collision_seg] Action server '/action/gantry_collision_seg' is available. Sending goal...
2026-09-11 00:05:21.046 | INFO     | _goal_response_callback:256 - [gantry_collision_seg] Goal accepted :)
2026-09-11 00:05:44.940 | INFO     | _result_done_callback:281 - [gantry_collision_seg] Received Done result: rtg_algorithm_interfaces.action.StreamAction_Result(success=True, message='Worker completed successfully.')
2026-09-11 00:05:45.031 | INFO     | _send_goal:186 - [gantry_collision_seg] Waiting for action server '/action/gantry_collision_seg'...
2026-09-11 00:05:45.033 | INFO     | _send_goal:207 - [gantry_collision_seg] Action server '/action/gantry_collision_seg' is available. Sending goal...
2026-09-11 00:05:45.040 | INFO     | _goal_response_callback:256 - [gantry_collision_seg] Goal accepted :)
2026-09-11 00:08:31.053 | INFO     | _get_distance:432 - 【gantry_collision】float(3.4785403755782155e-12)*2494**4 + float(-2.992194721400016e-08)*2494**3 + float(9.487611627735373e-05)*2494**2 + float(-0.1361799689501247)*2494 + float(79.4357976549663)
2026-09-11 00:08:31.057 | INFO     | _send_fused_det_msg:762 - 
Publish detect message                
area: 3                 
device: ['C18']                 
distance: 0.34425455944695216                 
distance_camera: 0.34425455944695216                 
distance_lidar: 9999.0                 
has_object: True                 
has_person: True                 
zone1: False                 
zone2: True
2026-09-11 00:08:31.059 | WARNING  | _action_collision_callback:330 - 
相机综合检测结果                                         
设备ID: C18                                         
区域代码: 3                                         
物体在区域内: True                                         
减速区域：False                                         
停止区域：True                                         
有物体: True                                         
有行人: True                                         
置信度: 0.926                                         
最近距离: 0.344 m                                         
相交面积: 26821.000                                         
相交比例: 0.350                                         
物体类型: person                                         
最终耗时: 157.445 ms 
2026-09-11 00:08:31.143 | INFO     | _send_fused_det_msg:762 - 
Publish detect message                
area: 3                 
device: ['C18']                 
distance: 0.34425455944695216                 
distance_camera: 0.34425455944695216                 
distance_lidar: 9999.0                 
has_object: True                 
has_person: True                 
zone1: False                 
zone2: True
2026-09-11 00:08:31.233 | INFO     | _get_distance:432 - 【gantry_collision】float(3.4785403755782155e-12)*2451**4 + float(-2.992194721400016e-08)*2451**3 + float(9.487611627735373e-05)*2451**2 + float(-0.1361799689501247)*2451 + float(79.4357976549663)
2026-09-11 00:08:31.235 | INFO     | _send_fused_det_msg:762 - 
Publish detect message                
area: 3                 
device: ['C18']                 
distance: 0.5792143507319594                 
distance_camera: 0.5792143507319594                 
distance_lidar: 9999.0                 
has_object: True                 
has_person: True                 
zone1: False                 
zone2: True
2026-09-11 00:08:31.235 | WARNING  | _action_collision_callback:330 - 
相机综合检测结果                                         
设备ID: C18                                         
区域代码: 3                                         
物体在区域内: True                                         
减速区域：False                                         
停止区域：True                                         
有物体: True                                         
有行人: True                                         
置信度: 0.938                                         
最近距离: 0.579 m                                         
相交面积: 33264.000                                         
相交比例: 0.446                                         
物体类型: person                                         
最终耗时: 237.086 ms 
2026-09-11 00:08:31.259 | INFO     | _send_fused_det_msg:762 - 
Publish detect message                
area: 3                 
device: ['C18']                 
distance: 0.5792143507319594                 
distance_camera: 0.5792143507319594                 
distance_lidar: 9999.0                 
has_object: True                 
has_person: True                 
zone1: False                 
zone2: True
2026-09-11 00:08:31.262 | INFO     | _send_fused_det_msg:762 - 
Publish detect message                
area: 3                 
device: ['C18']                 
distance: 0.5792143507319594                 
distance_camera: 0.5792143507319594                 
distance_lidar: 9999.0                 
has_object: True                 
has_person: True                 
zone1: False                 
zone2: True
2026-09-11 00:08:31.438 | INFO     | _send_fused_det_msg:762 - 
Publish detect message                
area: 3                 
device: ['C18']                 
distance: 0.5792143507319594                 
distance_camera: 0.5792143507319594                 
distance_lidar: 9999.0                 
has_object: True                 
has_person: True                 
zone1: False                 
zone2: True
2026-09-11 00:08:31.507 | INFO     | _get_distance:432 - 【gantry_collision】float(3.4785403755782155e-12)*2339**4 + float(-2.992194721400016e-08)*2339**3 + float(9.487611627735373e-05)*2339**2 + float(-0.1361799689501247)*2339 + float(79.4357976549663)
2026-09-11 00:08:31.517 | INFO     | _send_fused_det_msg:762 - 
Publish detect message                
area: 3                 
device: ['C18']                 
distance: 0.5792143507319594                 
distance_camera: 0.5792143507319594                 
distance_lidar: 9999.0                 
has_object: True                 
has_person: True                 
zone1: False                 
zone2: True
2026-09-11 00:08:31.578 | INFO     | _send_fused_det_msg:762 - 
Publish detect message                
area: 3                 
device: ['C18']                 
distance: 1.1909724378194966                 
distance_camera: 1.1909724378194966                 
distance_lidar: 9999.0                 
has_object: True                 
has_person: True                 
zone1: False                 
zone2: True
2026-09-11 00:08:31.580 | WARNING  | _action_collision_callback:330 - 
相机综合检测结果                                         
设备ID: C18                                         
区域代码: 3                                         
物体在区域内: True                                         
减速区域：False                                         
停止区域：True                                         
有物体: True                                         
有行人: True                                         
置信度: 0.919                                         
最近距离: 1.191 m                                         
相交面积: 42510.000                                         
相交比例: 0.556                                         
物体类型: person                                         
最终耗时: 398.735 ms 
2026-09-11 00:08:31.628 | INFO     | _save_collision_detect_data:868 - 保存防撞检测进入图像: /2026-09-11/algl_gantry_collision_detect_package/zone2/29/20260911_000830.jpg
2026-09-11 00:08:31.632 | INFO     | _send_fused_det_msg:762 - 
Publish detect message                
area: 3                 
device: ['C18']                 
distance: 1.1909724378194966                 
distance_camera: 1.1909724378194966                 
distance_lidar: 9999.0                 
has_object: True                 
has_person: True                 
zone1: False                 
zone2: True
2026-09-11 00:08:31.635 | INFO     | _save_detect_data:818 - 设备29进入区域3的zone2，保存进入数据
2026-09-11 00:08:31.642 | INFO     | _get_distance:432 - 【gantry_collision】float(3.4785403755782155e-12)*2346**4 + float(-2.992194721400016e-08)*2346**3 + float(9.487611627735373e-05)*2346**2 + float(-0.1361799689501247)*2346 + float(79.4357976549663)
2026-09-11 00:08:31.645 | INFO     | _send_fused_det_msg:762 - 
Publish detect message                
area: 3                 
device: ['C18']                 
distance: 1.1531363444447749                 
distance_camera: 1.1531363444447749                 
distance_lidar: 9999.0                 
has_object: True                 
has_person: True                 
zone1: False                 
zone2: True
2026-09-11 00:08:31.646 | WARNING  | _action_collision_callback:330 - 
相机综合检测结果                                         
设备ID: C18                                         
区域代码: 3                                         
物体在区域内: True                                         
减速区域：False                                         
停止区域：True                                         
有物体: True                                         
有行人: True                                         
置信度: 0.960                                         
最近距离: 1.153 m                                         
相交面积: 77602.000                                         
相交比例: 0.702                                         
物体类型: person                                         
最终耗时: 293.741 ms 
2026-09-11 00:08:31.681 | INFO     | _send_fused_det_msg:762 - 
Publish detect message                
area: 3                 
device: ['C18']                 
distance: 1.1531363444447749                 
distance_camera: 1.1531363444447749                 
distance_lidar: 9999.0                 
has_object: True                 
has_person: True                 
zone1: False                 
zone2: True
2026-09-11 00:08:31.690 | INFO     | _get_distance:432 - 【gantry_collision】float(3.4785403755782155e-12)*2320**4 + float(-2.992194721400016e-08)*2320**3 + float(9.487611627735373e-05)*2320**2 + float(-0.1361799689501247)*2320 + float(79.4357976549663)
2026-09-11 00:08:31.691 | INFO     | _send_fused_det_msg:762 - 
Publish detect message                
area: 3                 
device: ['C18']                 
distance: 1.2932101034912904                 
distance_camera: 1.2932101034912904                 
distance_lidar: 9999.0                 
has_object: True                 
has_person: True                 
zone1: False                 
zone2: True
2026-09-11 00:08:31.692 | WARNING  | _action_collision_callback:330 - 
相机综合检测结果                                         
设备ID: C18                                         
区域代码: 3                                         
物体在区域内: True                                         
减速区域：False                                         
停止区域：True                                         
有物体: True                                         
有行人: True                                         
置信度: 0.949                                         
最近距离: 1.293 m                                         
相交面积: 109461.000                                         
相交比例: 0.889                                         
物体类型: person                                         
最终耗时: 153.789 ms 
2026-09-11 00:08:31.737 | INFO     | _send_fused_det_msg:762 - 
Publish detect message                
area: 3                 
device: ['C18']                 
distance: 1.2932101034912904                 
distance_camera: 1.2932101034912904                 
distance_lidar: 9999.0                 
has_object: True                 
has_person: True                 
zone1: False                 
zone2: True
2026-09-11 00:08:31.836 | INFO     | _send_fused_det_msg:762 - 
Publish detect message                
area: 3                 
device: ['C18']                 
distance: 1.2932101034912904                 
distance_camera: 1.2932101034912904                 
distance_lidar: 9999.0                 
has_object: True                 
has_person: True                 
zone1: False                 
zone2: True
2026-09-11 00:08:31.905 | INFO     | _send_fused_det_msg:762 - 
Publish detect message                
area: 3                 
device: ['C18']                 
distance: 1.2932101034912904                 
distance_camera: 1.2932101034912904                 
distance_lidar: 9999.0                 
has_object: True                 
has_person: True                 
zone1: False                 
zone2: True
2026-09-11 00:08:31.923 | INFO     | _get_distance:432 - 【gantry_collision】float(3.4785403755782155e-12)*2231**4 + float(-2.992194721400016e-08)*2231**3 + float(9.487611627735373e-05)*2231**2 + float(-0.1361799689501247)*2231 + float(79.4357976549663)
2026-09-11 00:08:31.926 | INFO     | _send_fused_det_msg:762 - 
Publish detect message                
area: 3                 
device: ['C18']                 
distance: 1.7607182262075156                 
distance_camera: 1.7607182262075156                 
distance_lidar: 9999.0                 
has_object: True                 
has_person: True                 
zone1: False                 
zone2: True
2026-09-11 00:08:31.926 | WARNING  | _action_collision_callback:330 - 
相机综合检测结果                                         
设备ID: C18                                         
区域代码: 3                                         
物体在区域内: True                                         
减速区域：False                                         
停止区域：True                                         
有物体: True                                         
有行人: True                                         
置信度: 0.952                                         
最近距离: 1.761 m                                         
相交面积: 97484.000                                         
相交比例: 0.971                                         
物体类型: person                                         
最终耗时: 251.148 ms 
2026-09-11 00:08:31.990 | INFO     | _send_fused_det_msg:762 - 
Publish detect message                
area: 3                 
device: ['C18']                 
distance: 1.7607182262075156                 
distance_camera: 1.7607182262075156                 
distance_lidar: 9999.0                 
has_object: True                 
has_person: True                 
zone1: False                 
zone2: True
2026-09-11 00:08:32.047 | INFO     | _send_fused_det_msg:762 - 
Publish detect message                
area: 3                 
device: ['C18']                 
distance: 1.7607182262075156                 
distance_camera: 1.7607182262075156                 
distance_lidar: 9999.0                 
has_object: True                 
has_person: True                 
zone1: False                 
zone2: True
2026-09-11 00:08:32.104 | INFO     | _get_distance:432 - 【gantry_collision】float(3.4785403755782155e-12)*2164**4 + float(-2.992194721400016e-08)*2164**3 + float(9.487611627735373e-05)*2164**2 + float(-0.1361799689501247)*2164 + float(79.4357976549663)
2026-09-11 00:08:32.107 | INFO     | _send_fused_det_msg:762 - 
Publish detect message                
area: 3                 
device: ['C18']                 
distance: 2.0973954007045137                 
distance_camera: 2.0973954007045137                 
distance_lidar: 9999.0                 
has_object: True                 
has_person: True                 
zone1: False                 
zone2: True
2026-09-11 00:08:32.111 | WARNING  | _action_collision_callback:330 - 
相机综合检测结果                                         
设备ID: C18                                         
区域代码: 3                                         
物体在区域内: True                                         
减速区域：False                                         
停止区域：True                                         
有物体: True                                         
有行人: True                                         
置信度: 0.951                                         
最近距离: 2.097 m                                         
相交面积: 118879.000                                         
相交比例: 1.000                                         
物体类型: person                                         
最终耗时: 201.274 ms 
2026-09-11 00:08:32.128 | INFO     | _send_fused_det_msg:762 - 
Publish detect message                
area: 3                 
device: ['C18']                 
distance: 2.0973954007045137                 
distance_camera: 2.0973954007045137                 
distance_lidar: 9999.0                 
has_object: True                 
has_person: True                 
zone1: False                 
zone2: True
2026-09-11 00:08:32.136 | INFO     | _send_fused_det_msg:762 - 
Publish detect message                
area: 3                 
device: ['C18']                 
distance: 2.0973954007045137                 
distance_camera: 2.0973954007045137                 
distance_lidar: 9999.0                 
has_object: True                 
has_person: True                 
zone1: False                 
zone2: True
2026-09-11 00:08:32.269 | INFO     | _send_fused_det_msg:762 - 
Publish detect message                
area: 3                 
device: ['C18']                 
distance: 2.0973954007045137                 
distance_camera: 2.0973954007045137                 
distance_lidar: 9999.0                 
has_object: True                 
has_person: True                 
zone1: False                 
zone2: True
2026-09-11 00:08:32.360 | INFO     | _send_fused_det_msg:762 - 
Publish detect message                
area: 3                 
device: ['C18']                 
distance: 2.0973954007045137                 
distance_camera: 2.0973954007045137                 
distance_lidar: 9999.0                 
has_object: True                 
has_person: True                 
zone1: False                 
zone2: True
2026-09-11 00:08:32.360 | INFO     | _get_distance:432 - 【gantry_collision】float(3.4785403755782155e-12)*2138**4 + float(-2.992194721400016e-08)*2138**3 + float(9.487611627735373e-05)*2138**2 + float(-0.1361799689501247)*2138 + float(79.4357976549663)
2026-09-11 00:08:32.375 | INFO     | _send_fused_det_msg:762 - 
Publish detect message                
area: 3                 
device: ['C18']                 
distance: 2.224129856125174                 
distance_camera: 2.224129856125174                 
distance_lidar: 9999.0                 
has_object: True                 
has_person: True                 
zone1: False                 
zone2: True
2026-09-11 00:08:32.378 | WARNING  | _action_collision_callback:330 - 
相机综合检测结果                                         
设备ID: C18                                         
区域代码: 3                                         
物体在区域内: True                                         
减速区域：False                                         
停止区域：True                                         
有物体: True                                         
有行人: True                                         
置信度: 0.940                                         
最近距离: 2.224 m                                         
相交面积: 120217.000                                         
相交比例: 1.000                                         
物体类型: person                                         
最终耗时: 309.788 ms 
2026-09-11 00:08:32.437 | INFO     | _get_distance:432 - 【gantry_collision】float(3.4785403755782155e-12)*2046**4 + float(-2.992194721400016e-08)*2046**3 + float(9.487611627735373e-05)*2046**2 + float(-0.1361799689501247)*2046 + float(79.4357976549663)
2026-09-11 00:08:32.441 | INFO     | _send_fused_det_msg:762 - 
Publish detect message                
area: 3                 
device: ['C18']                 
distance: 2.655151360085071                 
distance_camera: 2.655151360085071                 
distance_lidar: 9999.0                 
has_object: True                 
has_person: True                 
zone1: False                 
zone2: True
2026-09-11 00:08:32.442 | WARNING  | _action_collision_callback:330 - 
相机综合检测结果                                         
设备ID: C18                                         
区域代码: 3                                         
物体在区域内: True                                         
减速区域：False                                         
停止区域：True                                         
有物体: True                                         
有行人: True                                         
置信度: 0.960                                         
最近距离: 2.655 m                                         
相交面积: 108330.000                                         
相交比例: 1.000                                         
物体类型: person                                         
最终耗时: 241.179 ms 
2026-09-11 00:08:32.467 | INFO     | _send_fused_det_msg:762 - 
Publish detect message                
area: 3                 
device: ['C18']                 
distance: 2.655151360085071                 
distance_camera: 2.655151360085071                 
distance_lidar: 9999.0                 
has_object: True                 
has_person: True                 
zone1: False                 
zone2: True
2026-09-11 00:08:32.560 | INFO     | _get_distance:432 - 【gantry_collision】float(3.4785403755782155e-12)*1964**4 + float(-2.992194721400016e-08)*1964**3 + float(9.487611627735373e-05)*1964**2 + float(-0.1361799689501247)*1964 + float(79.4357976549663)
2026-09-11 00:08:32.562 | INFO     | _send_fused_det_msg:762 - 
Publish detect message                
area: 3                 
device: ['C18']                 
distance: 3.0193004111740294                 
distance_camera: 3.0193004111740294                 
distance_lidar: 9999.0                 
has_object: True                 
has_person: True                 
zone1: False                 
zone2: True
2026-09-11 00:08:32.563 | WARNING  | _action_collision_callback:330 - 
相机综合检测结果                                         
设备ID: C18                                         
区域代码: 3                                         
物体在区域内: True                                         
减速区域：False                                         
停止区域：True                                         
有物体: True                                         
有行人: True                                         
置信度: 0.954                                         
最近距离: 3.019 m                                         
相交面积: 90943.000                                         
相交比例: 1.000                                         
物体类型: person                                         
最终耗时: 209.941 ms 
2026-09-11 00:08:32.622 | INFO     | _send_fused_det_msg:762 - 
Publish detect message                
area: 3                 
device: ['C18']                 
distance: 3.0193004111740294                 
distance_camera: 3.0193004111740294                 
distance_lidar: 9999.0                 
has_object: True                 
has_person: True                 
zone1: False                 
zone2: True
2026-09-11 00:08:32.643 | INFO     | _send_fused_det_msg:762 - 
Publish detect message                
area: 3                 
device: ['C18']                 
distance: 3.0193004111740294                 
distance_camera: 3.0193004111740294                 
distance_lidar: 9999.0                 
has_object: True                 
has_person: True                 
zone1: False                 
zone2: True
2026-09-11 00:08:32.738 | INFO     | _get_distance:432 - 【gantry_collision】float(3.4785403755782155e-12)*1813**4 + float(-2.992194721400016e-08)*1813**3 + float(9.487611627735373e-05)*1813**2 + float(-0.1361799689501247)*1813 + float(79.4357976549663)
2026-09-11 00:08:32.740 | INFO     | _send_fused_det_msg:762 - 
Publish detect message                
area: 3                 
device: ['C18']                 
distance: 3.6659859797229473                 
distance_camera: 3.6659859797229473                 
distance_lidar: 9999.0                 
has_object: True                 
has_person: True                 
zone1: False                 
zone2: True
2026-09-11 00:08:32.740 | WARNING  | _action_collision_callback:330 - 
相机综合检测结果                                         
设备ID: C18                                         
区域代码: 3                                         
物体在区域内: True                                         
减速区域：False                                         
停止区域：True                                         
有物体: True                                         
有行人: True                                         
置信度: 0.931                                         
最近距离: 3.666 m                                         
相交面积: 61069.000                                         
相交比例: 1.000                                         
物体类型: person                                         
最终耗时: 247.625 ms 
2026-09-11 00:08:32.756 | INFO     | _send_fused_det_msg:762 - 
Publish detect message                
area: 3                 
device: ['C18']                 
distance: 3.6659859797229473                 
distance_camera: 3.6659859797229473                 
distance_lidar: 9999.0                 
has_object: True                 
has_person: True                 
zone1: False                 
zone2: True
2026-09-11 00:08:32.960 | INFO     | _get_distance:432 - 【gantry_collision】float(3.4785403755782155e-12)*1842**4 + float(-2.992194721400016e-08)*1842**3 + float(9.487611627735373e-05)*1842**2 + float(-0.1361799689501247)*1842 + float(79.4357976549663)
2026-09-11 00:08:32.969 | INFO     | _send_fused_det_msg:762 - 
Publish detect message                
area: 3                 
device: ['C18']                 
distance: 3.6659859797229473                 
distance_camera: 3.6659859797229473                 
distance_lidar: 9999.0                 
has_object: True                 
has_person: True                 
zone1: False                 
zone2: True
2026-09-11 00:08:33.040 | INFO     | _send_fused_det_msg:762 - 
Publish detect message                
area: 3                 
device: ['C18']                 
distance: 3.5418374767062204                 
distance_camera: 3.5418374767062204                 
distance_lidar: 9999.0                 
has_object: True                 
has_person: True                 
zone1: False                 
zone2: True
2026-09-11 00:08:33.041 | WARNING  | _action_collision_callback:330 - 
相机综合检测结果                                         
设备ID: C18                                         
区域代码: 3                                         
物体在区域内: True                                         
减速区域：False                                         
停止区域：True                                         
有物体: True                                         
有行人: True                                         
置信度: 0.918                                         
最近距离: 3.542 m                                         
相交面积: 74867.000                                         
相交比例: 1.000                                         
物体类型: person                                         
最终耗时: 383.229 ms 
2026-09-11 00:08:33.046 | INFO     | _send_fused_det_msg:762 - 
Publish detect message                
area: 3                 
device: ['C18']                 
distance: 3.5418374767062204                 
distance_camera: 3.5418374767062204                 
distance_lidar: 9999.0                 
has_object: True                 
has_person: True                 
zone1: False                 
zone2: True
2026-09-11 00:08:33.113 | INFO     | _send_fused_det_msg:762 - 
Publish detect message                
area: 3                 
device: ['C18']                 
distance: 3.5418374767062204                 
distance_camera: 3.5418374767062204                 
distance_lidar: 9999.0                 
has_object: True                 
has_person: True                 
zone1: False                 
zone2: True
2026-09-11 00:08:33.134 | INFO     | _get_distance:432 - 【gantry_collision】float(3.4785403755782155e-12)*1794**4 + float(-2.992194721400016e-08)*1794**3 + float(9.487611627735373e-05)*1794**2 + float(-0.1361799689501247)*1794 + float(79.4357976549663)
2026-09-11 00:08:33.136 | INFO     | _send_fused_det_msg:762 - 
Publish detect message                
area: 3                 
device: ['C18']                 
distance: 3.7479530954970954                 
distance_camera: 3.7479530954970954                 
distance_lidar: 9999.0                 
has_object: True                 
has_person: True                 
zone1: False                 
zone2: True
2026-09-11 00:08:33.137 | WARNING  | _action_collision_callback:330 - 
相机综合检测结果                                         
设备ID: C18                                         
区域代码: 3                                         
物体在区域内: True                                         
减速区域：False                                         
停止区域：True                                         
有物体: True                                         
有行人: True                                         
置信度: 0.947                                         
最近距离: 3.748 m                                         
相交面积: 90900.000                                         
相交比例: 1.000                                         
物体类型: person                                         
最终耗时: 306.744 ms 
2026-09-11 00:08:33.231 | INFO     | _send_fused_det_msg:762 - 
Publish detect message                
area: 3                 
device: ['C18']                 
distance: 3.7479530954970954                 
distance_camera: 3.7479530954970954                 
distance_lidar: 9999.0                 
has_object: True                 
has_person: True                 
zone1: False                 
zone2: True
2026-09-11 00:08:33.327 | INFO     | _send_fused_det_msg:762 - 
Publish detect message                
area: 3                 
device: ['C18']                 
distance: 3.7479530954970954                 
distance_camera: 3.7479530954970954                 
distance_lidar: 9999.0                 
has_object: True                 
has_person: True                 
zone1: False                 
zone2: True
2026-09-11 00:08:33.404 | INFO     | _get_distance:432 - 【gantry_collision】float(3.4785403755782155e-12)*1740**4 + float(-2.992194721400016e-08)*1740**3 + float(9.487611627735373e-05)*1740**2 + float(-0.1361799689501247)*1740 + float(79.4357976549663)
2026-09-11 00:08:33.411 | INFO     | _send_fused_det_msg:762 - 
Publish detect message                
area: 3                 
device: ['C18']                 
distance: 3.9856047522956572                 
distance_camera: 3.9856047522956572                 
distance_lidar: 9999.0                 
has_object: True                 
has_person: True                 
zone1: False                 
zone2: True
2026-09-11 00:08:33.412 | INFO     | _save_collision_detect_data:889 - 保存防撞检测进入点云: /2026-09-11/algl_gantry_collision_detect_package/zone2/10/20260911_000833.pcd
2026-09-11 00:08:33.426 | WARNING  | _action_collision_callback:330 - 
相机综合检测结果                                         
设备ID: C18                                         
区域代码: 3                                         
物体在区域内: True                                         
减速区域：False                                         
停止区域：True                                         
有物体: True                                         
有行人: True                                         
置信度: 0.933                                         
最近距离: 3.986 m                                         
相交面积: 97904.000                                         
相交比例: 1.000                                         
物体类型: person                                         
最终耗时: 313.192 ms 
2026-09-11 00:08:33.426 | INFO     | _save_detect_data:818 - 设备10进入区域3的zone2，保存进入数据
2026-09-11 00:08:33.434 | WARNING  | _lidar_callback:367 - lidar 10 det distance 1.6788399707739745 area 3
2026-09-11 00:08:33.435 | INFO     | _send_fused_det_msg:762 - 
Publish detect message                
area: 3                 
device: ['L18']                 
distance: 1.6788399707739745                 
distance_camera: 3.9856047522956572                 
distance_lidar: 1.6788399707739745                 
has_object: True                 
has_person: False                 
zone1: False                 
zone2: True
2026-09-11 00:08:33.449 | INFO     | _send_fused_det_msg:762 - 
Publish detect message                
area: 3                 
device: ['L18']                 
distance: 1.6788399707739745                 
distance_camera: 3.9856047522956572                 
distance_lidar: 1.6788399707739745                 
has_object: True                 
has_person: False                 
zone1: False                 
zone2: True
2026-09-11 00:08:33.492 | INFO     | _get_distance:432 - 【gantry_collision】float(3.4785403755782155e-12)*1635**4 + float(-2.992194721400016e-08)*1635**3 + float(9.487611627735373e-05)*1635**2 + float(-0.1361799689501247)*1635 + float(79.4357976549663)
2026-09-11 00:08:33.496 | INFO     | _send_fused_det_msg:762 - 
Publish detect message                
area: 3                 
device: ['L18']                 
distance: 1.6788399707739745                 
distance_camera: 4.484323549799839                 
distance_lidar: 1.6788399707739745                 
has_object: True                 
has_person: False                 
zone1: False                 
zone2: True
2026-09-11 00:08:33.496 | WARNING  | _action_collision_callback:330 - 
相机综合检测结果                                         
设备ID: C18                                         
区域代码: 3                                         
物体在区域内: True                                         
减速区域：False                                         
停止区域：True                                         
有物体: True                                         
有行人: True                                         
置信度: 0.941                                         
最近距离: 4.484 m                                         
相交面积: 68890.000                                         
相交比例: 1.000                                         
物体类型: person                                         
最终耗时: 230.778 ms 
2026-09-11 00:08:33.554 | INFO     | _send_fused_det_msg:762 - 
Publish detect message                
area: 3                 
device: ['L18']                 
distance: 1.6788399707739745                 
distance_camera: 4.484323549799839                 
distance_lidar: 1.6788399707739745                 
has_object: True                 
has_person: False                 
zone1: False                 
zone2: True
2026-09-11 00:08:33.583 | INFO     | _get_distance:432 - 【gantry_collision】float(3.4785403755782155e-12)*1630**4 + float(-2.992194721400016e-08)*1630**3 + float(9.487611627735373e-05)*1630**2 + float(-0.1361799689501247)*1630 + float(79.4357976549663)
2026-09-11 00:08:33.586 | INFO     | _send_fused_det_msg:762 - 
Publish detect message                
area: 3                 
device: ['L18']                 
distance: 1.6788399707739745                 
distance_camera: 4.509844094714808                 
distance_lidar: 1.6788399707739745                 
has_object: True                 
has_person: False                 
zone1: False                 
zone2: True
2026-09-11 00:08:33.588 | WARNING  | _action_collision_callback:330 - 
相机综合检测结果                                         
设备ID: C18                                         
区域代码: 3                                         
物体在区域内: True                                         
减速区域：False                                         
停止区域：True                                         
有物体: True                                         
有行人: True                                         
置信度: 0.831                                         
最近距离: 4.510 m                                         
相交面积: 66272.000                                         
相交比例: 1.000                                         
物体类型: person                                         
最终耗时: 169.102 ms 
2026-09-11 00:08:33.658 | INFO     | _send_fused_det_msg:762 - 
Publish detect message                
area: 3                 
device: ['L18']                 
distance: 1.6788399707739745                 
distance_camera: 4.509844094714808                 
distance_lidar: 1.6788399707739745                 
has_object: True                 
has_person: False                 
zone1: False                 
zone2: True
2026-09-11 00:08:33.710 | INFO     | _send_fused_det_msg:762 - 
Publish detect message                
area: 3                 
device: ['L18']                 
distance: 1.6788399707739745                 
distance_camera: 4.509844094714808                 
distance_lidar: 1.6788399707739745                 
has_object: True                 
has_person: False                 
zone1: False                 
zone2: True
2026-09-11 00:08:33.730 | INFO     | _get_distance:432 - 【gantry_collision】float(3.4785403755782155e-12)*1498**4 + float(-2.992194721400016e-08)*1498**3 + float(9.487611627735373e-05)*1498**2 + float(-0.1361799689501247)*1498 + float(79.4357976549663)
2026-09-11 00:08:33.732 | INFO     | _send_fused_det_msg:762 - 
Publish detect message                
area: 3                 
device: ['L18']                 
distance: 1.6788399707739745                 
distance_camera: 5.273802418480656                 
distance_lidar: 1.6788399707739745                 
has_object: True                 
has_person: False                 
zone1: False                 
zone2: True
2026-09-11 00:08:33.736 | WARNING  | _action_collision_callback:330 - 
相机综合检测结果                                         
设备ID: C18                                         
区域代码: 3                                         
物体在区域内: True                                         
减速区域：False                                         
停止区域：True                                         
有物体: True                                         
有行人: True                                         
置信度: 0.833                                         
最近距离: 5.274 m                                         
相交面积: 46800.000                                         
相交比例: 1.000                                         
物体类型: person                                         
最终耗时: 276.551 ms 
2026-09-11 00:08:33.793 | WARNING  | _lidar_callback:367 - lidar 10 det distance 1.6788399707739745 area 3
2026-09-11 00:08:33.797 | INFO     | _send_fused_det_msg:762 - 
Publish detect message                
area: 3                 
device: ['L18']                 
distance: 1.6788399707739745                 
distance_camera: 5.273802418480656                 
distance_lidar: 1.6788399707739745                 
has_object: True                 
has_person: False                 
zone1: False                 
zone2: True
2026-09-11 00:08:33.855 | INFO     | _send_fused_det_msg:762 - 
Publish detect message                
area: 3                 
device: ['L18']                 
distance: 1.6788399707739745                 
distance_camera: 5.273802418480656                 
distance_lidar: 1.6788399707739745                 
has_object: True                 
has_person: False                 
zone1: False                 
zone2: True
2026-09-11 00:08:33.888 | INFO     | _send_fused_det_msg:762 - 
Publish detect message                
area: 3                 
device: ['L18']                 
distance: 1.6788399707739745                 
distance_camera: 5.273802418480656                 
distance_lidar: 1.6788399707739745                 
has_object: True                 
has_person: False                 
zone1: False                 
zone2: True
2026-09-11 00:08:33.905 | INFO     | _get_distance:432 - 【gantry_collision】float(3.4785403755782155e-12)*1514**4 + float(-2.992194721400016e-08)*1514**3 + float(9.487611627735373e-05)*1514**2 + float(-0.1361799689501247)*1514 + float(79.4357976549663)
2026-09-11 00:08:33.907 | INFO     | _send_fused_det_msg:762 - 
Publish detect message                
area: 3                 
device: ['L18']                 
distance: 1.6788399707739745                 
distance_camera: 5.170126173226279                 
distance_lidar: 1.6788399707739745                 
has_object: True                 
has_person: False                 
zone1: False                 
zone2: True
2026-09-11 00:08:33.908 | WARNING  | _action_collision_callback:330 - 
相机综合检测结果                                         
设备ID: C18                                         
区域代码: 3                                         
物体在区域内: True                                         
减速区域：False                                         
停止区域：True                                         
有物体: True                                         
有行人: True                                         
置信度: 0.937                                         
最近距离: 5.170 m                                         
相交面积: 53049.000                                         
相交比例: 0.921                                         
物体类型: person                                         
最终耗时: 213.040 ms 
2026-09-11 00:08:33.977 | INFO     | _send_fused_det_msg:762 - 
Publish detect message                
area: 3                 
device: ['L18']                 
distance: 1.6788399707739745                 
distance_camera: 5.170126173226279                 
distance_lidar: 1.6788399707739745                 
has_object: True                 
has_person: False                 
zone1: False                 
zone2: True
2026-09-11 00:08:33.995 | INFO     | _get_distance:432 - 【gantry_collision】float(3.4785403755782155e-12)*1510**4 + float(-2.992194721400016e-08)*1510**3 + float(9.487611627735373e-05)*1510**2 + float(-0.1361799689501247)*1510 + float(79.4357976549663)
2026-09-11 00:08:34.001 | INFO     | _send_fused_det_msg:762 - 
Publish detect message                
area: 3                 
device: ['L18']                 
distance: 1.6788399707739745                 
distance_camera: 5.195709719485606                 
distance_lidar: 1.6788399707739745                 
has_object: True                 
has_person: False                 
zone1: False                 
zone2: True
2026-09-11 00:08:34.006 | WARNING  | _action_collision_callback:330 - 
相机综合检测结果                                         
设备ID: C18                                         
区域代码: 3                                         
物体在区域内: True                                         
减速区域：False                                         
停止区域：True                                         
有物体: True                                         
有行人: True                                         
置信度: 0.932                                         
最近距离: 5.196 m                                         
相交面积: 57811.000                                         
相交比例: 0.874                                         
物体类型: person                                         
最终耗时: 180.807 ms 
2026-09-11 00:08:34.033 | INFO     | _send_fused_det_msg:762 - 
Publish detect message                
area: 3                 
device: ['L18']                 
distance: 1.6788399707739745                 
distance_camera: 5.195709719485606                 
distance_lidar: 1.6788399707739745                 
has_object: True                 
has_person: False                 
zone1: False                 
zone2: True
2026-09-11 00:08:34.116 | INFO     | _send_fused_det_msg:762 - 
Publish detect message                
area: 3                 
device: ['L18']                 
distance: 1.6788399707739745                 
distance_camera: 5.195709719485606                 
distance_lidar: 1.6788399707739745                 
has_object: True                 
has_person: False                 
zone1: False                 
zone2: True
2026-09-11 00:08:34.140 | INFO     | _get_distance:432 - 【gantry_collision】float(3.4785403755782155e-12)*1505**4 + float(-2.992194721400016e-08)*1505**3 + float(9.487611627735373e-05)*1505**2 + float(-0.1361799689501247)*1505 + float(79.4357976549663)
2026-09-11 00:08:34.151 | INFO     | _send_fused_det_msg:762 - 
Publish detect message                
area: 3                 
device: ['L18']                 
distance: 1.6788399707739745                 
distance_camera: 5.228000876286089                 
distance_lidar: 1.6788399707739745                 
has_object: True                 
has_person: False                 
zone1: False                 
zone2: True
2026-09-11 00:08:34.152 | WARNING  | _action_collision_callback:330 - 
相机综合检测结果                                         
设备ID: C18                                         
区域代码: 3                                         
物体在区域内: True                                         
减速区域：False                                         
停止区域：True                                         
有物体: True                                         
有行人: True                                         
置信度: 0.938                                         
最近距离: 5.228 m                                         
相交面积: 57574.000                                         
相交比例: 0.812                                         
物体类型: person                                         
最终耗时: 248.299 ms 
2026-09-11 00:08:34.309 | INFO     | _send_fused_det_msg:762 - 
Publish detect message                
area: 3                 
device: ['L18']                 
distance: 1.6788399707739745                 
distance_camera: 5.228000876286089                 
distance_lidar: 1.6788399707739745                 
has_object: True                 
has_person: False                 
zone1: False                 
zone2: True
2026-09-11 00:08:34.355 | INFO     | _get_distance:432 - 【gantry_collision】float(3.4785403755782155e-12)*1469**4 + float(-2.992194721400016e-08)*1469**3 + float(9.487611627735373e-05)*1469**2 + float(-0.1361799689501247)*1469 + float(79.4357976549663)
2026-09-11 00:08:34.345 | INFO     | _send_fused_det_msg:762 - 
Publish detect message                
area: 3                 
device: ['L18']                 
distance: 1.6788399707739745                 
distance_camera: 5.228000876286089                 
distance_lidar: 1.6788399707739745                 
has_object: True                 
has_person: False                 
zone1: False                 
zone2: True
2026-09-11 00:08:34.392 | WARNING  | _lidar_callback:367 - lidar 10 det distance 3.2187971389068846 area 3
2026-09-11 00:08:34.422 | INFO     | _send_fused_det_msg:762 - 
Publish detect message                
area: 3                 
device: ['L18']                 
distance: 3.2187971389068846                 
distance_camera: 5.471323361584041                 
distance_lidar: 3.2187971389068846                 
has_object: True                 
has_person: False                 
zone1: False                 
zone2: True
2026-09-11 00:08:34.496 | WARNING  | _action_collision_callback:330 - 
相机综合检测结果                                         
设备ID: C18                                         
区域代码: 3                                         
物体在区域内: True                                         
减速区域：False                                         
停止区域：True                                         
有物体: True                                         
有行人: True                                         
置信度: 0.909                                         
最近距离: 5.471 m                                         
相交面积: 49159.000                                         
相交比例: 0.731                                         
物体类型: person                                         
最终耗时: 471.784 ms 
2026-09-11 00:08:34.500 | INFO     | _send_fused_det_msg:762 - 
Publish detect message                
area: 3                 
device: ['L18']                 
distance: 3.2187971389068846                 
distance_camera: 5.471323361584041                 
distance_lidar: 3.2187971389068846                 
has_object: True                 
has_person: False                 
zone1: False                 
zone2: True
2026-09-11 00:08:34.517 | INFO     | _send_fused_det_msg:762 - 
Publish detect message                
area: 3                 
device: ['L18']                 
distance: 3.2187971389068846                 
distance_camera: 5.471323361584041                 
distance_lidar: 3.2187971389068846                 
has_object: True                 
has_person: False                 
zone1: False                 
zone2: True
2026-09-11 00:08:34.582 | INFO     | _send_fused_det_msg:762 - 
Publish detect message                
area: 3                 
device: ['L18']                 
distance: 3.2187971389068846                 
distance_camera: 5.471323361584041                 
distance_lidar: 3.2187971389068846                 
has_object: True                 
has_person: False                 
zone1: False                 
zone2: True
2026-09-11 00:08:34.591 | INFO     | _get_distance:432 - 【gantry_collision】float(3.4785403755782155e-12)*1381**4 + float(-2.992194721400016e-08)*1381**3 + float(9.487611627735373e-05)*1381**2 + float(-0.1361799689501247)*1381 + float(79.4357976549663)
2026-09-11 00:08:34.594 | INFO     | _send_fused_det_msg:762 - 
Publish detect message                
area: 3                 
device: ['L18']                 
distance: 3.2187971389068846                 
distance_camera: 6.159550176385181                 
distance_lidar: 3.2187971389068846                 
has_object: True                 
has_person: False                 
zone1: False                 
zone2: True
2026-09-11 00:08:34.613 | WARNING  | _action_collision_callback:330 - 
相机综合检测结果                                         
设备ID: C18                                         
区域代码: 3                                         
物体在区域内: True                                         
减速区域：True                                         
停止区域：False                                         
有物体: True                                         
有行人: True                                         
置信度: 0.898                                         
最近距离: 6.160 m                                         
相交面积: 24879.000                                         
相交比例: 0.553                                         
物体类型: person                                         
最终耗时: 392.804 ms 
2026-09-11 00:08:34.656 | INFO     | _send_fused_det_msg:762 - 
Publish detect message                
area: 3                 
device: ['L18']                 
distance: 3.2187971389068846                 
distance_camera: 6.159550176385181                 
distance_lidar: 3.2187971389068846                 
has_object: True                 
has_person: False                 
zone1: False                 
zone2: True
2026-09-11 00:08:34.684 | INFO     | _send_fused_det_msg:762 - 
Publish detect message                
area: 3                 
device: ['L18']                 
distance: 3.2187971389068846                 
distance_camera: 6.159550176385181                 
distance_lidar: 3.2187971389068846                 
has_object: True                 
has_person: False                 
zone1: False                 
zone2: True
2026-09-11 00:08:34.766 | INFO     | _get_distance:432 - 【gantry_collision】float(3.4785403755782155e-12)*1317**4 + float(-2.992194721400016e-08)*1317**3 + float(9.487611627735373e-05)*1317**2 + float(-0.1361799689501247)*1317 + float(79.4357976549663)
2026-09-11 00:08:34.768 | INFO     | _send_fused_det_msg:762 - 
Publish detect message                
area: 3                 
device: ['L18']                 
distance: 3.2187971389068846                 
distance_camera: 6.762017967635572                 
distance_lidar: 3.2187971389068846                 
has_object: True                 
has_person: False                 
zone1: False                 
zone2: True
2026-09-11 00:08:34.769 | WARNING  | _action_collision_callback:330 - 
相机综合检测结果                                         
设备ID: C18                                         
区域代码: 3                                         
物体在区域内: True                                         
减速区域：True                                         
停止区域：False                                         
有物体: True                                         
有行人: True                                         
置信度: 0.642                                         
最近距离: 6.762 m                                         
相交面积: 8984.000                                         
相交比例: 0.242                                         
物体类型: person                                         
最终耗时: 196.859 ms 
2026-09-11 00:08:34.787 | INFO     | _send_fused_det_msg:762 - 
Publish detect message                
area: 3                 
device: ['L18']                 
distance: 3.2187971389068846                 
distance_camera: 6.762017967635572                 
distance_lidar: 3.2187971389068846                 
has_object: True                 
has_person: False                 
zone1: False                 
zone2: True
2026-09-11 00:08:34.827 | WARNING  | _lidar_callback:367 - lidar 10 det distance 3.2187971389068846 area 3
2026-09-11 00:08:34.854 | INFO     | _send_fused_det_msg:762 - 
Publish detect message                
area: 3                 
device: ['L18']                 
distance: 3.2187971389068846                 
distance_camera: 6.762017967635572                 
distance_lidar: 3.2187971389068846                 
has_object: True                 
has_person: False                 
zone1: False                 
zone2: True
2026-09-11 00:08:34.885 | INFO     | _send_fused_det_msg:762 - 
Publish detect message                
area: 3                 
device: ['L18']                 
distance: 3.2187971389068846                 
distance_camera: 6.762017967635572                 
distance_lidar: 3.2187971389068846                 
has_object: True                 
has_person: False                 
zone1: False                 
zone2: True
2026-09-11 00:08:34.923 | INFO     | _get_distance:432 - 【gantry_collision】float(3.4785403755782155e-12)*1294**4 + float(-2.992194721400016e-08)*1294**3 + float(9.487611627735373e-05)*1294**2 + float(-0.1361799689501247)*1294 + float(79.4357976549663)
2026-09-11 00:08:34.931 | INFO     | _send_fused_det_msg:762 - 
Publish detect message                
area: 3                 
device: ['L18']                 
distance: 3.2187971389068846                 
distance_camera: 7.003324088891063                 
distance_lidar: 3.2187971389068846                 
has_object: True                 
has_person: False                 
zone1: False                 
zone2: True
2026-09-11 00:08:34.939 | WARNING  | _action_collision_callback:330 - 
相机综合检测结果                                         
设备ID: C18                                         
区域代码: 3                                         
物体在区域内: True                                         
减速区域：True                                         
停止区域：False                                         
有物体: True                                         
有行人: True                                         
置信度: 0.859                                         
最近距离: 7.003 m                                         
相交面积: 8602.000                                         
相交比例: 0.218                                         
物体类型: person                                         
最终耗时: 240.464 ms 
2026-09-11 00:08:34.942 | INFO     | _send_fused_det_msg:762 - 
Publish detect message                
area: 3                 
device: ['L18']                 
distance: 3.2187971389068846                 
distance_camera: 7.003324088891063                 
distance_lidar: 3.2187971389068846                 
has_object: True                 
has_person: False                 
zone1: False                 
zone2: True
2026-09-11 00:08:34.999 | INFO     | _send_fused_det_msg:762 - 
Publish detect message                
area: 3                 
device: ['L18']                 
distance: 3.2187971389068846                 
distance_camera: 7.003324088891063                 
distance_lidar: 3.2187971389068846                 
has_object: True                 
has_person: False                 
zone1: False                 
zone2: True
2026-09-11 00:08:35.037 | INFO     | _send_fused_det_msg:762 - 
Publish detect message                
area: 3                 
device: ['L18']                 
distance: 3.2187971389068846                 
distance_camera: 7.003324088891063                 
distance_lidar: 3.2187971389068846                 
has_object: True                 
has_person: False                 
zone1: False                 
zone2: True
2026-09-11 00:08:35.089 | INFO     | _send_fused_det_msg:762 - 
Publish detect message                
area: 3                 
device: ['L18']                 
distance: 3.2187971389068846                 
distance_camera: 7.003324088891063                 
distance_lidar: 3.2187971389068846                 
has_object: True                 
has_person: False                 
zone1: False                 
zone2: True
2026-09-11 00:08:35.193 | INFO     | _send_fused_det_msg:762 - 
Publish detect message                
area: 3                 
device: ['L18']                 
distance: 3.2187971389068846                 
distance_camera: 7.003324088891063                 
distance_lidar: 3.2187971389068846                 
has_object: True                 
has_person: False                 
zone1: False                 
zone2: True
2026-09-11 00:08:35.199 | INFO     | _send_fused_det_msg:762 - 
Publish detect message                
area: 3                 
device: ['L18']                 
distance: 3.2187971389068846                 
distance_camera: 7.003324088891063                 
distance_lidar: 3.2187971389068846                 
has_object: True                 
has_person: False                 
zone1: False                 
zone2: True
2026-09-11 00:08:35.237 | WARNING  | _lidar_callback:367 - lidar 10 det distance 3.6754309314953546 area 3
2026-09-11 00:08:35.243 | INFO     | _send_fused_det_msg:762 - 
Publish detect message                
area: 3                 
device: ['L18']                 
distance: 3.6754309314953546                 
distance_camera: 7.003324088891063                 
distance_lidar: 3.6754309314953546                 
has_object: True                 
has_person: False                 
zone1: False                 
zone2: True
2026-09-11 00:08:35.274 | INFO     | _send_fused_det_msg:762 - 
Publish detect message                
area: 3                 
device: ['L18']                 
distance: 3.6754309314953546                 
distance_camera: 7.003324088891063                 
distance_lidar: 3.6754309314953546                 
has_object: True                 
has_person: False                 
zone1: False                 
zone2: True
2026-09-11 00:08:35.415 | INFO     | _send_fused_det_msg:762 - 
Publish detect message                
area: 3                 
device: ['L18']                 
distance: 3.6754309314953546                 
distance_camera: 7.003324088891063                 
distance_lidar: 3.6754309314953546                 
has_object: True                 
has_person: False                 
zone1: False                 
zone2: True
2026-09-11 00:08:35.421 | INFO     | _send_fused_det_msg:762 - 
Publish detect message                
area: 3                 
device: ['L18']                 
distance: 3.6754309314953546                 
distance_camera: 7.003324088891063                 
distance_lidar: 3.6754309314953546                 
has_object: True                 
has_person: False                 
zone1: False                 
zone2: True
2026-09-11 00:08:35.428 | INFO     | _send_fused_det_msg:762 - 
Publish detect message                
area: 3                 
device: ['L18']                 
distance: 3.6754309314953546                 
distance_camera: 7.003324088891063                 
distance_lidar: 3.6754309314953546                 
has_object: True                 
has_person: False                 
zone1: False                 
zone2: True
2026-09-11 00:08:35.451 | INFO     | _send_fused_det_msg:762 - 
Publish detect message                
area: 3                 
device: ['L18']                 
distance: 3.6754309314953546                 
distance_camera: 7.003324088891063                 
distance_lidar: 3.6754309314953546                 
has_object: True                 
has_person: False                 
zone1: False                 
zone2: True
2026-09-11 00:08:35.505 | INFO     | _send_fused_det_msg:762 - 
Publish detect message                
area: 3                 
device: ['L18']                 
distance: 3.6754309314953546                 
distance_camera: 7.003324088891063                 
distance_lidar: 3.6754309314953546                 
has_object: True                 
has_person: False                 
zone1: False                 
zone2: True
2026-09-11 00:08:35.578 | INFO     | _send_fused_det_msg:762 - 
Publish detect message                
area: 3                 
device: ['L18']                 
distance: 3.6754309314953546                 
distance_camera: 7.003324088891063                 
distance_lidar: 3.6754309314953546                 
has_object: True                 
has_person: False                 
zone1: False                 
zone2: True
2026-09-11 00:08:35.610 | INFO     | _send_fused_det_msg:762 - 
Publish detect message                
area: 3                 
device: ['L18']                 
distance: 3.6754309314953546                 
distance_camera: 7.003324088891063                 
distance_lidar: 3.6754309314953546                 
has_object: True                 
has_person: False                 
zone1: False                 
zone2: True
2026-09-11 00:08:35.655 | WARNING  | _lidar_callback:367 - lidar 10 det distance 4.667507315204686 area 3
2026-09-11 00:08:35.658 | INFO     | _send_fused_det_msg:762 - 
Publish detect message                
area: 3                 
device: ['L18']                 
distance: 4.667507315204686                 
distance_camera: 7.003324088891063                 
distance_lidar: 4.667507315204686                 
has_object: True                 
has_person: False                 
zone1: False                 
zone2: True
2026-09-11 00:08:35.669 | INFO     | _send_fused_det_msg:762 - 
Publish detect message                
area: 3                 
device: ['L18']                 
distance: 4.667507315204686                 
distance_camera: 7.003324088891063                 
distance_lidar: 4.667507315204686                 
has_object: True                 
has_person: False                 
zone1: False                 
zone2: True
2026-09-11 00:08:35.757 | INFO     | _send_fused_det_msg:762 - 
Publish detect message                
area: 3                 
device: ['L18']                 
distance: 4.667507315204686                 
distance_camera: 7.003324088891063                 
distance_lidar: 4.667507315204686                 
has_object: True                 
has_person: False                 
zone1: False                 
zone2: True
2026-09-11 00:08:35.778 | INFO     | _send_fused_det_msg:762 - 
Publish detect message                
area: 3                 
device: ['L18']                 
distance: 4.667507315204686                 
distance_camera: 7.003324088891063                 
distance_lidar: 4.667507315204686                 
has_object: True                 
has_person: False                 
zone1: False                 
zone2: True
2026-09-11 00:08:35.842 | INFO     | _send_fused_det_msg:762 - 
Publish detect message                
area: 3                 
device: ['L18']                 
distance: 4.667507315204686                 
distance_camera: 7.003324088891063                 
distance_lidar: 4.667507315204686                 
has_object: True                 
has_person: False                 
zone1: False                 
zone2: True
2026-09-11 00:08:35.886 | WARNING  | _lidar_callback:367 - lidar 10 det distance 5.851380649281974 area 3
2026-09-11 00:08:35.890 | INFO     | _send_fused_det_msg:762 - 
Publish detect message                
area: 3                 
device: ['L18']                 
distance: 4.667507315204686                 
distance_camera: 7.003324088891063                 
distance_lidar: 4.667507315204686                 
has_object: True                 
has_person: False                 
zone1: False                 
zone2: True
2026-09-11 00:08:35.892 | INFO     | _send_fused_det_msg:762 - 
Publish detect message                
area: 3                 
device: ['L18']                 
distance: 5.851380649281974                 
distance_camera: 7.003324088891063                 
distance_lidar: 5.851380649281974                 
has_object: True                 
has_person: False                 
zone1: True                 
zone2: False
2026-09-11 00:08:35.915 | INFO     | _send_fused_det_msg:762 - 
Publish detect message                
area: 3                 
device: ['L18']                 
distance: 5.851380649281974                 
distance_camera: 7.003324088891063                 
distance_lidar: 5.851380649281974                 
has_object: True                 
has_person: False                 
zone1: True                 
zone2: False
2026-09-11 00:08:35.971 | INFO     | _send_fused_det_msg:762 - 
Publish detect message                
area: 3                 
device: ['L18']                 
distance: 5.851380649281974                 
distance_camera: 7.003324088891063                 
distance_lidar: 5.851380649281974                 
has_object: True                 
has_person: False                 
zone1: True                 
zone2: False
2026-09-11 00:08:36.044 | WARNING  | _lidar_callback:367 - lidar 10 det distance 6.36864697607961 area 3
2026-09-11 00:08:36.046 | INFO     | _send_fused_det_msg:762 - 
Publish detect message                
area: 3                 
device: ['L18']                 
distance: 6.36864697607961                 
distance_camera: 7.003324088891063                 
distance_lidar: 6.36864697607961                 
has_object: True                 
has_person: False                 
zone1: True                 
zone2: False
2026-09-11 00:08:36.065 | INFO     | _send_fused_det_msg:762 - 
Publish detect message                
area: 3                 
device: ['L18']                 
distance: 6.36864697607961                 
distance_camera: 7.003324088891063                 
distance_lidar: 6.36864697607961                 
has_object: True                 
has_person: False                 
zone1: True                 
zone2: False
2026-09-11 00:08:36.091 | INFO     | _send_fused_det_msg:762 - 
Publish detect message                
area: 3                 
device: ['L18']                 
distance: 6.36864697607961                 
distance_camera: 7.003324088891063                 
distance_lidar: 6.36864697607961                 
has_object: True                 
has_person: False                 
zone1: True                 
zone2: False
2026-09-11 00:08:36.183 | INFO     | _send_fused_det_msg:762 - 
Publish detect message                
area: 3                 
device: ['L18']                 
distance: 6.36864697607961                 
distance_camera: 7.003324088891063                 
distance_lidar: 6.36864697607961                 
has_object: True                 
has_person: False                 
zone1: True                 
zone2: False
2026-09-11 00:08:36.254 | WARNING  | _lidar_callback:367 - lidar 10 det distance 7.230517287645581 area 3
2026-09-11 00:08:36.257 | INFO     | _send_fused_det_msg:762 - 
Publish detect message                
area: 3                 
device: ['L18']                 
distance: 6.36864697607961                 
distance_camera: 7.003324088891063                 
distance_lidar: 6.36864697607961                 
has_object: True                 
has_person: False                 
zone1: True                 
zone2: False
2026-09-11 00:08:36.265 | INFO     | _send_fused_det_msg:762 - 
Publish detect message                
area: 3                 
device: ['C18']                 
distance: 7.003324088891063                 
distance_camera: 7.003324088891063                 
distance_lidar: 7.230517287645581                 
has_object: True                 
has_person: True                 
zone1: True                 
zone2: False
2026-09-11 00:08:36.270 | INFO     | _send_fused_det_msg:762 - 
Publish detect message                
area: 3                 
device: ['C18']                 
distance: 7.003324088891063                 
distance_camera: 7.003324088891063                 
distance_lidar: 7.230517287645581                 
has_object: True                 
has_person: True                 
zone1: True                 
zone2: False
2026-09-11 00:08:36.375 | INFO     | _send_fused_det_msg:762 - 
Publish detect message                
area: 3                 
device: ['C18']                 
distance: 7.003324088891063                 
distance_camera: 7.003324088891063                 
distance_lidar: 7.230517287645581                 
has_object: True                 
has_person: True                 
zone1: True                 
zone2: False
2026-09-11 00:08:36.428 | INFO     | _send_fused_det_msg:762 - 
Publish detect message                
area: 3                 
device: ['C18']                 
distance: 7.003324088891063                 
distance_camera: 7.003324088891063                 
distance_lidar: 7.230517287645581                 
has_object: True                 
has_person: True                 
zone1: True                 
zone2: False
2026-09-11 00:08:36.522 | INFO     | _send_fused_det_msg:762 - 
Publish detect message                
area: 3                 
device: ['C18']                 
distance: 7.003324088891063                 
distance_camera: 7.003324088891063                 
distance_lidar: 7.230517287645581                 
has_object: True                 
has_person: True                 
zone1: True                 
zone2: False
2026-09-11 00:08:36.560 | INFO     | _send_fused_det_msg:762 - 
Publish detect message                
area: 3                 
device: ['C18']                 
distance: 7.003324088891063                 
distance_camera: 7.003324088891063                 
distance_lidar: 7.230517287645581                 
has_object: True                 
has_person: True                 
zone1: True                 
zone2: False
2026-09-11 00:08:36.588 | WARNING  | _lidar_callback:367 - lidar 10 det distance 7.755297554265866 area 3
2026-09-11 00:08:36.590 | INFO     | _send_fused_det_msg:762 - 
Publish detect message                
area: 3                 
device: ['C18']                 
distance: 7.003324088891063                 
distance_camera: 7.003324088891063                 
distance_lidar: 7.755297554265866                 
has_object: True                 
has_person: True                 
zone1: True                 
zone2: False
2026-09-11 00:08:36.607 | INFO     | _send_fused_det_msg:762 - 
Publish detect message                
area: 3                 
device: ['C18']                 
distance: 7.003324088891063                 
distance_camera: 7.003324088891063                 
distance_lidar: 7.755297554265866                 
has_object: True                 
has_person: True                 
zone1: True                 
zone2: False
2026-09-11 00:08:36.676 | INFO     | _send_fused_det_msg:762 - 
Publish detect message                
area: 3                 
device: ['C18']                 
distance: 7.003324088891063                 
distance_camera: 7.003324088891063                 
distance_lidar: 7.755297554265866                 
has_object: True                 
has_person: True                 
zone1: True                 
zone2: False
2026-09-11 00:08:36.768 | INFO     | _send_fused_det_msg:762 - 
Publish detect message                
area: 3                 
device: ['C18']                 
distance: 7.003324088891063                 
distance_camera: 7.003324088891063                 
distance_lidar: 7.755297554265866                 
has_object: True                 
has_person: True                 
zone1: True                 
zone2: False
2026-09-11 00:08:36.824 | INFO     | _send_fused_det_msg:762 - 
Publish detect message                
area: 3                 
device: ['C18']                 
distance: 7.003324088891063                 
distance_camera: 7.003324088891063                 
distance_lidar: 7.755297554265866                 
has_object: True                 
has_person: True                 
zone1: True                 
zone2: False
2026-09-11 00:08:36.839 | WARNING  | _lidar_callback:367 - lidar 10 det distance 8.051777110499097 area 3
2026-09-11 00:08:36.848 | INFO     | _send_fused_det_msg:762 - 
Publish detect message                
area: 3                 
device: ['C18']                 
distance: 7.003324088891063                 
distance_camera: 7.003324088891063                 
distance_lidar: 8.051777110499097                 
has_object: True                 
has_person: True                 
zone1: True                 
zone2: False
2026-09-11 00:08:36.915 | INFO     | _send_fused_det_msg:762 - 
Publish detect message                
area: 3                 
device: ['C18']                 
distance: 7.003324088891063                 
distance_camera: 7.003324088891063                 
distance_lidar: 8.051777110499097                 
has_object: True                 
has_person: True                 
zone1: True                 
zone2: False
2026-09-11 00:08:36.976 | INFO     | _send_fused_det_msg:762 - 
Publish detect message                
area: 3                 
device: ['C18']                 
distance: 7.003324088891063                 
distance_camera: 7.003324088891063                 
distance_lidar: 8.051777110499097                 
has_object: True                 
has_person: True                 
zone1: True                 
zone2: False
2026-09-11 00:08:37.019 | INFO     | _send_fused_det_msg:762 - 
Publish detect message                
area: 3                 
device: ['C18']                 
distance: 7.003324088891063                 
distance_camera: 7.003324088891063                 
distance_lidar: 8.051777110499097                 
has_object: True                 
has_person: True                 
zone1: True                 
zone2: False
2026-09-11 00:08:37.167 | WARNING  | _lidar_callback:367 - lidar 10 det distance 8.578607097892808 area 3
2026-09-11 00:08:37.190 | INFO     | _send_fused_det_msg:762 - 
Publish detect message                
area: 3                 
device: ['C18']                 
distance: 7.003324088891063                 
distance_camera: 7.003324088891063                 
distance_lidar: 8.578607097892808                 
has_object: True                 
has_person: True                 
zone1: True                 
zone2: False
2026-09-11 00:08:37.209 | INFO     | _send_fused_det_msg:762 - 
Publish detect message                
area: 3                 
device: ['C18']                 
distance: 7.003324088891063                 
distance_camera: 7.003324088891063                 
distance_lidar: 8.578607097892808                 
has_object: True                 
has_person: True                 
zone1: True                 
zone2: False
2026-09-11 00:08:37.212 | INFO     | _send_fused_det_msg:762 - 
Publish detect message                
area: 3                 
device: ['C18']                 
distance: 7.003324088891063                 
distance_camera: 7.003324088891063                 
distance_lidar: 8.578607097892808                 
has_object: True                 
has_person: True                 
zone1: True                 
zone2: False
2026-09-11 00:08:37.310 | INFO     | _send_fused_det_msg:762 - 
Publish detect message                
area: 3                 
device: ['C18']                 
distance: 7.003324088891063                 
distance_camera: 7.003324088891063                 
distance_lidar: 8.578607097892808                 
has_object: True                 
has_person: True                 
zone1: True                 
zone2: False
2026-09-11 00:08:37.419 | INFO     | _send_fused_det_msg:762 - 
Publish detect message                
area: 3                 
device: ['C18']                 
distance: 7.003324088891063                 
distance_camera: 7.003324088891063                 
distance_lidar: 8.578607097892808                 
has_object: True                 
has_person: True                 
zone1: True                 
zone2: False
2026-09-11 00:08:37.458 | INFO     | _send_fused_det_msg:762 - 
Publish detect message                
area: 3                 
device: ['C18']                 
distance: 7.003324088891063                 
distance_camera: 7.003324088891063                 
distance_lidar: 8.578607097892808                 
has_object: True                 
has_person: True                 
zone1: True                 
zone2: False
2026-09-11 00:08:37.500 | WARNING  | _lidar_callback:367 - lidar 10 det distance 8.912550500459487 area 3
2026-09-11 00:08:37.509 | INFO     | _send_fused_det_msg:762 - 
Publish detect message                
area: 3                 
device: ['C18']                 
distance: 7.003324088891063                 
distance_camera: 7.003324088891063                 
distance_lidar: 8.578607097892808                 
has_object: True                 
has_person: True                 
zone1: True                 
zone2: False
2026-09-11 00:08:37.527 | INFO     | _send_fused_det_msg:762 - 
Publish detect message                
area: 3                 
device: ['C18']                 
distance: 7.003324088891063                 
distance_camera: 7.003324088891063                 
distance_lidar: 8.912550500459487                 
has_object: True                 
has_person: True                 
zone1: True                 
zone2: False
2026-09-11 00:08:37.540 | INFO     | _send_fused_det_msg:762 - 
Publish detect message                
area: 3                 
device: ['C18']                 
distance: 7.003324088891063                 
distance_camera: 7.003324088891063                 
distance_lidar: 8.912550500459487                 
has_object: True                 
has_person: True                 
zone1: True                 
zone2: False
2026-09-11 00:08:37.675 | INFO     | _send_fused_det_msg:762 - 
Publish detect message                
area: 3                 
device: ['C18']                 
distance: 7.003324088891063                 
distance_camera: 7.003324088891063                 
distance_lidar: 8.912550500459487                 
has_object: True                 
has_person: True                 
zone1: True                 
zone2: False
2026-09-11 00:08:37.752 | WARNING  | _lidar_callback:367 - lidar 10 det distance 9.242224455834755 area 3
2026-09-11 00:08:37.762 | INFO     | _send_fused_det_msg:762 - 
Publish detect message                
area: 3                 
device: ['C18']                 
distance: 7.003324088891063                 
distance_camera: 7.003324088891063                 
distance_lidar: 8.912550500459487                 
has_object: True                 
has_person: True                 
zone1: True                 
zone2: False
2026-09-11 00:08:37.774 | INFO     | _send_fused_det_msg:762 - 
Publish detect message                
area: 3                 
device: ['C18']                 
distance: 7.003324088891063                 
distance_camera: 7.003324088891063                 
distance_lidar: 9.242224455834755                 
has_object: True                 
has_person: True                 
zone1: True                 
zone2: False
2026-09-11 00:08:37.781 | INFO     | _send_fused_det_msg:762 - 
Publish detect message                
area: 3                 
device: ['C18']                 
distance: 7.003324088891063                 
distance_camera: 7.003324088891063                 
distance_lidar: 9.242224455834755                 
has_object: True                 
has_person: True                 
zone1: True                 
zone2: False
2026-09-11 00:08:37.861 | INFO     | _send_fused_det_msg:762 - 
Publish detect message                
area: 3                 
device: ['C18']                 
distance: 7.003324088891063                 
distance_camera: 7.003324088891063                 
distance_lidar: 9.242224455834755                 
has_object: True                 
has_person: True                 
zone1: True                 
zone2: False
2026-09-11 00:08:37.922 | INFO     | _send_fused_det_msg:762 - 
Publish detect message                
area: 3                 
device: ['C18']                 
distance: 7.003324088891063                 
distance_camera: 7.003324088891063                 
distance_lidar: 9.242224455834755                 
has_object: True                 
has_person: True                 
zone1: True                 
zone2: False
2026-09-11 00:08:37.954 | INFO     | _send_fused_det_msg:762 - 
Publish detect message                
area: 3                 
device: ['C18']                 
distance: 7.003324088891063                 
distance_camera: 7.003324088891063                 
distance_lidar: 9.242224455834755                 
has_object: True                 
has_person: True                 
zone1: True                 
zone2: False
2026-09-11 00:08:37.963 | INFO     | _save_collision_detect_data:889 - 保存防撞检测离开点云: /2026-09-11/algl_gantry_collision_detect_package/zone1/10/20260911_000837_leave.pcd
2026-09-11 00:08:37.963 | INFO     | _save_detect_data:820 - 设备10离开区域3的zone1，保存离开数据
2026-09-11 00:08:37.964 | INFO     | _send_fused_det_msg:762 - 
Publish detect message                
area: 3                 
device: ['C18']                 
distance: 7.003324088891063                 
distance_camera: 7.003324088891063                 
distance_lidar: 9999.0                 
has_object: True                 
has_person: True                 
zone1: True                 
zone2: False
2026-09-11 00:08:38.005 | INFO     | _send_fused_det_msg:762 - 
Publish detect message                
area: 3                 
device: ['C18']                 
distance: 7.003324088891063                 
distance_camera: 7.003324088891063                 
distance_lidar: 9999.0                 
has_object: True                 
has_person: True                 
zone1: True                 
zone2: False
2026-09-11 00:08:38.067 | INFO     | _send_fused_det_msg:762 - 
Publish detect message                
area: 3                 
device: ['C18']                 
distance: 7.003324088891063                 
distance_camera: 7.003324088891063                 
distance_lidar: 9999.0                 
has_object: True                 
has_person: True                 
zone1: True                 
zone2: False
2026-09-11 00:08:38.240 | INFO     | _send_fused_det_msg:762 - 
Publish detect message                
area: 3                 
device: ['C18']                 
distance: 7.003324088891063                 
distance_camera: 7.003324088891063                 
distance_lidar: 9999.0                 
has_object: True                 
has_person: True                 
zone1: True                 
zone2: False
2026-09-11 00:08:38.245 | WARNING  | _action_collision_callback:330 - 
相机综合检测结果                                         
设备ID: C18                                         
区域代码: 3                                         
物体在区域内: False                                         
减速区域：True                                         
停止区域：False                                         
有物体: True                                         
有行人: True                                         
置信度: 0.859                                         
最近距离: 7.003 m                                         
相交面积: 0.000                                         
相交比例: 0.000                                         
物体类型: person                                         
最终耗时: 140.710 ms （已离开区域保持状态中）
2026-09-11 00:08:38.248 | INFO     | _send_fused_det_msg:762 - 
Publish detect message                
area: 3                 
device: ['C18']                 
distance: 7.003324088891063                 
distance_camera: 7.003324088891063                 
distance_lidar: 9999.0                 
has_object: True                 
has_person: True                 
zone1: True                 
zone2: False
2026-09-11 00:08:38.255 | INFO     | _send_fused_det_msg:762 - 
Publish detect message                
area: 3                 
device: ['C18']                 
distance: 7.003324088891063                 
distance_camera: 7.003324088891063                 
distance_lidar: 9999.0                 
has_object: True                 
has_person: True                 
zone1: True                 
zone2: False
2026-09-11 00:08:38.286 | WARNING  | _action_collision_callback:330 - 
相机综合检测结果                                         
设备ID: C18                                         
区域代码: 3                                         
物体在区域内: False                                         
减速区域：True                                         
停止区域：False                                         
有物体: True                                         
有行人: True                                         
置信度: 0.859                                         
最近距离: 7.003 m                                         
相交面积: 0.000                                         
相交比例: 0.000                                         
物体类型: person                                         
最终耗时: 108.945 ms （已离开区域保持状态中）
2026-09-11 00:08:38.326 | INFO     | _send_fused_det_msg:762 - 
Publish detect message                
area: 3                 
device: ['C18']                 
distance: 7.003324088891063                 
distance_camera: 7.003324088891063                 
distance_lidar: 9999.0                 
has_object: True                 
has_person: True                 
zone1: True                 
zone2: False
2026-09-11 00:08:38.335 | INFO     | _send_fused_det_msg:762 - 
Publish detect message                
area: 3                 
device: ['C18']                 
distance: 7.003324088891063                 
distance_camera: 7.003324088891063                 
distance_lidar: 9999.0                 
has_object: True                 
has_person: True                 
zone1: True                 
zone2: False
2026-09-11 00:08:38.335 | WARNING  | _action_collision_callback:330 - 
相机综合检测结果                                         
设备ID: C18                                         
区域代码: 3                                         
物体在区域内: False                                         
减速区域：True                                         
停止区域：False                                         
有物体: True                                         
有行人: True                                         
置信度: 0.859                                         
最近距离: 7.003 m                                         
相交面积: 0.000                                         
相交比例: 0.000                                         
物体类型: person                                         
最终耗时: 96.196 ms （已离开区域保持状态中）
2026-09-11 00:08:38.365 | INFO     | _save_collision_detect_data:868 - 保存防撞检测离开图像: /2026-09-11/algl_gantry_collision_detect_package/zone1/29/20260911_000837_leave.jpg
2026-09-11 00:08:38.366 | INFO     | _save_detect_data:820 - 设备29离开区域3的zone1，保存离开数据
2026-09-11 00:08:38.388 | INFO     | _send_fused_det_msg:762 - 
Publish detect message                
area: 3                 
device: ['C18']                 
distance: 7.003324088891063                 
distance_camera: 7.003324088891063                 
distance_lidar: 9999.0                 
has_object: True                 
has_person: True                 
zone1: True                 
zone2: False
2026-09-11 00:08:38.395 | INFO     | _send_fused_det_msg:762 - 
Publish detect message                
area: 3                 
device: ['C18']                 
distance: 7.003324088891063                 
distance_camera: 7.003324088891063                 
distance_lidar: 9999.0                 
has_object: True                 
has_person: True                 
zone1: True                 
zone2: False
2026-09-11 00:08:38.396 | WARNING  | _action_collision_callback:330 - 
相机综合检测结果                                         
设备ID: C18                                         
区域代码: 3                                         
物体在区域内: False                                         
减速区域：True                                         
停止区域：False                                         
有物体: True                                         
有行人: True                                         
置信度: 0.859                                         
最近距离: 7.003 m                                         
相交面积: 0.000                                         
相交比例: 0.000                                         
物体类型: person                                         
最终耗时: 72.186 ms （已离开区域保持状态中）
2026-09-11 00:08:38.518 | INFO     | _send_fused_det_msg:762 - 
Publish detect message                
area: 3                 
device: ['C18']                 
distance: 7.003324088891063                 
distance_camera: 7.003324088891063                 
distance_lidar: 9999.0                 
has_object: True                 
has_person: True                 
zone1: True                 
zone2: False
2026-09-11 00:08:38.524 | WARNING  | _action_collision_callback:330 - 
相机综合检测结果                                         
设备ID: C18                                         
区域代码: 3                                         
物体在区域内: False                                         
减速区域：True                                         
停止区域：False                                         
有物体: True                                         
有行人: True                                         
置信度: 0.859                                         
最近距离: 7.003 m                                         
相交面积: 0.000                                         
相交比例: 0.000                                         
物体类型: person                                         
最终耗时: 149.188 ms （已离开区域保持状态中）
2026-09-11 00:08:38.529 | INFO     | _send_fused_det_msg:762 - 
Publish detect message                
area: 3                 
device: ['C18']                 
distance: 7.003324088891063                 
distance_camera: 7.003324088891063                 
distance_lidar: 9999.0                 
has_object: True                 
has_person: True                 
zone1: True                 
zone2: False
2026-09-11 00:08:38.530 | WARNING  | _action_collision_callback:330 - 
相机综合检测结果                                         
设备ID: C18                                         
区域代码: 3                                         
物体在区域内: False                                         
减速区域：True                                         
停止区域：False                                         
有物体: True                                         
有行人: True                                         
置信度: 0.859                                         
最近距离: 7.003 m                                         
相交面积: 0.000                                         
相交比例: 0.000                                         
物体类型: person                                         
最终耗时: 155.555 ms （已离开区域保持状态中）
2026-09-11 00:08:38.601 | INFO     | _send_fused_det_msg:762 - 
Publish detect message                
area: 3                 
device: ['C18']                 
distance: 7.003324088891063                 
distance_camera: 7.003324088891063                 
distance_lidar: 9999.0                 
has_object: True                 
has_person: True                 
zone1: True                 
zone2: False
2026-09-11 00:08:38.602 | WARNING  | _action_collision_callback:330 - 
相机综合检测结果                                         
设备ID: C18                                         
区域代码: 3                                         
物体在区域内: False                                         
减速区域：True                                         
停止区域：False                                         
有物体: True                                         
有行人: True                                         
置信度: 0.859                                         
最近距离: 7.003 m                                         
相交面积: 0.000                                         
相交比例: 0.000                                         
物体类型: person                                         
最终耗时: 129.756 ms （已离开区域保持状态中）
2026-09-11 00:08:38.650 | INFO     | _send_fused_det_msg:762 - 
Publish detect message                
area: 3                 
device: ['C18']                 
distance: 7.003324088891063                 
distance_camera: 7.003324088891063                 
distance_lidar: 9999.0                 
has_object: True                 
has_person: True                 
zone1: True                 
zone2: False
2026-09-11 00:08:38.692 | INFO     | _send_fused_det_msg:762 - 
Publish detect message                
area: 3                 
device: ['C18']                 
distance: 7.003324088891063                 
distance_camera: 7.003324088891063                 
distance_lidar: 9999.0                 
has_object: True                 
has_person: True                 
zone1: True                 
zone2: False
2026-09-11 00:08:38.697 | WARNING  | _action_collision_callback:330 - 
相机综合检测结果                                         
设备ID: C18                                         
区域代码: 3                                         
物体在区域内: False                                         
减速区域：True                                         
停止区域：False                                         
有物体: True                                         
有行人: True                                         
置信度: 0.859                                         
最近距离: 7.003 m                                         
相交面积: 0.000                                         
相交比例: 0.000                                         
物体类型: person                                         
最终耗时: 123.327 ms （已离开区域保持状态中）
2026-09-11 00:08:38.699 | INFO     | _send_fused_det_msg:762 - 
Publish detect message                
area: 3                 
device: ['C18']                 
distance: 7.003324088891063                 
distance_camera: 7.003324088891063                 
distance_lidar: 9999.0                 
has_object: True                 
has_person: True                 
zone1: True                 
zone2: False
2026-09-11 00:08:38.798 | INFO     | _send_fused_det_msg:762 - 
Publish detect message                
area: 3                 
device: ['C18']                 
distance: 7.003324088891063                 
distance_camera: 7.003324088891063                 
distance_lidar: 9999.0                 
has_object: True                 
has_person: True                 
zone1: True                 
zone2: False
2026-09-11 00:08:38.800 | WARNING  | _action_collision_callback:330 - 
相机综合检测结果                                         
设备ID: C18                                         
区域代码: 3                                         
物体在区域内: False                                         
减速区域：True                                         
停止区域：False                                         
有物体: True                                         
有行人: True                                         
置信度: 0.859                                         
最近距离: 7.003 m                                         
相交面积: 0.000                                         
相交比例: 0.000                                         
物体类型: person                                         
最终耗时: 139.538 ms （已离开区域保持状态中）
2026-09-11 00:08:38.822 | INFO     | _send_fused_det_msg:762 - 
Publish detect message                
area: 3                 
device: ['C18']                 
distance: 7.003324088891063                 
distance_camera: 7.003324088891063                 
distance_lidar: 9999.0                 
has_object: True                 
has_person: True                 
zone1: True                 
zone2: False
2026-09-11 00:08:38.825 | WARNING  | _action_collision_callback:330 - 
相机综合检测结果                                         
设备ID: C18                                         
区域代码: 3                                         
物体在区域内: False                                         
减速区域：True                                         
停止区域：False                                         
有物体: True                                         
有行人: True                                         
置信度: 0.859                                         
最近距离: 7.003 m                                         
相交面积: 0.000                                         
相交比例: 0.000                                         
物体类型: person                                         
最终耗时: 165.066 ms （已离开区域保持状态中）
2026-09-11 00:08:38.941 | INFO     | _send_fused_det_msg:762 - 
Publish detect message                
area: 3                 
device: ['C18']                 
distance: 7.003324088891063                 
distance_camera: 7.003324088891063                 
distance_lidar: 9999.0                 
has_object: True                 
has_person: True                 
zone1: True                 
zone2: False
2026-09-11 00:08:38.948 | WARNING  | _action_collision_callback:330 - 
相机综合检测结果                                         
设备ID: C18                                         
区域代码: 3                                         
物体在区域内: False                                         
减速区域：True                                         
停止区域：False                                         
有物体: True                                         
有行人: True                                         
置信度: 0.859                                         
最近距离: 7.003 m                                         
相交面积: 0.000                                         
相交比例: 0.000                                         
物体类型: person                                         
最终耗时: 172.645 ms （已离开区域保持状态中）
2026-09-11 00:08:39.000 | INFO     | _send_fused_det_msg:762 - 
Publish detect message                
area: 3                 
device: ['C18']                 
distance: 7.003324088891063                 
distance_camera: 7.003324088891063                 
distance_lidar: 9999.0                 
has_object: True                 
has_person: True                 
zone1: True                 
zone2: False
2026-09-11 00:08:39.014 | INFO     | _send_fused_det_msg:762 - 
Publish detect message                
area: 3                 
device: ['C18']                 
distance: 7.003324088891063                 
distance_camera: 7.003324088891063                 
distance_lidar: 9999.0                 
has_object: True                 
has_person: True                 
zone1: True                 
zone2: False
2026-09-11 00:08:39.020 | WARNING  | _action_collision_callback:330 - 
相机综合检测结果                                         
设备ID: C18                                         
区域代码: 3                                         
物体在区域内: False                                         
减速区域：True                                         
停止区域：False                                         
有物体: True                                         
有行人: True                                         
置信度: 0.859                                         
最近距离: 7.003 m                                         
相交面积: 0.000                                         
相交比例: 0.000                                         
物体类型: person                                         
最终耗时: 244.298 ms （已离开区域保持状态中）
2026-09-11 00:08:39.056 | INFO     | _send_fused_det_msg:762 - 
Publish detect message                
area: 3                 
device: ['C18']                 
distance: 7.003324088891063                 
distance_camera: 7.003324088891063                 
distance_lidar: 9999.0                 
has_object: True                 
has_person: True                 
zone1: True                 
zone2: False
2026-09-11 00:08:39.057 | WARNING  | _action_collision_callback:330 - 
相机综合检测结果                                         
设备ID: C18                                         
区域代码: 3                                         
物体在区域内: False                                         
减速区域：True                                         
停止区域：False                                         
有物体: True                                         
有行人: True                                         
置信度: 0.859                                         
最近距离: 7.003 m                                         
相交面积: 0.000                                         
相交比例: 0.000                                         
物体类型: person                                         
最终耗时: 115.731 ms （已离开区域保持状态中）
2026-09-11 00:08:39.184 | INFO     | _send_fused_det_msg:762 - 
Publish detect message                
area: 3                 
device: ['C18']                 
distance: 7.003324088891063                 
distance_camera: 7.003324088891063                 
distance_lidar: 9999.0                 
has_object: True                 
has_person: True                 
zone1: True                 
zone2: False
2026-09-11 00:08:39.185 | WARNING  | _action_collision_callback:330 - 
相机综合检测结果                                         
设备ID: C18                                         
区域代码: 3                                         
物体在区域内: False                                         
减速区域：True                                         
停止区域：False                                         
有物体: True                                         
有行人: True                                         
置信度: 0.859                                         
最近距离: 7.003 m                                         
相交面积: 0.000                                         
相交比例: 0.000                                         
物体类型: person                                         
最终耗时: 146.122 ms （已离开区域保持状态中）
2026-09-11 00:08:39.187 | INFO     | _send_fused_det_msg:762 - 
Publish detect message                
area: 3                 
device: ['C18']                 
distance: 7.003324088891063                 
distance_camera: 7.003324088891063                 
distance_lidar: 9999.0                 
has_object: True                 
has_person: True                 
zone1: True                 
zone2: False
2026-09-11 00:08:39.313 | INFO     | _send_fused_det_msg:762 - 
Publish detect message                
area: 3                 
device: ['C18']                 
distance: 7.003324088891063                 
distance_camera: 7.003324088891063                 
distance_lidar: 9999.0                 
has_object: True                 
has_person: True                 
zone1: True                 
zone2: False
2026-09-11 00:08:39.345 | WARNING  | _action_collision_callback:330 - 
相机综合检测结果                                         
设备ID: C18                                         
区域代码: 3                                         
物体在区域内: False                                         
减速区域：True                                         
停止区域：False                                         
有物体: True                                         
有行人: True                                         
置信度: 0.859                                         
最近距离: 7.003 m                                         
相交面积: 0.000                                         
相交比例: 0.000                                         
物体类型: person                                         
最终耗时: 196.999 ms （已离开区域保持状态中）
2026-09-11 00:08:39.347 | INFO     | _send_fused_det_msg:762 - 
Publish detect message                
area: 3                 
device: ['C18']                 
distance: 7.003324088891063                 
distance_camera: 7.003324088891063                 
distance_lidar: 9999.0                 
has_object: True                 
has_person: True                 
zone1: True                 
zone2: False
2026-09-11 00:08:39.395 | INFO     | _send_fused_det_msg:762 - 
Publish detect message                
area: 3                 
device: ['C18']                 
distance: 7.003324088891063                 
distance_camera: 7.003324088891063                 
distance_lidar: 9999.0                 
has_object: True                 
has_person: True                 
zone1: True                 
zone2: False
2026-09-11 00:08:39.395 | WARNING  | _action_collision_callback:330 - 
相机综合检测结果                                         
设备ID: C18                                         
区域代码: 3                                         
物体在区域内: False                                         
减速区域：True                                         
停止区域：False                                         
有物体: True                                         
有行人: True                                         
置信度: 0.859                                         
最近距离: 7.003 m                                         
相交面积: 0.000                                         
相交比例: 0.000                                         
物体类型: person                                         
最终耗时: 128.926 ms （已离开区域保持状态中）
2026-09-11 00:08:39.396 | INFO     | _send_fused_det_msg:762 - 
Publish detect message                
area: 3                 
device: ['C18']                 
distance: 7.003324088891063                 
distance_camera: 7.003324088891063                 
distance_lidar: 9999.0                 
has_object: True                 
has_person: True                 
zone1: True                 
zone2: False
2026-09-11 00:08:39.482 | INFO     | _send_fused_det_msg:762 - 
Publish detect message                
area: 3                 
device: ['C18']                 
distance: 7.003324088891063                 
distance_camera: 7.003324088891063                 
distance_lidar: 9999.0                 
has_object: True                 
has_person: True                 
zone1: True                 
zone2: False
2026-09-11 00:08:39.484 | WARNING  | _action_collision_callback:330 - 
相机综合检测结果                                         
设备ID: C18                                         
区域代码: 3                                         
物体在区域内: False                                         
减速区域：True                                         
停止区域：False                                         
有物体: True                                         
有行人: True                                         
置信度: 0.859                                         
最近距离: 7.003 m                                         
相交面积: 0.000                                         
相交比例: 0.000                                         
物体类型: person                                         
最终耗时: 184.276 ms （已离开区域保持状态中）
2026-09-11 00:08:39.578 | INFO     | _send_fused_det_msg:762 - 
Publish detect message                
area: 3                 
device: ['C18']                 
distance: 7.003324088891063                 
distance_camera: 7.003324088891063                 
distance_lidar: 9999.0                 
has_object: True                 
has_person: True                 
zone1: True                 
zone2: False
2026-09-11 00:08:39.588 | WARNING  | _action_collision_callback:330 - 
相机综合检测结果                                         
设备ID: C18                                         
区域代码: 3                                         
物体在区域内: False                                         
减速区域：True                                         
停止区域：False                                         
有物体: True                                         
有行人: True                                         
置信度: 0.859                                         
最近距离: 7.003 m                                         
相交面积: 0.000                                         
相交比例: 0.000                                         
物体类型: person                                         
最终耗时: 164.075 ms （已离开区域保持状态中）
2026-09-11 00:08:39.694 | INFO     | _send_fused_det_msg:762 - 
Publish detect message                
area: 3                 
device: ['C18']                 
distance: 7.003324088891063                 
distance_camera: 7.003324088891063                 
distance_lidar: 9999.0                 
has_object: True                 
has_person: True                 
zone1: True                 
zone2: False
2026-09-11 00:08:39.697 | WARNING  | _action_collision_callback:330 - 
相机综合检测结果                                         
设备ID: C18                                         
区域代码: 3                                         
物体在区域内: False                                         
减速区域：True                                         
停止区域：False                                         
有物体: True                                         
有行人: True                                         
置信度: 0.859                                         
最近距离: 7.003 m                                         
相交面积: 0.000                                         
相交比例: 0.000                                         
物体类型: person                                         
最终耗时: 235.157 ms （已离开区域保持状态中）
2026-09-11 00:08:39.711 | INFO     | _send_fused_det_msg:762 - 
Publish detect message                
area: 3                 
device: ['C18']                 
distance: 7.003324088891063                 
distance_camera: 7.003324088891063                 
distance_lidar: 9999.0                 
has_object: True                 
has_person: True                 
zone1: True                 
zone2: False
2026-09-11 00:08:39.715 | WARNING  | _action_collision_callback:330 - 
相机综合检测结果                                         
设备ID: C18                                         
区域代码: 3                                         
物体在区域内: False                                         
减速区域：True                                         
停止区域：False                                         
有物体: True                                         
有行人: True                                         
置信度: 0.859                                         
最近距离: 7.003 m                                         
相交面积: 0.000                                         
相交比例: 0.000                                         
物体类型: person                                         
最终耗时: 162.537 ms （已离开区域保持状态中）
2026-09-11 00:08:39.743 | INFO     | _send_fused_det_msg:762 - 
Publish detect message                
area: 3                 
device: ['C18']                 
distance: 7.003324088891063                 
distance_camera: 7.003324088891063                 
distance_lidar: 9999.0                 
has_object: True                 
has_person: True                 
zone1: True                 
zone2: False
2026-09-11 00:08:39.747 | WARNING  | _action_collision_callback:330 - 
相机综合检测结果                                         
设备ID: C18                                         
区域代码: 3                                         
物体在区域内: False                                         
减速区域：True                                         
停止区域：False                                         
有物体: True                                         
有行人: True                                         
置信度: 0.859                                         
最近距离: 7.003 m                                         
相交面积: 0.000                                         
相交比例: 0.000                                         
物体类型: person                                         
最终耗时: 114.231 ms （已离开区域保持状态中）
2026-09-11 00:08:39.757 | INFO     | _send_fused_det_msg:762 - 
Publish detect message                
area: 3                 
device: ['C18']                 
distance: 7.003324088891063                 
distance_camera: 7.003324088891063                 
distance_lidar: 9999.0                 
has_object: True                 
has_person: True                 
zone1: True                 
zone2: False
2026-09-11 00:08:39.785 | INFO     | _send_fused_det_msg:762 - 
Publish detect message                
area: 3                 
device: ['C18']                 
distance: 7.003324088891063                 
distance_camera: 7.003324088891063                 
distance_lidar: 9999.0                 
has_object: True                 
has_person: True                 
zone1: True                 
zone2: False
2026-09-11 00:08:39.832 | INFO     | _send_fused_det_msg:762 - 
Publish detect message                
area: 3                 
device: ['C18']                 
distance: 7.003324088891063                 
distance_camera: 7.003324088891063                 
distance_lidar: 9999.0                 
has_object: True                 
has_person: True                 
zone1: True                 
zone2: False
2026-09-11 00:08:39.838 | WARNING  | _action_collision_callback:330 - 
相机综合检测结果                                         
设备ID: C18                                         
区域代码: 3                                         
物体在区域内: False                                         
减速区域：True                                         
停止区域：False                                         
有物体: True                                         
有行人: True                                         
置信度: 0.859                                         
最近距离: 7.003 m                                         
相交面积: 0.000                                         
相交比例: 0.000                                         
物体类型: person                                         
最终耗时: 125.349 ms （已离开区域保持状态中）
2026-09-11 00:08:39.987 | INFO     | _send_fused_det_msg:762 - 
Publish detect message                
area: 3                 
device: ['C18']                 
distance: 7.003324088891063                 
distance_camera: 7.003324088891063                 
distance_lidar: 9999.0                 
has_object: True                 
has_person: True                 
zone1: True                 
zone2: False
2026-09-11 00:08:39.989 | WARNING  | _action_collision_callback:330 - 
相机综合检测结果                                         
设备ID: C18                                         
区域代码: 3                                         
物体在区域内: False                                         
减速区域：True                                         
停止区域：False                                         
有物体: True                                         
有行人: True                                         
置信度: 0.859                                         
最近距离: 7.003 m                                         
相交面积: 0.000                                         
相交比例: 0.000                                         
物体类型: person                                         
最终耗时: 184.825 ms （已离开区域保持状态中）
2026-09-11 00:08:40.031 | INFO     | _send_fused_det_msg:762 - 
Publish detect message                
area: 3                 
device: ['C18']                 
distance: 7.003324088891063                 
distance_camera: 7.003324088891063                 
distance_lidar: 9999.0                 
has_object: True                 
has_person: True                 
zone1: True                 
zone2: False
2026-09-11 00:08:40.042 | INFO     | _send_fused_det_msg:762 - 
Publish detect message                
area: 3                 
device: ['C18']                 
distance: 7.003324088891063                 
distance_camera: 7.003324088891063                 
distance_lidar: 9999.0                 
has_object: True                 
has_person: True                 
zone1: True                 
zone2: False
2026-09-11 00:08:40.052 | WARNING  | _action_collision_callback:330 - 
相机综合检测结果                                         
设备ID: C18                                         
区域代码: 3                                         
物体在区域内: False                                         
减速区域：True                                         
停止区域：False                                         
有物体: True                                         
有行人: True                                         
置信度: 0.859                                         
最近距离: 7.003 m                                         
相交面积: 0.000                                         
相交比例: 0.000                                         
物体类型: person                                         
最终耗时: 101.645 ms （已离开区域保持状态中）
2026-09-11 00:08:40.144 | INFO     | _send_fused_det_msg:762 - 
Publish detect message                
area: 3                 
device: ['C18']                 
distance: 7.003324088891063                 
distance_camera: 7.003324088891063                 
distance_lidar: 9999.0                 
has_object: True                 
has_person: True                 
zone1: True                 
zone2: False
2026-09-11 00:08:40.147 | WARNING  | _action_collision_callback:330 - 
相机综合检测结果                                         
设备ID: C18                                         
区域代码: 3                                         
物体在区域内: False                                         
减速区域：True                                         
停止区域：False                                         
有物体: True                                         
有行人: True                                         
置信度: 0.859                                         
最近距离: 7.003 m                                         
相交面积: 0.000                                         
相交比例: 0.000                                         
物体类型: person                                         
最终耗时: 150.959 ms （已离开区域保持状态中）
2026-09-11 00:08:40.243 | INFO     | _send_fused_det_msg:762 - 
Publish detect message                
area: 3                 
device: ['C18']                 
distance: 7.003324088891063                 
distance_camera: 7.003324088891063                 
distance_lidar: 9999.0                 
has_object: True                 
has_person: True                 
zone1: True                 
zone2: False
2026-09-11 00:08:40.252 | WARNING  | _action_collision_callback:330 - 
相机综合检测结果                                         
设备ID: C18                                         
区域代码: 3                                         
物体在区域内: False                                         
减速区域：True                                         
停止区域：False                                         
有物体: True                                         
有行人: True                                         
置信度: 0.859                                         
最近距离: 7.003 m                                         
相交面积: 0.000                                         
相交比例: 0.000                                         
物体类型: person                                         
最终耗时: 172.877 ms （已离开区域保持状态中）
2026-09-11 00:08:40.253 | INFO     | _send_fused_det_msg:762 - 
Publish detect message                
area: 3                 
device: ['C18']                 
distance: 7.003324088891063                 
distance_camera: 7.003324088891063                 
distance_lidar: 9999.0                 
has_object: True                 
has_person: True                 
zone1: True                 
zone2: False
2026-09-11 00:08:40.336 | INFO     | _send_fused_det_msg:762 - 
Publish detect message                
area: 3                 
device: ['C18']                 
distance: 7.003324088891063                 
distance_camera: 7.003324088891063                 
distance_lidar: 9999.0                 
has_object: True                 
has_person: True                 
zone1: True                 
zone2: False
2026-09-11 00:08:40.337 | WARNING  | _action_collision_callback:330 - 
相机综合检测结果                                         
设备ID: C18                                         
区域代码: 3                                         
物体在区域内: False                                         
减速区域：True                                         
停止区域：False                                         
有物体: True                                         
有行人: True                                         
置信度: 0.859                                         
最近距离: 7.003 m                                         
相交面积: 0.000                                         
相交比例: 0.000                                         
物体类型: person                                         
最终耗时: 151.737 ms （已离开区域保持状态中）
2026-09-11 00:08:40.394 | INFO     | _send_fused_det_msg:762 - 
Publish detect message                
area: 3                 
device: ['C18']                 
distance: 7.003324088891063                 
distance_camera: 7.003324088891063                 
distance_lidar: 9999.0                 
has_object: True                 
has_person: True                 
zone1: True                 
zone2: False
2026-09-11 00:08:40.398 | WARNING  | _action_collision_callback:330 - 
相机综合检测结果                                         
设备ID: C18                                         
区域代码: 3                                         
物体在区域内: False                                         
减速区域：True                                         
停止区域：False                                         
有物体: True                                         
有行人: True                                         
置信度: 0.859                                         
最近距离: 7.003 m                                         
相交面积: 0.000                                         
相交比例: 0.000                                         
物体类型: person                                         
最终耗时: 213.532 ms （已离开区域保持状态中）
2026-09-11 00:08:40.415 | INFO     | _send_fused_det_msg:762 - 
Publish detect message                
area: 3                 
device: ['C18']                 
distance: 7.003324088891063                 
distance_camera: 7.003324088891063                 
distance_lidar: 9999.0                 
has_object: True                 
has_person: True                 
zone1: True                 
zone2: False
2026-09-11 00:08:40.418 | WARNING  | _action_collision_callback:330 - 
相机综合检测结果                                         
设备ID: C18                                         
区域代码: 3                                         
物体在区域内: False                                         
减速区域：True                                         
停止区域：False                                         
有物体: True                                         
有行人: True                                         
置信度: 0.859                                         
最近距离: 7.003 m                                         
相交面积: 0.000                                         
相交比例: 0.000                                         
物体类型: person                                         
最终耗时: 93.701 ms （已离开区域保持状态中）
2026-09-11 00:08:40.479 | INFO     | _send_fused_det_msg:762 - 
Publish detect message                
area: 3                 
device: ['C18']                 
distance: 7.003324088891063                 
distance_camera: 7.003324088891063                 
distance_lidar: 9999.0                 
has_object: True                 
has_person: True                 
zone1: True                 
zone2: False
2026-09-11 00:08:40.491 | WARNING  | _action_collision_callback:330 - 
相机综合检测结果                                         
设备ID: C18                                         
区域代码: 3                                         
物体在区域内: False                                         
减速区域：True                                         
停止区域：False                                         
有物体: True                                         
有行人: True                                         
置信度: 0.859                                         
最近距离: 7.003 m                                         
相交面积: 0.000                                         
相交比例: 0.000                                         
物体类型: person                                         
最终耗时: 118.902 ms （已离开区域保持状态中）
2026-09-11 00:08:40.513 | INFO     | _send_fused_det_msg:762 - 
Publish detect message                
area: 3                 
device: ['C18']                 
distance: 7.003324088891063                 
distance_camera: 7.003324088891063                 
distance_lidar: 9999.0                 
has_object: True                 
has_person: True                 
zone1: True                 
zone2: False
2026-09-11 00:08:40.516 | WARNING  | _action_collision_callback:330 - 
相机综合检测结果                                         
设备ID: C18                                         
区域代码: 3                                         
物体在区域内: False                                         
减速区域：True                                         
停止区域：False                                         
有物体: True                                         
有行人: True                                         
置信度: 0.859                                         
最近距离: 7.003 m                                         
相交面积: 0.000                                         
相交比例: 0.000                                         
物体类型: person                                         
最终耗时: 143.512 ms （已离开区域保持状态中）
2026-09-11 00:08:40.590 | INFO     | _send_fused_det_msg:762 - 
Publish detect message                
area: 3                 
device: ['C18']                 
distance: 7.003324088891063                 
distance_camera: 7.003324088891063                 
distance_lidar: 9999.0                 
has_object: True                 
has_person: True                 
zone1: True                 
zone2: False
2026-09-11 00:08:40.594 | WARNING  | _action_collision_callback:330 - 
相机综合检测结果                                         
设备ID: C18                                         
区域代码: 3                                         
物体在区域内: False                                         
减速区域：True                                         
停止区域：False                                         
有物体: True                                         
有行人: True                                         
置信度: 0.859                                         
最近距离: 7.003 m                                         
相交面积: 0.000                                         
相交比例: 0.000                                         
物体类型: person                                         
最终耗时: 125.317 ms （已离开区域保持状态中）
2026-09-11 00:08:40.667 | INFO     | _send_fused_det_msg:762 - 
Publish detect message                
area: 3                 
device: ['C18']                 
distance: 7.003324088891063                 
distance_camera: 7.003324088891063                 
distance_lidar: 9999.0                 
has_object: True                 
has_person: True                 
zone1: True                 
zone2: False
2026-09-11 00:08:40.674 | INFO     | _send_fused_det_msg:762 - 
Publish detect message                
area: 3                 
device: ['C18']                 
distance: 7.003324088891063                 
distance_camera: 7.003324088891063                 
distance_lidar: 9999.0                 
has_object: True                 
has_person: True                 
zone1: True                 
zone2: False
2026-09-11 00:08:40.683 | WARNING  | _action_collision_callback:330 - 
相机综合检测结果                                         
设备ID: C18                                         
区域代码: 3                                         
物体在区域内: False                                         
减速区域：True                                         
停止区域：False                                         
有物体: True                                         
有行人: True                                         
置信度: 0.859                                         
最近距离: 7.003 m                                         
相交面积: 0.000                                         
相交比例: 0.000                                         
物体类型: person                                         
最终耗时: 146.915 ms （已离开区域保持状态中）
2026-09-11 00:08:40.685 | INFO     | _send_fused_det_msg:762 - 
Publish detect message                
area: 3                 
device: ['C18']                 
distance: 7.003324088891063                 
distance_camera: 7.003324088891063                 
distance_lidar: 9999.0                 
has_object: True                 
has_person: True                 
zone1: True                 
zone2: False
2026-09-11 00:08:40.830 | INFO     | _send_fused_det_msg:762 - 
Publish detect message                
area: 3                 
device: ['C18']                 
distance: 7.003324088891063                 
distance_camera: 7.003324088891063                 
distance_lidar: 9999.0                 
has_object: True                 
has_person: True                 
zone1: True                 
zone2: False
2026-09-11 00:08:40.837 | WARNING  | _action_collision_callback:330 - 
相机综合检测结果                                         
设备ID: C18                                         
区域代码: 3                                         
物体在区域内: False                                         
减速区域：True                                         
停止区域：False                                         
有物体: True                                         
有行人: True                                         
置信度: 0.859                                         
最近距离: 7.003 m                                         
相交面积: 0.000                                         
相交比例: 0.000                                         
物体类型: person                                         
最终耗时: 179.151 ms （已离开区域保持状态中）
2026-09-11 00:08:40.892 | INFO     | _send_fused_det_msg:762 - 
Publish detect message                
area: 3                 
device: ['C18']                 
distance: 7.003324088891063                 
distance_camera: 7.003324088891063                 
distance_lidar: 9999.0                 
has_object: True                 
has_person: True                 
zone1: True                 
zone2: False
2026-09-11 00:08:40.930 | WARNING  | _action_collision_callback:330 - 
相机综合检测结果                                         
设备ID: C18                                         
区域代码: 3                                         
物体在区域内: False                                         
减速区域：True                                         
停止区域：False                                         
有物体: True                                         
有行人: True                                         
置信度: 0.859                                         
最近距离: 7.003 m                                         
相交面积: 0.000                                         
相交比例: 0.000                                         
物体类型: person                                         
最终耗时: 272.620 ms （已离开区域保持状态中）
2026-09-11 00:08:40.934 | INFO     | _send_fused_det_msg:762 - 
Publish detect message                
area: 3                 
device: ['C18']                 
distance: 7.003324088891063                 
distance_camera: 7.003324088891063                 
distance_lidar: 9999.0                 
has_object: True                 
has_person: True                 
zone1: True                 
zone2: False
2026-09-11 00:08:40.938 | WARNING  | _action_collision_callback:330 - 
相机综合检测结果                                         
设备ID: C18                                         
区域代码: 3                                         
物体在区域内: False                                         
减速区域：True                                         
停止区域：False                                         
有物体: True                                         
有行人: True                                         
置信度: 0.859                                         
最近距离: 7.003 m                                         
相交面积: 0.000                                         
相交比例: 0.000                                         
物体类型: person                                         
最终耗时: 170.319 ms （已离开区域保持状态中）
2026-09-11 00:08:40.966 | INFO     | _send_fused_det_msg:762 - 
Publish detect message                
area: 3                 
device: ['C18']                 
distance: 7.003324088891063                 
distance_camera: 7.003324088891063                 
distance_lidar: 9999.0                 
has_object: True                 
has_person: True                 
zone1: True                 
zone2: False
2026-09-11 00:08:41.005 | INFO     | _send_fused_det_msg:762 - 
Publish detect message                
area: 3                 
device: []                 
distance: 9999.0                 
distance_camera: 9999.0                 
distance_lidar: 9999.0                 
has_object: False                 
has_person: False                 
zone1: False                 
zone2: False
2026-09-11 00:08:41.027 | INFO     | _send_fused_det_msg:762 - 
Publish detect message                
area: 3                 
device: []                 
distance: 9999.0                 
distance_camera: 9999.0                 
distance_lidar: 9999.0                 
has_object: False                 
has_person: False                 
zone1: False                 
zone2: False
2026-09-11 00:08:41.140 | INFO     | _send_fused_det_msg:762 - 
Publish detect message                
area: 3                 
device: []                 
distance: 9999.0                 
distance_camera: 9999.0                 
distance_lidar: 9999.0                 
has_object: False                 
has_person: False                 
zone1: False                 
zone2: False
2026-09-11 00:08:48.694 | INFO     | _save_collision_detect_data:889 - 保存防撞检测进入点云: /2026-09-11/algl_gantry_collision_detect_package/zone1/10/20260911_000848.pcd
2026-09-11 00:08:48.695 | INFO     | _save_detect_data:818 - 设备10进入区域3的zone1，保存进入数据
2026-09-11 00:08:48.695 | WARNING  | _lidar_callback:367 - lidar 10 det distance 9.876666070819903 area 3
2026-09-11 00:08:48.697 | INFO     | _send_fused_det_msg:762 - 
Publish detect message                
area: 3                 
device: ['L18']                 
distance: 9.876666070819903                 
distance_camera: 9999.0                 
distance_lidar: 9.876666070819903                 
has_object: True                 
has_person: False                 
zone1: True                 
zone2: False
2026-09-11 00:08:48.741 | INFO     | _send_fused_det_msg:762 - 
Publish detect message                
area: 3                 
device: ['L18']                 
distance: 9.876666070819903                 
distance_camera: 9999.0                 
distance_lidar: 9.876666070819903                 
has_object: True                 
has_person: False                 
zone1: True                 
zone2: False
2026-09-11 00:08:48.773 | INFO     | _send_fused_det_msg:762 - 
Publish detect message                
area: 3                 
device: ['L18']                 
distance: 9.876666070819903                 
distance_camera: 9999.0                 
distance_lidar: 9.876666070819903                 
has_object: True                 
has_person: False                 
zone1: True                 
zone2: False
2026-09-11 00:08:48.849 | INFO     | _send_fused_det_msg:762 - 
Publish detect message                
area: 3                 
device: ['L18']                 
distance: 9.876666070819903                 
distance_camera: 9999.0                 
distance_lidar: 9.876666070819903                 
has_object: True                 
has_person: False                 
zone1: True                 
zone2: False
2026-09-11 00:08:48.884 | WARNING  | _lidar_callback:367 - lidar 10 det distance 9.876666070819903 area 3
2026-09-11 00:08:48.886 | INFO     | _send_fused_det_msg:762 - 
Publish detect message                
area: 3                 
device: ['L18']                 
distance: 9.876666070819903                 
distance_camera: 9999.0                 
distance_lidar: 9.876666070819903                 
has_object: True                 
has_person: False                 
zone1: True                 
zone2: False
2026-09-11 00:08:48.903 | INFO     | _send_fused_det_msg:762 - 
Publish detect message                
area: 3                 
device: ['L18']                 
distance: 9.876666070819903                 
distance_camera: 9999.0                 
distance_lidar: 9.876666070819903                 
has_object: True                 
has_person: False                 
zone1: True                 
zone2: False
2026-09-11 00:08:48.966 | INFO     | _send_fused_det_msg:762 - 
Publish detect message                
area: 3                 
device: ['L18']                 
distance: 9.876666070819903                 
distance_camera: 9999.0                 
distance_lidar: 9.876666070819903                 
has_object: True                 
has_person: False                 
zone1: True                 
zone2: False
2026-09-11 00:08:49.065 | INFO     | _send_fused_det_msg:762 - 
Publish detect message                
area: 3                 
device: ['L18']                 
distance: 9.876666070819903                 
distance_camera: 9999.0                 
distance_lidar: 9.876666070819903                 
has_object: True                 
has_person: False                 
zone1: True                 
zone2: False
2026-09-11 00:08:49.078 | INFO     | _send_fused_det_msg:762 - 
Publish detect message                
area: 3                 
device: ['L18']                 
distance: 9.876666070819903                 
distance_camera: 9999.0                 
distance_lidar: 9.876666070819903                 
has_object: True                 
has_person: False                 
zone1: True                 
zone2: False
2026-09-11 00:08:49.128 | INFO     | _send_fused_det_msg:762 - 
Publish detect message                
area: 3                 
device: ['L18']                 
distance: 9.876666070819903                 
distance_camera: 9999.0                 
distance_lidar: 9.876666070819903                 
has_object: True                 
has_person: False                 
zone1: True                 
zone2: False
2026-09-11 00:08:49.196 | WARNING  | _lidar_callback:367 - lidar 10 det distance 9.876666070819903 area 3
2026-09-11 00:08:49.198 | INFO     | _send_fused_det_msg:762 - 
Publish detect message                
area: 3                 
device: ['L18']                 
distance: 9.876666070819903                 
distance_camera: 9999.0                 
distance_lidar: 9.876666070819903                 
has_object: True                 
has_person: False                 
zone1: True                 
zone2: False
2026-09-11 00:08:49.208 | INFO     | _send_fused_det_msg:762 - 
Publish detect message                
area: 3                 
device: ['L18']                 
distance: 9.876666070819903                 
distance_camera: 9999.0                 
distance_lidar: 9.876666070819903                 
has_object: True                 
has_person: False                 
zone1: True                 
zone2: False
2026-09-11 00:08:49.282 | INFO     | _send_fused_det_msg:762 - 
Publish detect message                
area: 3                 
device: ['L18']                 
distance: 9.876666070819903                 
distance_camera: 9999.0                 
distance_lidar: 9.876666070819903                 
has_object: True                 
has_person: False                 
zone1: True                 
zone2: False
2026-09-11 00:08:49.328 | WARNING  | _lidar_callback:367 - lidar 10 det distance 9.876666070819903 area 3
2026-09-11 00:08:49.333 | INFO     | _send_fused_det_msg:762 - 
Publish detect message                
area: 3                 
device: ['L18']                 
distance: 9.876666070819903                 
distance_camera: 9999.0                 
distance_lidar: 9.876666070819903                 
has_object: True                 
has_person: False                 
zone1: True                 
zone2: False
2026-09-11 00:08:49.340 | INFO     | _send_fused_det_msg:762 - 
Publish detect message                
area: 3                 
device: ['L18']                 
distance: 9.876666070819903                 
distance_camera: 9999.0                 
distance_lidar: 9.876666070819903                 
has_object: True                 
has_person: False                 
zone1: True                 
zone2: False
2026-09-11 00:08:49.377 | INFO     | _send_fused_det_msg:762 - 
Publish detect message                
area: 3                 
device: ['L18']                 
distance: 9.876666070819903                 
distance_camera: 9999.0                 
distance_lidar: 9.876666070819903                 
has_object: True                 
has_person: False                 
zone1: True                 
zone2: False
2026-09-11 00:08:49.452 | INFO     | _send_fused_det_msg:762 - 
Publish detect message                
area: 3                 
device: ['L18']                 
distance: 9.876666070819903                 
distance_camera: 9999.0                 
distance_lidar: 9.876666070819903                 
has_object: True                 
has_person: False                 
zone1: True                 
zone2: False
2026-09-11 00:08:49.560 | INFO     | _send_fused_det_msg:762 - 
Publish detect message                
area: 3                 
device: ['L18']                 
distance: 9.876666070819903                 
distance_camera: 9999.0                 
distance_lidar: 9.876666070819903                 
has_object: True                 
has_person: False                 
zone1: True                 
zone2: False
2026-09-11 00:08:49.567 | WARNING  | _lidar_callback:367 - lidar 10 det distance 9.959290658085374 area 3
2026-09-11 00:08:49.569 | INFO     | _send_fused_det_msg:762 - 
Publish detect message                
area: 3                 
device: ['L18']                 
distance: 9.959290658085374                 
distance_camera: 9999.0                 
distance_lidar: 9.959290658085374                 
has_object: True                 
has_person: False                 
zone1: True                 
zone2: False
2026-09-11 00:08:49.605 | INFO     | _send_fused_det_msg:762 - 
Publish detect message                
area: 3                 
device: ['L18']                 
distance: 9.959290658085374                 
distance_camera: 9999.0                 
distance_lidar: 9.959290658085374                 
has_object: True                 
has_person: False                 
zone1: True                 
zone2: False
2026-09-11 00:08:49.709 | INFO     | _send_fused_det_msg:762 - 
Publish detect message                
area: 3                 
device: ['L18']                 
distance: 9.959290658085374                 
distance_camera: 9999.0                 
distance_lidar: 9.959290658085374                 
has_object: True                 
has_person: False                 
zone1: True                 
zone2: False
2026-09-11 00:08:49.752 | INFO     | _send_fused_det_msg:762 - 
Publish detect message                
area: 3                 
device: ['L18']                 
distance: 9.959290658085374                 
distance_camera: 9999.0                 
distance_lidar: 9.959290658085374                 
has_object: True                 
has_person: False                 
zone1: True                 
zone2: False
2026-09-11 00:08:49.763 | INFO     | _send_fused_det_msg:762 - 
Publish detect message                
area: 3                 
device: ['L18']                 
distance: 9.959290658085374                 
distance_camera: 9999.0                 
distance_lidar: 9.959290658085374                 
has_object: True                 
has_person: False                 
zone1: True                 
zone2: False
2026-09-11 00:08:49.815 | WARNING  | _lidar_callback:367 - lidar 10 det distance 9.840443840745023 area 3
2026-09-11 00:08:49.817 | INFO     | _send_fused_det_msg:762 - 
Publish detect message                
area: 3                 
device: ['L18']                 
distance: 9.840443840745023                 
distance_camera: 9999.0                 
distance_lidar: 9.840443840745023                 
has_object: True                 
has_person: False                 
zone1: True                 
zone2: False
2026-09-11 00:08:49.825 | INFO     | _send_fused_det_msg:762 - 
Publish detect message                
area: 3                 
device: ['L18']                 
distance: 9.840443840745023                 
distance_camera: 9999.0                 
distance_lidar: 9.840443840745023                 
has_object: True                 
has_person: False                 
zone1: True                 
zone2: False
2026-09-11 00:08:49.891 | INFO     | _send_fused_det_msg:762 - 
Publish detect message                
area: 3                 
device: ['L18']                 
distance: 9.840443840745023                 
distance_camera: 9999.0                 
distance_lidar: 9.840443840745023                 
has_object: True                 
has_person: False                 
zone1: True                 
zone2: False
2026-09-11 00:08:49.944 | INFO     | _send_fused_det_msg:762 - 
Publish detect message                
area: 3                 
device: ['L18']                 
distance: 9.840443840745023                 
distance_camera: 9999.0                 
distance_lidar: 9.840443840745023                 
has_object: True                 
has_person: False                 
zone1: True                 
zone2: False
2026-09-11 00:08:49.999 | INFO     | _send_fused_det_msg:762 - 
Publish detect message                
area: 3                 
device: ['L18']                 
distance: 9.840443840745023                 
distance_camera: 9999.0                 
distance_lidar: 9.840443840745023                 
has_object: True                 
has_person: False                 
zone1: True                 
zone2: False
2026-09-11 00:08:50.017 | WARNING  | _lidar_callback:367 - lidar 10 det distance 9.838446069461051 area 3
2026-09-11 00:08:50.019 | INFO     | _send_fused_det_msg:762 - 
Publish detect message                
area: 3                 
device: ['L18']                 
distance: 9.838446069461051                 
distance_camera: 9999.0                 
distance_lidar: 9.838446069461051                 
has_object: True                 
has_person: False                 
zone1: True                 
zone2: False
2026-09-11 00:08:50.037 | INFO     | _send_fused_det_msg:762 - 
Publish detect message                
area: 3                 
device: ['L18']                 
distance: 9.838446069461051                 
distance_camera: 9999.0                 
distance_lidar: 9.838446069461051                 
has_object: True                 
has_person: False                 
zone1: True                 
zone2: False
2026-09-11 00:08:50.048 | INFO     | _send_fused_det_msg:762 - 
Publish detect message                
area: 3                 
device: ['L18']                 
distance: 9.838446069461051                 
distance_camera: 9999.0                 
distance_lidar: 9.838446069461051                 
has_object: True                 
has_person: False                 
zone1: True                 
zone2: False
2026-09-11 00:08:50.150 | INFO     | _send_fused_det_msg:762 - 
Publish detect message                
area: 3                 
device: ['L18']                 
distance: 9.838446069461051                 
distance_camera: 9999.0                 
distance_lidar: 9.838446069461051                 
has_object: True                 
has_person: False                 
zone1: True                 
zone2: False
2026-09-11 00:08:50.187 | WARNING  | _lidar_callback:367 - lidar 10 det distance 9.807057782331883 area 3
2026-09-11 00:08:50.193 | INFO     | _send_fused_det_msg:762 - 
Publish detect message                
area: 3                 
device: ['L18']                 
distance: 9.807057782331883                 
distance_camera: 9999.0                 
distance_lidar: 9.807057782331883                 
has_object: True                 
has_person: False                 
zone1: True                 
zone2: False
2026-09-11 00:08:50.218 | INFO     | _send_fused_det_msg:762 - 
Publish detect message                
area: 3                 
device: ['L18']                 
distance: 9.807057782331883                 
distance_camera: 9999.0                 
distance_lidar: 9.807057782331883                 
has_object: True                 
has_person: False                 
zone1: True                 
zone2: False
2026-09-11 00:08:50.247 | INFO     | _send_fused_det_msg:762 - 
Publish detect message                
area: 3                 
device: ['L18']                 
distance: 9.807057782331883                 
distance_camera: 9999.0                 
distance_lidar: 9.807057782331883                 
has_object: True                 
has_person: False                 
zone1: True                 
zone2: False
2026-09-11 00:08:50.343 | INFO     | _send_fused_det_msg:762 - 
Publish detect message                
area: 3                 
device: ['L18']                 
distance: 9.807057782331883                 
distance_camera: 9999.0                 
distance_lidar: 9.807057782331883                 
has_object: True                 
has_person: False                 
zone1: True                 
zone2: False
2026-09-11 00:08:50.396 | INFO     | _send_fused_det_msg:762 - 
Publish detect message                
area: 3                 
device: ['L18']                 
distance: 9.807057782331883                 
distance_camera: 9999.0                 
distance_lidar: 9.807057782331883                 
has_object: True                 
has_person: False                 
zone1: True                 
zone2: False
2026-09-11 00:08:50.398 | WARNING  | _lidar_callback:367 - lidar 10 det distance 9.504682980841448 area 3
2026-09-11 00:08:50.404 | INFO     | _send_fused_det_msg:762 - 
Publish detect message                
area: 3                 
device: ['L18']                 
distance: 9.504682980841448                 
distance_camera: 9999.0                 
distance_lidar: 9.504682980841448                 
has_object: True                 
has_person: False                 
zone1: True                 
zone2: False
2026-09-11 00:08:50.452 | INFO     | _send_fused_det_msg:762 - 
Publish detect message                
area: 3                 
device: ['L18']                 
distance: 9.504682980841448                 
distance_camera: 9999.0                 
distance_lidar: 9.504682980841448                 
has_object: True                 
has_person: False                 
zone1: True                 
zone2: False
2026-09-11 00:08:50.533 | INFO     | _send_fused_det_msg:762 - 
Publish detect message                
area: 3                 
device: ['L18']                 
distance: 9.504682980841448                 
distance_camera: 9999.0                 
distance_lidar: 9.504682980841448                 
has_object: True                 
has_person: False                 
zone1: True                 
zone2: False
2026-09-11 00:08:50.547 | INFO     | _send_fused_det_msg:762 - 
Publish detect message                
area: 3                 
device: ['L18']                 
distance: 9.504682980841448                 
distance_camera: 9999.0                 
distance_lidar: 9.504682980841448                 
has_object: True                 
has_person: False                 
zone1: True                 
zone2: False
2026-09-11 00:08:50.631 | WARNING  | _lidar_callback:367 - lidar 10 det distance 9.395181072213123 area 3
2026-09-11 00:08:50.633 | INFO     | _send_fused_det_msg:762 - 
Publish detect message                
area: 3                 
device: ['L18']                 
distance: 9.395181072213123                 
distance_camera: 9999.0                 
distance_lidar: 9.395181072213123                 
has_object: True                 
has_person: False                 
zone1: True                 
zone2: False
2026-09-11 00:08:50.681 | INFO     | _send_fused_det_msg:762 - 
Publish detect message                
area: 3                 
device: ['L18']                 
distance: 9.395181072213123                 
distance_camera: 9999.0                 
distance_lidar: 9.395181072213123                 
has_object: True                 
has_person: False                 
zone1: True                 
zone2: False
2026-09-11 00:08:50.687 | INFO     | _send_fused_det_msg:762 - 
Publish detect message                
area: 3                 
device: ['L18']                 
distance: 9.395181072213123                 
distance_camera: 9999.0                 
distance_lidar: 9.395181072213123                 
has_object: True                 
has_person: False                 
zone1: True                 
zone2: False
2026-09-11 00:08:50.764 | INFO     | _send_fused_det_msg:762 - 
Publish detect message                
area: 3                 
device: ['L18']                 
distance: 9.395181072213123                 
distance_camera: 9999.0                 
distance_lidar: 9.395181072213123                 
has_object: True                 
has_person: False                 
zone1: True                 
zone2: False
2026-09-11 00:08:50.776 | INFO     | _send_fused_det_msg:762 - 
Publish detect message                
area: 3                 
device: ['L18']                 
distance: 9.395181072213123                 
distance_camera: 9999.0                 
distance_lidar: 9.395181072213123                 
has_object: True                 
has_person: False                 
zone1: True                 
zone2: False
2026-09-11 00:08:50.853 | INFO     | _send_fused_det_msg:762 - 
Publish detect message                
area: 3                 
device: ['L18']                 
distance: 9.395181072213123                 
distance_camera: 9999.0                 
distance_lidar: 9.395181072213123                 
has_object: True                 
has_person: False                 
zone1: True                 
zone2: False
2026-09-11 00:08:50.916 | WARNING  | _lidar_callback:367 - lidar 10 det distance 8.782737732481072 area 3
2026-09-11 00:08:50.918 | INFO     | _send_fused_det_msg:762 - 
Publish detect message                
area: 3                 
device: ['L18']                 
distance: 8.782737732481072                 
distance_camera: 9999.0                 
distance_lidar: 8.782737732481072                 
has_object: True                 
has_person: False                 
zone1: True                 
zone2: False
2026-09-11 00:08:50.943 | INFO     | _send_fused_det_msg:762 - 
Publish detect message                
area: 3                 
device: ['L18']                 
distance: 8.782737732481072                 
distance_camera: 9999.0                 
distance_lidar: 8.782737732481072                 
has_object: True                 
has_person: False                 
zone1: True                 
zone2: False
2026-09-11 00:08:50.988 | INFO     | _send_fused_det_msg:762 - 
Publish detect message                
area: 3                 
device: ['L18']                 
distance: 8.782737732481072                 
distance_camera: 9999.0                 
distance_lidar: 8.782737732481072                 
has_object: True                 
has_person: False                 
zone1: True                 
zone2: False
2026-09-11 00:08:51.055 | INFO     | _send_fused_det_msg:762 - 
Publish detect message                
area: 3                 
device: ['L18']                 
distance: 8.782737732481072                 
distance_camera: 9999.0                 
distance_lidar: 8.782737732481072                 
has_object: True                 
has_person: False                 
zone1: True                 
zone2: False
2026-09-11 00:08:51.119 | INFO     | _send_fused_det_msg:762 - 
Publish detect message                
area: 3                 
device: ['L18']                 
distance: 8.782737732481072                 
distance_camera: 9999.0                 
distance_lidar: 8.782737732481072                 
has_object: True                 
has_person: False                 
zone1: True                 
zone2: False
2026-09-11 00:08:51.128 | INFO     | _send_fused_det_msg:762 - 
Publish detect message                
area: 3                 
device: ['L18']                 
distance: 8.782737732481072                 
distance_camera: 9999.0                 
distance_lidar: 8.782737732481072                 
has_object: True                 
has_person: False                 
zone1: True                 
zone2: False
2026-09-11 00:08:51.268 | WARNING  | _lidar_callback:367 - lidar 10 det distance 8.585685867152247 area 3
2026-09-11 00:08:51.271 | INFO     | _send_fused_det_msg:762 - 
Publish detect message                
area: 3                 
device: ['L18']                 
distance: 8.782737732481072                 
distance_camera: 9999.0                 
distance_lidar: 8.782737732481072                 
has_object: True                 
has_person: False                 
zone1: True                 
zone2: False
2026-09-11 00:08:51.293 | INFO     | _send_fused_det_msg:762 - 
Publish detect message                
area: 3                 
device: ['L18']                 
distance: 8.585685867152247                 
distance_camera: 9999.0                 
distance_lidar: 8.585685867152247                 
has_object: True                 
has_person: False                 
zone1: True                 
zone2: False
2026-09-11 00:08:51.322 | INFO     | _send_fused_det_msg:762 - 
Publish detect message                
area: 3                 
device: ['L18']                 
distance: 8.585685867152247                 
distance_camera: 9999.0                 
distance_lidar: 8.585685867152247                 
has_object: True                 
has_person: False                 
zone1: True                 
zone2: False
2026-09-11 00:08:51.350 | INFO     | _get_distance:432 - 【gantry_collision】float(3.4785403755782155e-12)*1246**4 + float(-2.992194721400016e-08)*1246**3 + float(9.487611627735373e-05)*1246**2 + float(-0.1361799689501247)*1246 + float(79.4357976549663)
2026-09-11 00:08:51.359 | INFO     | _send_fused_det_msg:762 - 
Publish detect message                
area: 3                 
device: ['C18']                 
distance: 7.554531333544347                 
distance_camera: 7.554531333544347                 
distance_lidar: 8.585685867152247                 
has_object: True                 
has_person: True                 
zone1: True                 
zone2: False
2026-09-11 00:08:51.362 | WARNING  | _action_collision_callback:330 - 
相机综合检测结果                                         
设备ID: C18                                         
区域代码: 3                                         
物体在区域内: True                                         
减速区域：True                                         
停止区域：False                                         
有物体: True                                         
有行人: True                                         
置信度: 0.660                                         
最近距离: 7.555 m                                         
相交面积: 15293.000                                         
相交比例: 0.425                                         
物体类型: person                                         
最终耗时: 223.115 ms 
2026-09-11 00:08:51.433 | INFO     | _send_fused_det_msg:762 - 
Publish detect message                
area: 3                 
device: ['C18']                 
distance: 7.554531333544347                 
distance_camera: 7.554531333544347                 
distance_lidar: 8.585685867152247                 
has_object: True                 
has_person: True                 
zone1: True                 
zone2: False
2026-09-11 00:08:51.496 | INFO     | _save_collision_detect_data:868 - 保存防撞检测进入图像: /2026-09-11/algl_gantry_collision_detect_package/zone1/29/20260911_000851.jpg
2026-09-11 00:08:51.497 | INFO     | _save_detect_data:818 - 设备29进入区域3的zone1，保存进入数据
2026-09-11 00:08:51.506 | INFO     | _send_fused_det_msg:762 - 
Publish detect message                
area: 3                 
device: ['C18']                 
distance: 7.554531333544347                 
distance_camera: 7.554531333544347                 
distance_lidar: 8.585685867152247                 
has_object: True                 
has_person: True                 
zone1: True                 
zone2: False
2026-09-11 00:08:51.529 | INFO     | _get_distance:432 - 【gantry_collision】float(3.4785403755782155e-12)*1253**4 + float(-2.992194721400016e-08)*1253**3 + float(9.487611627735373e-05)*1253**2 + float(-0.1361799689501247)*1253 + float(79.4357976549663)
2026-09-11 00:08:51.533 | INFO     | _send_fused_det_msg:762 - 
Publish detect message                
area: 3                 
device: ['C18']                 
distance: 7.4699142678953905                 
distance_camera: 7.4699142678953905                 
distance_lidar: 8.585685867152247                 
has_object: True                 
has_person: True                 
zone1: True                 
zone2: False
2026-09-11 00:08:51.538 | WARNING  | _action_collision_callback:330 - 
相机综合检测结果                                         
设备ID: C18                                         
区域代码: 3                                         
物体在区域内: True                                         
减速区域：True                                         
停止区域：False                                         
有物体: True                                         
有行人: True                                         
置信度: 0.711                                         
最近距离: 7.470 m                                         
相交面积: 19746.000                                         
相交比例: 0.537                                         
物体类型: person                                         
最终耗时: 216.985 ms 
2026-09-11 00:08:51.662 | INFO     | _send_fused_det_msg:762 - 
Publish detect message                
area: 3                 
device: ['C18']                 
distance: 7.4699142678953905                 
distance_camera: 7.4699142678953905                 
distance_lidar: 8.585685867152247                 
has_object: True                 
has_person: True                 
zone1: True                 
zone2: False
2026-09-11 00:08:51.665 | WARNING  | _lidar_callback:367 - lidar 10 det distance 7.948677341919181 area 3
2026-09-11 00:08:51.675 | INFO     | _send_fused_det_msg:762 - 
Publish detect message                
area: 3                 
device: ['C18']                 
distance: 7.4699142678953905                 
distance_camera: 7.4699142678953905                 
distance_lidar: 7.948677341919181                 
has_object: True                 
has_person: True                 
zone1: True                 
zone2: False
2026-09-11 00:08:51.690 | INFO     | _get_distance:432 - 【gantry_collision】float(3.4785403755782155e-12)*1270**4 + float(-2.992194721400016e-08)*1270**3 + float(9.487611627735373e-05)*1270**2 + float(-0.1361799689501247)*1270 + float(79.4357976549663)
2026-09-11 00:08:51.693 | INFO     | _send_fused_det_msg:762 - 
Publish detect message                
area: 3                 
device: ['C18']                 
distance: 7.270553404084453                 
distance_camera: 7.270553404084453                 
distance_lidar: 7.948677341919181                 
has_object: True                 
has_person: True                 
zone1: True                 
zone2: False
2026-09-11 00:08:51.695 | WARNING  | _action_collision_callback:330 - 
相机综合检测结果                                         
设备ID: C18                                         
区域代码: 3                                         
物体在区域内: True                                         
减速区域：True                                         
停止区域：False                                         
有物体: True                                         
有行人: True                                         
置信度: 0.834                                         
最近距离: 7.271 m                                         
相交面积: 20276.000                                         
相交比例: 0.583                                         
物体类型: person                                         
最终耗时: 219.782 ms 
2026-09-11 00:08:51.770 | INFO     | _send_fused_det_msg:762 - 
Publish detect message                
area: 3                 
device: ['C18']                 
distance: 7.270553404084453                 
distance_camera: 7.270553404084453                 
distance_lidar: 7.948677341919181                 
has_object: True                 
has_person: True                 
zone1: True                 
zone2: False
2026-09-11 00:08:51.842 | INFO     | _send_fused_det_msg:762 - 
Publish detect message                
area: 3                 
device: ['C18']                 
distance: 7.270553404084453                 
distance_camera: 7.270553404084453                 
distance_lidar: 7.948677341919181                 
has_object: True                 
has_person: True                 
zone1: True                 
zone2: False
2026-09-11 00:08:51.848 | INFO     | _get_distance:432 - 【gantry_collision】float(3.4785403755782155e-12)*1319**4 + float(-2.992194721400016e-08)*1319**3 + float(9.487611627735373e-05)*1319**2 + float(-0.1361799689501247)*1319 + float(79.4357976549663)
2026-09-11 00:08:51.850 | INFO     | _send_fused_det_msg:762 - 
Publish detect message                
area: 3                 
device: ['C18']                 
distance: 6.741689860352594                 
distance_camera: 6.741689860352594                 
distance_lidar: 7.948677341919181                 
has_object: True                 
has_person: True                 
zone1: True                 
zone2: False
2026-09-11 00:08:51.851 | WARNING  | _action_collision_callback:330 - 
相机综合检测结果                                         
设备ID: C18                                         
区域代码: 3                                         
物体在区域内: True                                         
减速区域：True                                         
停止区域：False                                         
有物体: True                                         
有行人: True                                         
置信度: 0.772                                         
最近距离: 6.742 m                                         
相交面积: 28384.000                                         
相交比例: 0.704                                         
物体类型: person                                         
最终耗时: 222.624 ms 
2026-09-11 00:08:51.942 | INFO     | _send_fused_det_msg:762 - 
Publish detect message                
area: 3                 
device: ['C18']                 
distance: 6.741689860352594                 
distance_camera: 6.741689860352594                 
distance_lidar: 7.948677341919181                 
has_object: True                 
has_person: True                 
zone1: True                 
zone2: False
2026-09-11 00:08:52.037 | INFO     | _send_fused_det_msg:762 - 
Publish detect message                
area: 3                 
device: ['C18']                 
distance: 6.741689860352594                 
distance_camera: 6.741689860352594                 
distance_lidar: 7.948677341919181                 
has_object: True                 
has_person: True                 
zone1: True                 
zone2: False
2026-09-11 00:08:52.055 | INFO     | _get_distance:432 - 【gantry_collision】float(3.4785403755782155e-12)*1330**4 + float(-2.992194721400016e-08)*1330**3 + float(9.487611627735373e-05)*1330**2 + float(-0.1361799689501247)*1330 + float(79.4357976549663)
2026-09-11 00:08:52.059 | INFO     | _send_fused_det_msg:762 - 
Publish detect message                
area: 3                 
device: ['C18']                 
distance: 6.631698822068074                 
distance_camera: 6.631698822068074                 
distance_lidar: 7.948677341919181                 
has_object: True                 
has_person: True                 
zone1: True                 
zone2: False
2026-09-11 00:08:52.060 | WARNING  | _action_collision_callback:330 - 
相机综合检测结果                                         
设备ID: C18                                         
区域代码: 3                                         
物体在区域内: True                                         
减速区域：True                                         
停止区域：False                                         
有物体: True                                         
有行人: True                                         
置信度: 0.874                                         
最近距离: 6.632 m                                         
相交面积: 30067.000                                         
相交比例: 0.746                                         
物体类型: person                                         
最终耗时: 266.845 ms 
2026-09-11 00:08:52.131 | INFO     | _send_fused_det_msg:762 - 
Publish detect message                
area: 3                 
device: ['C18']                 
distance: 6.631698822068074                 
distance_camera: 6.631698822068074                 
distance_lidar: 7.948677341919181                 
has_object: True                 
has_person: True                 
zone1: True                 
zone2: False
2026-09-11 00:08:52.135 | WARNING  | _lidar_callback:367 - lidar 10 det distance 7.366842801853716 area 3
2026-09-11 00:08:52.139 | INFO     | _send_fused_det_msg:762 - 
Publish detect message                
area: 3                 
device: ['C18']                 
distance: 6.631698822068074                 
distance_camera: 6.631698822068074                 
distance_lidar: 7.366842801853716                 
has_object: True                 
has_person: True                 
zone1: True                 
zone2: False
2026-09-11 00:08:52.208 | INFO     | _send_fused_det_msg:762 - 
Publish detect message                
area: 3                 
device: ['C18']                 
distance: 6.631698822068074                 
distance_camera: 6.631698822068074                 
distance_lidar: 7.366842801853716                 
has_object: True                 
has_person: True                 
zone1: True                 
zone2: False
2026-09-11 00:08:52.211 | INFO     | _get_distance:432 - 【gantry_collision】float(3.4785403755782155e-12)*1376**4 + float(-2.992194721400016e-08)*1376**3 + float(9.487611627735373e-05)*1376**2 + float(-0.1361799689501247)*1376 + float(79.4357976549663)
2026-09-11 00:08:52.213 | INFO     | _send_fused_det_msg:762 - 
Publish detect message                
area: 3                 
device: ['C18']                 
distance: 6.2032347638266145                 
distance_camera: 6.2032347638266145                 
distance_lidar: 7.366842801853716                 
has_object: True                 
has_person: True                 
zone1: True                 
zone2: False
2026-09-11 00:08:52.215 | WARNING  | _action_collision_callback:330 - 
相机综合检测结果                                         
设备ID: C18                                         
区域代码: 3                                         
物体在区域内: True                                         
减速区域：True                                         
停止区域：False                                         
有物体: True                                         
有行人: True                                         
置信度: 0.888                                         
最近距离: 6.203 m                                         
相交面积: 43662.000                                         
相交比例: 0.883                                         
物体类型: person                                         
最终耗时: 227.669 ms 
2026-09-11 00:08:52.336 | INFO     | _send_fused_det_msg:762 - 
Publish detect message                
area: 3                 
device: ['C18']                 
distance: 6.2032347638266145                 
distance_camera: 6.2032347638266145                 
distance_lidar: 7.366842801853716                 
has_object: True                 
has_person: True                 
zone1: True                 
zone2: False
2026-09-11 00:08:52.410 | INFO     | _get_distance:432 - 【gantry_collision】float(3.4785403755782155e-12)*1426**4 + float(-2.992194721400016e-08)*1426**3 + float(9.487611627735373e-05)*1426**2 + float(-0.1361799689501247)*1426 + float(79.4357976549663)
2026-09-11 00:08:52.414 | INFO     | _send_fused_det_msg:762 - 
Publish detect message                
area: 3                 
device: ['C18']                 
distance: 5.7895467825410805                 
distance_camera: 5.7895467825410805                 
distance_lidar: 7.366842801853716                 
has_object: True                 
has_person: True                 
zone1: True                 
zone2: False
2026-09-11 00:08:52.418 | WARNING  | _action_collision_callback:330 - 
相机综合检测结果                                         
设备ID: C18                                         
区域代码: 3                                         
物体在区域内: True                                         
减速区域：True                                         
停止区域：False                                         
有物体: True                                         
有行人: True                                         
置信度: 0.926                                         
最近距离: 5.790 m                                         
相交面积: 54116.000                                         
相交比例: 0.958                                         
物体类型: person                                         
最终耗时: 267.837 ms 
2026-09-11 00:08:52.460 | INFO     | _send_fused_det_msg:762 - 
Publish detect message                
area: 3                 
device: ['C18']                 
distance: 5.7895467825410805                 
distance_camera: 5.7895467825410805                 
distance_lidar: 7.366842801853716                 
has_object: True                 
has_person: True                 
zone1: True                 
zone2: False
2026-09-11 00:08:52.525 | INFO     | _get_distance:432 - 【gantry_collision】float(3.4785403755782155e-12)*1435**4 + float(-2.992194721400016e-08)*1435**3 + float(9.487611627735373e-05)*1435**2 + float(-0.1361799689501247)*1435 + float(79.4357976549663)
2026-09-11 00:08:52.527 | INFO     | _send_fused_det_msg:762 - 
Publish detect message                
area: 3                 
device: ['C18']                 
distance: 5.720250586693382                 
distance_camera: 5.720250586693382                 
distance_lidar: 7.366842801853716                 
has_object: True                 
has_person: True                 
zone1: True                 
zone2: False
2026-09-11 00:08:52.528 | WARNING  | _action_collision_callback:330 - 
相机综合检测结果                                         
设备ID: C18                                         
区域代码: 3                                         
物体在区域内: True                                         
减速区域：True                                         
停止区域：False                                         
有物体: True                                         
有行人: True                                         
置信度: 0.896                                         
最近距离: 5.720 m                                         
相交面积: 53855.000                                         
相交比例: 1.000                                         
物体类型: person                                         
最终耗时: 182.052 ms 
2026-09-11 00:08:52.595 | INFO     | _send_fused_det_msg:762 - 
Publish detect message                
area: 3                 
device: ['C18']                 
distance: 5.720250586693382                 
distance_camera: 5.720250586693382                 
distance_lidar: 7.366842801853716                 
has_object: True                 
has_person: True                 
zone1: True                 
zone2: False
2026-09-11 00:08:52.615 | WARNING  | _lidar_callback:367 - lidar 10 det distance 6.480075190035988 area 3
2026-09-11 00:08:52.617 | INFO     | _send_fused_det_msg:762 - 
Publish detect message                
area: 3                 
device: ['C18']                 
distance: 5.720250586693382                 
distance_camera: 5.720250586693382                 
distance_lidar: 6.480075190035988                 
has_object: True                 
has_person: True                 
zone1: True                 
zone2: False
2026-09-11 00:08:52.689 | INFO     | _send_fused_det_msg:762 - 
Publish detect message                
area: 3                 
device: ['C18']                 
distance: 5.720250586693382                 
distance_camera: 5.720250586693382                 
distance_lidar: 6.480075190035988                 
has_object: True                 
has_person: True                 
zone1: True                 
zone2: False
2026-09-11 00:08:52.694 | INFO     | _get_distance:432 - 【gantry_collision】float(3.4785403755782155e-12)*1503**4 + float(-2.992194721400016e-08)*1503**3 + float(9.487611627735373e-05)*1503**2 + float(-0.1361799689501247)*1503 + float(79.4357976549663)
2026-09-11 00:08:52.697 | INFO     | _send_fused_det_msg:762 - 
Publish detect message                
area: 3                 
device: ['C18']                 
distance: 5.2410156964651975                 
distance_camera: 5.2410156964651975                 
distance_lidar: 6.480075190035988                 
has_object: True                 
has_person: True                 
zone1: False                 
zone2: True
2026-09-11 00:08:52.699 | WARNING  | _action_collision_callback:330 - 
相机综合检测结果                                         
设备ID: C18                                         
区域代码: 3                                         
物体在区域内: True                                         
减速区域：False                                         
停止区域：True                                         
有物体: True                                         
有行人: True                                         
置信度: 0.925                                         
最近距离: 5.241 m                                         
相交面积: 61950.000                                         
相交比例: 1.000                                         
物体类型: person                                         
最终耗时: 193.161 ms 
2026-09-11 00:08:52.762 | INFO     | _send_fused_det_msg:762 - 
Publish detect message                
area: 3                 
device: ['C18']                 
distance: 5.2410156964651975                 
distance_camera: 5.2410156964651975                 
distance_lidar: 6.480075190035988                 
has_object: True                 
has_person: True                 
zone1: False                 
zone2: True
2026-09-11 00:08:52.839 | INFO     | _send_fused_det_msg:762 - 
Publish detect message                
area: 3                 
device: ['C18']                 
distance: 5.2410156964651975                 
distance_camera: 5.2410156964651975                 
distance_lidar: 6.480075190035988                 
has_object: True                 
has_person: True                 
zone1: False                 
zone2: True
2026-09-11 00:08:52.858 | INFO     | _get_distance:432 - 【gantry_collision】float(3.4785403755782155e-12)*1556**4 + float(-2.992194721400016e-08)*1556**3 + float(9.487611627735373e-05)*1556**2 + float(-0.1361799689501247)*1556 + float(79.4357976549663)
2026-09-11 00:08:52.860 | INFO     | _send_fused_det_msg:762 - 
Publish detect message                
area: 3                 
device: ['C18']                 
distance: 4.914019636364131                 
distance_camera: 4.914019636364131                 
distance_lidar: 6.480075190035988                 
has_object: True                 
has_person: True                 
zone1: False                 
zone2: True
2026-09-11 00:08:52.861 | WARNING  | _action_collision_callback:330 - 
相机综合检测结果                                         
设备ID: C18                                         
区域代码: 3                                         
物体在区域内: True                                         
减速区域：False                                         
停止区域：True                                         
有物体: True                                         
有行人: True                                         
置信度: 0.894                                         
最近距离: 4.914 m                                         
相交面积: 65208.000                                         
相交比例: 1.000                                         
物体类型: person                                         
最终耗时: 200.619 ms 
2026-09-11 00:08:52.942 | INFO     | _send_fused_det_msg:762 - 
Publish detect message                
area: 3                 
device: ['C18']                 
distance: 4.914019636364131                 
distance_camera: 4.914019636364131                 
distance_lidar: 6.480075190035988                 
has_object: True                 
has_person: True                 
zone1: False                 
zone2: True
2026-09-11 00:08:52.979 | WARNING  | _lidar_callback:367 - lidar 10 det distance 5.8091198263607575 area 3
2026-09-11 00:08:52.982 | INFO     | _send_fused_det_msg:762 - 
Publish detect message                
area: 3                 
device: ['C18']                 
distance: 4.914019636364131                 
distance_camera: 4.914019636364131                 
distance_lidar: 5.8091198263607575                 
has_object: True                 
has_person: True                 
zone1: False                 
zone2: True
2026-09-11 00:08:52.995 | INFO     | _send_fused_det_msg:762 - 
Publish detect message                
area: 3                 
device: ['C18']                 
distance: 4.914019636364131                 
distance_camera: 4.914019636364131                 
distance_lidar: 5.8091198263607575                 
has_object: True                 
has_person: True                 
zone1: False                 
zone2: True
2026-09-11 00:08:53.041 | INFO     | _get_distance:432 - 【gantry_collision】float(3.4785403755782155e-12)*1562**4 + float(-2.992194721400016e-08)*1562**3 + float(9.487611627735373e-05)*1562**2 + float(-0.1361799689501247)*1562 + float(79.4357976549663)
2026-09-11 00:08:53.043 | INFO     | _send_fused_det_msg:762 - 
Publish detect message                
area: 3                 
device: ['C18']                 
distance: 4.879171281901407                 
distance_camera: 4.879171281901407                 
distance_lidar: 5.8091198263607575                 
has_object: True                 
has_person: True                 
zone1: False                 
zone2: True
2026-09-11 00:08:53.043 | WARNING  | _action_collision_callback:330 - 
相机综合检测结果                                         
设备ID: C18                                         
区域代码: 3                                         
物体在区域内: True                                         
减速区域：False                                         
停止区域：True                                         
有物体: True                                         
有行人: True                                         
置信度: 0.941                                         
最近距离: 4.879 m                                         
相交面积: 69121.000                                         
相交比例: 1.000                                         
物体类型: person                                         
最终耗时: 216.436 ms 
2026-09-11 00:08:53.062 | INFO     | _send_fused_det_msg:762 - 
Publish detect message                
area: 3                 
device: ['C18']                 
distance: 4.879171281901407                 
distance_camera: 4.879171281901407                 
distance_lidar: 5.8091198263607575                 
has_object: True                 
has_person: True                 
zone1: False                 
zone2: True
2026-09-11 00:08:53.138 | INFO     | _send_fused_det_msg:762 - 
Publish detect message                
area: 3                 
device: ['C18']                 
distance: 4.879171281901407                 
distance_camera: 4.879171281901407                 
distance_lidar: 5.8091198263607575                 
has_object: True                 
has_person: True                 
zone1: False                 
zone2: True
2026-09-11 00:08:53.165 | INFO     | _get_distance:432 - 【gantry_collision】float(3.4785403755782155e-12)*1636**4 + float(-2.992194721400016e-08)*1636**3 + float(9.487611627735373e-05)*1636**2 + float(-0.1361799689501247)*1636 + float(79.4357976549663)
2026-09-11 00:08:53.167 | INFO     | _send_fused_det_msg:762 - 
Publish detect message                
area: 3                 
device: ['C18']                 
distance: 4.479243028340775                 
distance_camera: 4.479243028340775                 
distance_lidar: 5.8091198263607575                 
has_object: True                 
has_person: True                 
zone1: False                 
zone2: True
2026-09-11 00:08:53.167 | WARNING  | _action_collision_callback:330 - 
相机综合检测结果                                         
设备ID: C18                                         
区域代码: 3                                         
物体在区域内: True                                         
减速区域：False                                         
停止区域：True                                         
有物体: True                                         
有行人: True                                         
置信度: 0.917                                         
最近距离: 4.479 m                                         
相交面积: 80154.000                                         
相交比例: 1.000                                         
物体类型: person                                         
最终耗时: 148.492 ms 
2026-09-11 00:08:53.197 | INFO     | _send_fused_det_msg:762 - 
Publish detect message                
area: 3                 
device: ['C18']                 
distance: 4.479243028340775                 
distance_camera: 4.479243028340775                 
distance_lidar: 5.8091198263607575                 
has_object: True                 
has_person: True                 
zone1: False                 
zone2: True
2026-09-11 00:08:53.256 | INFO     | _get_distance:432 - 【gantry_collision】float(3.4785403755782155e-12)*1656**4 + float(-2.992194721400016e-08)*1656**3 + float(9.487611627735373e-05)*1656**2 + float(-0.1361799689501247)*1656 + float(79.4357976549663)
2026-09-11 00:08:53.270 | INFO     | _send_fused_det_msg:762 - 
Publish detect message                
area: 3                 
device: ['C18']                 
distance: 4.379206050149335                 
distance_camera: 4.379206050149335                 
distance_lidar: 5.8091198263607575                 
has_object: True                 
has_person: True                 
zone1: False                 
zone2: True
2026-09-11 00:08:53.274 | WARNING  | _action_collision_callback:330 - 
相机综合检测结果                                         
设备ID: C18                                         
区域代码: 3                                         
物体在区域内: True                                         
减速区域：False                                         
停止区域：True                                         
有物体: True                                         
有行人: True                                         
置信度: 0.907                                         
最近距离: 4.379 m                                         
相交面积: 81906.000                                         
相交比例: 1.000                                         
物体类型: person                                         
最终耗时: 164.489 ms 
2026-09-11 00:08:53.326 | INFO     | _send_fused_det_msg:762 - 
Publish detect message                
area: 3                 
device: ['C18']                 
distance: 4.379206050149335                 
distance_camera: 4.379206050149335                 
distance_lidar: 5.8091198263607575                 
has_object: True                 
has_person: True                 
zone1: False                 
zone2: True
2026-09-11 00:08:53.390 | WARNING  | _lidar_callback:367 - lidar 10 det distance 5.362864043268315 area 3
2026-09-11 00:08:53.392 | INFO     | _send_fused_det_msg:762 - 
Publish detect message                
area: 3                 
device: ['C18']                 
distance: 4.379206050149335                 
distance_camera: 4.379206050149335                 
distance_lidar: 5.362864043268315                 
has_object: True                 
has_person: True                 
zone1: False                 
zone2: True
2026-09-11 00:08:53.403 | INFO     | _send_fused_det_msg:762 - 
Publish detect message                
area: 3                 
device: ['C18']                 
distance: 4.379206050149335                 
distance_camera: 4.379206050149335                 
distance_lidar: 5.362864043268315                 
has_object: True                 
has_person: True                 
zone1: False                 
zone2: True
2026-09-11 00:08:53.419 | INFO     | _get_distance:432 - 【gantry_collision】float(3.4785403755782155e-12)*1674**4 + float(-2.992194721400016e-08)*1674**3 + float(9.487611627735373e-05)*1674**2 + float(-0.1361799689501247)*1674 + float(79.4357976549663)
2026-09-11 00:08:53.421 | INFO     | _send_fused_det_msg:762 - 
Publish detect message                
area: 3                 
device: ['C18']                 
distance: 4.2915495794171505                 
distance_camera: 4.2915495794171505                 
distance_lidar: 5.362864043268315                 
has_object: True                 
has_person: True                 
zone1: False                 
zone2: True
2026-09-11 00:08:53.422 | WARNING  | _action_collision_callback:330 - 
相机综合检测结果                                         
设备ID: C18                                         
区域代码: 3                                         
物体在区域内: True                                         
减速区域：False                                         
停止区域：True                                         
有物体: True                                         
有行人: True                                         
置信度: 0.908                                         
最近距离: 4.292 m                                         
相交面积: 82404.000                                         
相交比例: 1.000                                         
物体类型: person                                         
最终耗时: 230.716 ms 
2026-09-11 00:08:53.479 | INFO     | _send_fused_det_msg:762 - 
Publish detect message                
area: 3                 
device: ['C18']                 
distance: 4.2915495794171505                 
distance_camera: 4.2915495794171505                 
distance_lidar: 5.362864043268315                 
has_object: True                 
has_person: True                 
zone1: False                 
zone2: True
2026-09-11 00:08:53.554 | INFO     | _get_distance:432 - 【gantry_collision】float(3.4785403755782155e-12)*1663**4 + float(-2.992194721400016e-08)*1663**3 + float(9.487611627735373e-05)*1663**2 + float(-0.1361799689501247)*1663 + float(79.4357976549663)
2026-09-11 00:08:53.559 | INFO     | _send_fused_det_msg:762 - 
Publish detect message                
area: 3                 
device: ['C18']                 
distance: 4.344864125374144                 
distance_camera: 4.344864125374144                 
distance_lidar: 5.362864043268315                 
has_object: True                 
has_person: True                 
zone1: False                 
zone2: True
2026-09-11 00:08:53.561 | WARNING  | _action_collision_callback:330 - 
相机综合检测结果                                         
设备ID: C18                                         
区域代码: 3                                         
物体在区域内: True                                         
减速区域：False                                         
停止区域：True                                         
有物体: True                                         
有行人: True                                         
置信度: 0.944                                         
最近距离: 4.345 m                                         
相交面积: 71004.000                                         
相交比例: 1.000                                         
物体类型: person                                         
最终耗时: 162.893 ms 
2026-09-11 00:08:53.570 | INFO     | _send_fused_det_msg:762 - 
Publish detect message                
area: 3                 
device: ['C18']                 
distance: 4.344864125374144                 
distance_camera: 4.344864125374144                 
distance_lidar: 5.362864043268315                 
has_object: True                 
has_person: True                 
zone1: False                 
zone2: True
2026-09-11 00:08:53.629 | WARNING  | _lidar_callback:367 - lidar 10 det distance 4.291071698846087 area 3
2026-09-11 00:08:53.631 | INFO     | _send_fused_det_msg:762 - 
Publish detect message                
area: 3                 
device: ['L18']                 
distance: 4.291071698846087                 
distance_camera: 4.344864125374144                 
distance_lidar: 4.291071698846087                 
has_object: True                 
has_person: False                 
zone1: False                 
zone2: True
2026-09-11 00:08:53.688 | INFO     | _send_fused_det_msg:762 - 
Publish detect message                
area: 3                 
device: ['L18']                 
distance: 4.291071698846087                 
distance_camera: 4.344864125374144                 
distance_lidar: 4.291071698846087                 
has_object: True                 
has_person: False                 
zone1: False                 
zone2: True
2026-09-11 00:08:53.754 | INFO     | _get_distance:432 - 【gantry_collision】float(3.4785403755782155e-12)*1763**4 + float(-2.992194721400016e-08)*1763**3 + float(9.487611627735373e-05)*1763**2 + float(-0.1361799689501247)*1763 + float(79.4357976549663)
2026-09-11 00:08:53.758 | INFO     | _send_fused_det_msg:762 - 
Publish detect message                
area: 3                 
device: ['C18']                 
distance: 3.8833490014234116                 
distance_camera: 3.8833490014234116                 
distance_lidar: 4.291071698846087                 
has_object: True                 
has_person: True                 
zone1: False                 
zone2: True
2026-09-11 00:08:53.760 | WARNING  | _action_collision_callback:330 - 
相机综合检测结果                                         
设备ID: C18                                         
区域代码: 3                                         
物体在区域内: True                                         
减速区域：False                                         
停止区域：True                                         
有物体: True                                         
有行人: True                                         
置信度: 0.948                                         
最近距离: 3.883 m                                         
相交面积: 87608.000                                         
相交比例: 1.000                                         
物体类型: person                                         
最终耗时: 278.831 ms 
2026-09-11 00:08:53.779 | INFO     | _send_fused_det_msg:762 - 
Publish detect message                
area: 3                 
device: ['C18']                 
distance: 3.8833490014234116                 
distance_camera: 3.8833490014234116                 
distance_lidar: 4.291071698846087                 
has_object: True                 
has_person: True                 
zone1: False                 
zone2: True
2026-09-11 00:08:53.901 | INFO     | _send_fused_det_msg:762 - 
Publish detect message                
area: 3                 
device: ['C18']                 
distance: 3.8833490014234116                 
distance_camera: 3.8833490014234116                 
distance_lidar: 4.291071698846087                 
has_object: True                 
has_person: True                 
zone1: False                 
zone2: True
2026-09-11 00:08:53.921 | WARNING  | _lidar_callback:367 - lidar 10 det distance 4.145649591270255 area 3
2026-09-11 00:08:53.923 | INFO     | _send_fused_det_msg:762 - 
Publish detect message                
area: 3                 
device: ['C18']                 
distance: 3.8833490014234116                 
distance_camera: 3.8833490014234116                 
distance_lidar: 4.145649591270255                 
has_object: True                 
has_person: True                 
zone1: False                 
zone2: True
2026-09-11 00:08:53.940 | INFO     | _get_distance:432 - 【gantry_collision】float(3.4785403755782155e-12)*1845**4 + float(-2.992194721400016e-08)*1845**3 + float(9.487611627735373e-05)*1845**2 + float(-0.1361799689501247)*1845 + float(79.4357976549663)
2026-09-11 00:08:53.941 | INFO     | _send_fused_det_msg:762 - 
Publish detect message                
area: 3                 
device: ['C18']                 
distance: 3.5290384056195734                 
distance_camera: 3.5290384056195734                 
distance_lidar: 4.145649591270255                 
has_object: True                 
has_person: True                 
zone1: False                 
zone2: True
2026-09-11 00:08:53.942 | WARNING  | _action_collision_callback:330 - 
相机综合检测结果                                         
设备ID: C18                                         
区域代码: 3                                         
物体在区域内: True                                         
减速区域：False                                         
停止区域：True                                         
有物体: True                                         
有行人: True                                         
置信度: 0.952                                         
最近距离: 3.529 m                                         
相交面积: 97944.000                                         
相交比例: 1.000                                         
物体类型: person                                         
最终耗时: 240.580 ms 
2026-09-11 00:08:54.019 | INFO     | _send_fused_det_msg:762 - 
Publish detect message                
area: 3                 
device: ['C18']                 
distance: 3.5290384056195734                 
distance_camera: 3.5290384056195734                 
distance_lidar: 4.145649591270255                 
has_object: True                 
has_person: True                 
zone1: False                 
zone2: True
2026-09-11 00:08:54.040 | INFO     | _get_distance:432 - 【gantry_collision】float(3.4785403755782155e-12)*1848**4 + float(-2.992194721400016e-08)*1848**3 + float(9.487611627735373e-05)*1848**2 + float(-0.1361799689501247)*1848 + float(79.4357976549663)
2026-09-11 00:08:54.042 | INFO     | _send_fused_det_msg:762 - 
Publish detect message                
area: 3                 
device: ['C18']                 
distance: 3.5162448137359235                 
distance_camera: 3.5162448137359235                 
distance_lidar: 4.145649591270255                 
has_object: True                 
has_person: True                 
zone1: False                 
zone2: True
2026-09-11 00:08:54.043 | WARNING  | _action_collision_callback:330 - 
相机综合检测结果                                         
设备ID: C18                                         
区域代码: 3                                         
物体在区域内: True                                         
减速区域：False                                         
停止区域：True                                         
有物体: True                                         
有行人: True                                         
置信度: 0.943                                         
最近距离: 3.516 m                                         
相交面积: 96113.000                                         
相交比例: 1.000                                         
物体类型: person                                         
最终耗时: 164.912 ms 
2026-09-11 00:08:54.104 | INFO     | _send_fused_det_msg:762 - 
Publish detect message                
area: 3                 
device: ['C18']                 
distance: 3.5162448137359235                 
distance_camera: 3.5162448137359235                 
distance_lidar: 4.145649591270255                 
has_object: True                 
has_person: True                 
zone1: False                 
zone2: True
2026-09-11 00:08:54.200 | INFO     | _send_fused_det_msg:762 - 
Publish detect message                
area: 3                 
device: ['C18']                 
distance: 3.5162448137359235                 
distance_camera: 3.5162448137359235                 
distance_lidar: 4.145649591270255                 
has_object: True                 
has_person: True                 
zone1: False                 
zone2: True
2026-09-11 00:08:54.215 | WARNING  | _lidar_callback:367 - lidar 10 det distance 3.628902473356764 area 3
2026-09-11 00:08:54.217 | INFO     | _send_fused_det_msg:762 - 
Publish detect message                
area: 3                 
device: ['C18']                 
distance: 3.5162448137359235                 
distance_camera: 3.5162448137359235                 
distance_lidar: 3.628902473356764                 
has_object: True                 
has_person: True                 
zone1: False                 
zone2: True
2026-09-11 00:08:54.220 | INFO     | _get_distance:432 - 【gantry_collision】float(3.4785403755782155e-12)*1924**4 + float(-2.992194721400016e-08)*1924**3 + float(9.487611627735373e-05)*1924**2 + float(-0.1361799689501247)*1924 + float(79.4357976549663)
2026-09-11 00:08:54.224 | INFO     | _send_fused_det_msg:762 - 
Publish detect message                
area: 3                 
device: ['C18']                 
distance: 3.1920108474887314                 
distance_camera: 3.1920108474887314                 
distance_lidar: 3.628902473356764                 
has_object: True                 
has_person: True                 
zone1: False                 
zone2: True
2026-09-11 00:08:54.224 | WARNING  | _action_collision_callback:330 - 
相机综合检测结果                                         
设备ID: C18                                         
区域代码: 3                                         
物体在区域内: True                                         
减速区域：False                                         
停止区域：True                                         
有物体: True                                         
有行人: True                                         
置信度: 0.930                                         
最近距离: 3.192 m                                         
相交面积: 111613.000                                         
相交比例: 1.000                                         
物体类型: person                                         
最终耗时: 226.310 ms 
2026-09-11 00:08:54.295 | INFO     | _send_fused_det_msg:762 - 
Publish detect message                
area: 3                 
device: ['C18']                 
distance: 3.1920108474887314                 
distance_camera: 3.1920108474887314                 
distance_lidar: 3.628902473356764                 
has_object: True                 
has_person: True                 
zone1: False                 
zone2: True
2026-09-11 00:08:54.352 | INFO     | _get_distance:432 - 【gantry_collision】float(3.4785403755782155e-12)*1838**4 + float(-2.992194721400016e-08)*1838**3 + float(9.487611627735373e-05)*1838**2 + float(-0.1361799689501247)*1838 + float(79.4357976549663)
2026-09-11 00:08:54.355 | INFO     | _send_fused_det_msg:762 - 
Publish detect message                
area: 3                 
device: ['C18']                 
distance: 3.5589126249336545                 
distance_camera: 3.5589126249336545                 
distance_lidar: 3.628902473356764                 
has_object: True                 
has_person: True                 
zone1: False                 
zone2: True
2026-09-11 00:08:54.355 | WARNING  | _action_collision_callback:330 - 
相机综合检测结果                                         
设备ID: C18                                         
区域代码: 3                                         
物体在区域内: True                                         
减速区域：False                                         
停止区域：True                                         
有物体: True                                         
有行人: True                                         
置信度: 0.934                                         
最近距离: 3.559 m                                         
相交面积: 86792.000                                         
相交比例: 0.971                                         
物体类型: person                                         
最终耗时: 199.825 ms 
2026-09-11 00:08:54.381 | INFO     | _send_fused_det_msg:762 - 
Publish detect message                
area: 3                 
device: ['C18']                 
distance: 3.5589126249336545                 
distance_camera: 3.5589126249336545                 
distance_lidar: 3.628902473356764                 
has_object: True                 
has_person: True                 
zone1: False                 
zone2: True
2026-09-11 00:08:54.488 | INFO     | _send_fused_det_msg:762 - 
Publish detect message                
area: 3                 
device: ['C18']                 
distance: 3.5589126249336545                 
distance_camera: 3.5589126249336545                 
distance_lidar: 3.628902473356764                 
has_object: True                 
has_person: True                 
zone1: False                 
zone2: True
2026-09-11 00:08:54.490 | INFO     | _get_distance:432 - 【gantry_collision】float(3.4785403755782155e-12)*1970**4 + float(-2.992194721400016e-08)*1970**3 + float(9.487611627735373e-05)*1970**2 + float(-0.1361799689501247)*1970 + float(79.4357976549663)
2026-09-11 00:08:54.493 | INFO     | _send_fused_det_msg:762 - 
Publish detect message                
area: 3                 
device: ['C18']                 
distance: 2.9931663203660293                 
distance_camera: 2.9931663203660293                 
distance_lidar: 3.628902473356764                 
has_object: True                 
has_person: True                 
zone1: False                 
zone2: True
2026-09-11 00:08:54.493 | WARNING  | _action_collision_callback:330 - 
相机综合检测结果                                         
设备ID: C18                                         
区域代码: 3                                         
物体在区域内: True                                         
减速区域：False                                         
停止区域：True                                         
有物体: True                                         
有行人: True                                         
置信度: 0.960                                         
最近距离: 2.993 m                                         
相交面积: 93057.000                                         
相交比例: 0.878                                         
物体类型: person                                         
最终耗时: 178.840 ms 
2026-09-11 00:08:54.586 | INFO     | _send_fused_det_msg:762 - 
Publish detect message                
area: 3                 
device: ['C18']                 
distance: 2.9931663203660293                 
distance_camera: 2.9931663203660293                 
distance_lidar: 3.628902473356764                 
has_object: True                 
has_person: True                 
zone1: False                 
zone2: True
2026-09-11 00:08:54.620 | WARNING  | _lidar_callback:367 - lidar 10 det distance 3.001256466864544 area 3
2026-09-11 00:08:54.622 | INFO     | _send_fused_det_msg:762 - 
Publish detect message                
area: 3                 
device: ['C18']                 
distance: 2.9931663203660293                 
distance_camera: 2.9931663203660293                 
distance_lidar: 3.001256466864544                 
has_object: True                 
has_person: True                 
zone1: False                 
zone2: True
2026-09-11 00:08:54.624 | INFO     | _get_distance:432 - 【gantry_collision】float(3.4785403755782155e-12)*2067**4 + float(-2.992194721400016e-08)*2067**3 + float(9.487611627735373e-05)*2067**2 + float(-0.1361799689501247)*2067 + float(79.4357976549663)
2026-09-11 00:08:54.630 | INFO     | _send_fused_det_msg:762 - 
Publish detect message                
area: 3                 
device: ['C18']                 
distance: 2.559065006638363                 
distance_camera: 2.559065006638363                 
distance_lidar: 3.001256466864544                 
has_object: True                 
has_person: True                 
zone1: False                 
zone2: True
2026-09-11 00:08:54.630 | WARNING  | _action_collision_callback:330 - 
相机综合检测结果                                         
设备ID: C18                                         
区域代码: 3                                         
物体在区域内: True                                         
减速区域：False                                         
停止区域：True                                         
有物体: True                                         
有行人: True                                         
置信度: 0.945                                         
最近距离: 2.559 m                                         
相交面积: 89321.000                                         
相交比例: 0.788                                         
物体类型: person                                         
最终耗时: 196.863 ms 
2026-09-11 00:08:54.686 | INFO     | _send_fused_det_msg:762 - 
Publish detect message                
area: 3                 
device: ['C18']                 
distance: 2.559065006638363                 
distance_camera: 2.559065006638363                 
distance_lidar: 3.001256466864544                 
has_object: True                 
has_person: True                 
zone1: False                 
zone2: True
2026-09-11 00:08:54.886 | INFO     | _get_distance:432 - 【gantry_collision】float(3.4785403755782155e-12)*2004**4 + float(-2.992194721400016e-08)*2004**3 + float(9.487611627735373e-05)*2004**2 + float(-0.1361799689501247)*2004 + float(79.4357976549663)
2026-09-11 00:08:54.891 | INFO     | _send_fused_det_msg:762 - 
Publish detect message                
area: 3                 
device: ['C18']                 
distance: 2.559065006638363                 
distance_camera: 2.559065006638363                 
distance_lidar: 3.001256466864544                 
has_object: True                 
has_person: True                 
zone1: False                 
zone2: True
2026-09-11 00:08:54.898 | INFO     | _send_fused_det_msg:762 - 
Publish detect message                
area: 3                 
device: ['C18']                 
distance: 2.843671985151772                 
distance_camera: 2.843671985151772                 
distance_lidar: 3.001256466864544                 
has_object: True                 
has_person: True                 
zone1: False                 
zone2: True
2026-09-11 00:08:54.900 | WARNING  | _action_collision_callback:330 - 
相机综合检测结果                                         
设备ID: C18                                         
区域代码: 3                                         
物体在区域内: True                                         
减速区域：False                                         
停止区域：True                                         
有物体: True                                         
有行人: True                                         
置信度: 0.932                                         
最近距离: 2.844 m                                         
相交面积: 55461.000                                         
相交比例: 0.651                                         
物体类型: person                                         
最终耗时: 308.528 ms 
2026-09-11 00:08:55.015 | INFO     | _send_fused_det_msg:762 - 
Publish detect message                
area: 3                 
device: ['C18']                 
distance: 2.843671985151772                 
distance_camera: 2.843671985151772                 
distance_lidar: 3.001256466864544                 
has_object: True                 
has_person: True                 
zone1: False                 
zone2: True
2026-09-11 00:08:55.022 | INFO     | _get_distance:432 - 【gantry_collision】float(3.4785403755782155e-12)*2194**4 + float(-2.992194721400016e-08)*2194**3 + float(9.487611627735373e-05)*2194**2 + float(-0.1361799689501247)*2194 + float(79.4357976549663)
2026-09-11 00:08:55.029 | INFO     | _send_fused_det_msg:762 - 
Publish detect message                
area: 3                 
device: ['C18']                 
distance: 1.9484152161752633                 
distance_camera: 1.9484152161752633                 
distance_lidar: 3.001256466864544                 
has_object: True                 
has_person: True                 
zone1: False                 
zone2: True
2026-09-11 00:08:55.032 | WARNING  | _action_collision_callback:330 - 
相机综合检测结果                                         
设备ID: C18                                         
区域代码: 3                                         
物体在区域内: True                                         
减速区域：False                                         
停止区域：True                                         
有物体: True                                         
有行人: True                                         
置信度: 0.955                                         
最近距离: 1.948 m                                         
相交面积: 76347.000                                         
相交比例: 0.606                                         
物体类型: person                                         
最终耗时: 316.143 ms 
2026-09-11 00:08:55.082 | INFO     | _send_fused_det_msg:762 - 
Publish detect message                
area: 3                 
device: ['C18']                 
distance: 1.9484152161752633                 
distance_camera: 1.9484152161752633                 
distance_lidar: 3.001256466864544                 
has_object: True                 
has_person: True                 
zone1: False                 
zone2: True
2026-09-11 00:08:55.241 | INFO     | _send_fused_det_msg:762 - 
Publish detect message                
area: 3                 
device: ['C18']                 
distance: 1.9484152161752633                 
distance_camera: 1.9484152161752633                 
distance_lidar: 3.001256466864544                 
has_object: True                 
has_person: True                 
zone1: False                 
zone2: True
2026-09-11 00:08:55.260 | WARNING  | _lidar_callback:367 - lidar 10 det distance 2.7074002167935016 area 3
2026-09-11 00:08:55.261 | INFO     | _send_fused_det_msg:762 - 
Publish detect message                
area: 3                 
device: ['C18']                 
distance: 1.9484152161752633                 
distance_camera: 1.9484152161752633                 
distance_lidar: 2.7074002167935016                 
has_object: True                 
has_person: True                 
zone1: False                 
zone2: True
2026-09-11 00:08:55.262 | INFO     | _get_distance:432 - 【gantry_collision】float(3.4785403755782155e-12)*2258**4 + float(-2.992194721400016e-08)*2258**3 + float(9.487611627735373e-05)*2258**2 + float(-0.1361799689501247)*2258 + float(79.4357976549663)
2026-09-11 00:08:55.265 | INFO     | _send_fused_det_msg:762 - 
Publish detect message                
area: 3                 
device: ['C18']                 
distance: 1.6211319701937583                 
distance_camera: 1.6211319701937583                 
distance_lidar: 2.7074002167935016                 
has_object: True                 
has_person: True                 
zone1: False                 
zone2: True
2026-09-11 00:08:55.265 | WARNING  | _action_collision_callback:330 - 
相机综合检测结果                                         
设备ID: C18                                         
区域代码: 3                                         
物体在区域内: True                                         
减速区域：False                                         
停止区域：True                                         
有物体: True                                         
有行人: True                                         
置信度: 0.959                                         
最近距离: 1.621 m                                         
相交面积: 57774.000                                         
相交比例: 0.449                                         
物体类型: person                                         
最终耗时: 294.339 ms 
2026-09-11 00:08:55.344 | INFO     | _send_fused_det_msg:762 - 
Publish detect message                
area: 3                 
device: ['C18']                 
distance: 1.6211319701937583                 
distance_camera: 1.6211319701937583                 
distance_lidar: 2.7074002167935016                 
has_object: True                 
has_person: True                 
zone1: False                 
zone2: True
2026-09-11 00:08:55.451 | INFO     | _send_fused_det_msg:762 - 
Publish detect message                
area: 3                 
device: ['C18']                 
distance: 1.6211319701937583                 
distance_camera: 1.6211319701937583                 
distance_lidar: 2.7074002167935016                 
has_object: True                 
has_person: True                 
zone1: False                 
zone2: True
2026-09-11 00:08:55.481 | INFO     | _get_distance:432 - 【gantry_collision】float(3.4785403755782155e-12)*2342**4 + float(-2.992194721400016e-08)*2342**3 + float(9.487611627735373e-05)*2342**2 + float(-0.1361799689501247)*2342 + float(79.4357976549663)
2026-09-11 00:08:55.483 | INFO     | _send_fused_det_msg:762 - 
Publish detect message                
area: 3                 
device: ['C18']                 
distance: 1.1747674663769345                 
distance_camera: 1.1747674663769345                 
distance_lidar: 2.7074002167935016                 
has_object: True                 
has_person: True                 
zone1: False                 
zone2: True
2026-09-11 00:08:55.483 | WARNING  | _action_collision_callback:330 - 
相机综合检测结果                                         
设备ID: C18                                         
区域代码: 3                                         
物体在区域内: True                                         
减速区域：False                                         
停止区域：True                                         
有物体: True                                         
有行人: True                                         
置信度: 0.952                                         
最近距离: 1.175 m                                         
相交面积: 53938.000                                         
相交比例: 0.376                                         
物体类型: person                                         
最终耗时: 344.826 ms 
2026-09-11 00:08:55.519 | INFO     | _send_fused_det_msg:762 - 
Publish detect message                
area: 3                 
device: ['C18']                 
distance: 1.1747674663769345                 
distance_camera: 1.1747674663769345                 
distance_lidar: 2.7074002167935016                 
has_object: True                 
has_person: True                 
zone1: False                 
zone2: True
2026-09-11 00:08:55.610 | INFO     | _send_fused_det_msg:762 - 
Publish detect message                
area: 3                 
device: ['C18']                 
distance: 1.1747674663769345                 
distance_camera: 1.1747674663769345                 
distance_lidar: 2.7074002167935016                 
has_object: True                 
has_person: True                 
zone1: False                 
zone2: True
2026-09-11 00:08:55.615 | INFO     | _get_distance:432 - 【gantry_collision】float(3.4785403755782155e-12)*2408**4 + float(-2.992194721400016e-08)*2408**3 + float(9.487611627735373e-05)*2408**2 + float(-0.1361799689501247)*2408 + float(79.4357976549663)
2026-09-11 00:08:55.617 | INFO     | _send_fused_det_msg:762 - 
Publish detect message                
area: 3                 
device: ['C18']                 
distance: 0.8150926949624733                 
distance_camera: 0.8150926949624733                 
distance_lidar: 2.7074002167935016                 
has_object: True                 
has_person: True                 
zone1: False                 
zone2: True
2026-09-11 00:08:55.617 | WARNING  | _action_collision_callback:330 - 
相机综合检测结果                                         
设备ID: C18                                         
区域代码: 3                                         
物体在区域内: True                                         
减速区域：False                                         
停止区域：True                                         
有物体: True                                         
有行人: True                                         
置信度: 0.601                                         
最近距离: 0.815 m                                         
相交面积: 14254.000                                         
相交比例: 0.121                                         
物体类型: person                                         
最终耗时: 231.490 ms 
2026-09-11 00:08:55.679 | WARNING  | _lidar_callback:367 - lidar 10 det distance 1.8214582725897928 area 3
2026-09-11 00:08:55.681 | INFO     | _send_fused_det_msg:762 - 
Publish detect message                
area: 3                 
device: ['C18']                 
distance: 0.8150926949624733                 
distance_camera: 0.8150926949624733                 
distance_lidar: 1.8214582725897928                 
has_object: True                 
has_person: True                 
zone1: False                 
zone2: True
2026-09-11 00:08:55.697 | INFO     | _send_fused_det_msg:762 - 
Publish detect message                
area: 3                 
device: ['C18']                 
distance: 0.8150926949624733                 
distance_camera: 0.8150926949624733                 
distance_lidar: 1.8214582725897928                 
has_object: True                 
has_person: True                 
zone1: False                 
zone2: True
2026-09-11 00:08:55.852 | INFO     | _send_fused_det_msg:762 - 
Publish detect message                
area: 3                 
device: ['C18']                 
distance: 0.8150926949624733                 
distance_camera: 0.8150926949624733                 
distance_lidar: 1.8214582725897928                 
has_object: True                 
has_person: True                 
zone1: False                 
zone2: True
2026-09-11 00:08:55.923 | INFO     | _send_fused_det_msg:762 - 
Publish detect message                
area: 3                 
device: ['C18']                 
distance: 0.8150926949624733                 
distance_camera: 0.8150926949624733                 
distance_lidar: 1.8214582725897928                 
has_object: True                 
has_person: True                 
zone1: False                 
zone2: True
2026-09-11 00:08:55.967 | INFO     | _send_fused_det_msg:762 - 
Publish detect message                
area: 3                 
device: ['C18']                 
distance: 0.8150926949624733                 
distance_camera: 0.8150926949624733                 
distance_lidar: 1.8214582725897928                 
has_object: True                 
has_person: True                 
zone1: False                 
zone2: True
2026-09-11 00:08:55.979 | INFO     | _send_fused_det_msg:762 - 
Publish detect message                
area: 3                 
device: ['C18']                 
distance: 0.8150926949624733                 
distance_camera: 0.8150926949624733                 
distance_lidar: 1.8214582725897928                 
has_object: True                 
has_person: True                 
zone1: False                 
zone2: True
2026-09-11 00:08:56.045 | INFO     | _send_fused_det_msg:762 - 
Publish detect message                
area: 3                 
device: ['C18']                 
distance: 0.8150926949624733                 
distance_camera: 0.8150926949624733                 
distance_lidar: 1.8214582725897928                 
has_object: True                 
has_person: True                 
zone1: False                 
zone2: True
2026-09-11 00:08:56.050 | INFO     | _send_fused_det_msg:762 - 
Publish detect message                
area: 3                 
device: ['C18']                 
distance: 0.8150926949624733                 
distance_camera: 0.8150926949624733                 
distance_lidar: 1.8214582725897928                 
has_object: True                 
has_person: True                 
zone1: False                 
zone2: True
2026-09-11 00:08:56.096 | WARNING  | _lidar_callback:367 - lidar 10 det distance 1.8214582725897928 area 3
2026-09-11 00:08:56.099 | INFO     | _send_fused_det_msg:762 - 
Publish detect message                
area: 3                 
device: ['C18']                 
distance: 0.8150926949624733                 
distance_camera: 0.8150926949624733                 
distance_lidar: 1.8214582725897928                 
has_object: True                 
has_person: True                 
zone1: False                 
zone2: True
2026-09-11 00:08:56.174 | INFO     | _send_fused_det_msg:762 - 
Publish detect message                
area: 3                 
device: ['C18']                 
distance: 0.8150926949624733                 
distance_camera: 0.8150926949624733                 
distance_lidar: 1.8214582725897928                 
has_object: True                 
has_person: True                 
zone1: False                 
zone2: True
2026-09-11 00:08:56.180 | INFO     | _send_fused_det_msg:762 - 
Publish detect message                
area: 3                 
device: ['C18']                 
distance: 0.8150926949624733                 
distance_camera: 0.8150926949624733                 
distance_lidar: 1.8214582725897928                 
has_object: True                 
has_person: True                 
zone1: False                 
zone2: True
2026-09-11 00:08:56.248 | INFO     | _send_fused_det_msg:762 - 
Publish detect message                
area: 3                 
device: ['C18']                 
distance: 0.8150926949624733                 
distance_camera: 0.8150926949624733                 
distance_lidar: 1.8214582725897928                 
has_object: True                 
has_person: True                 
zone1: False                 
zone2: True
2026-09-11 00:08:56.258 | INFO     | _send_fused_det_msg:762 - 
Publish detect message                
area: 3                 
device: ['C18']                 
distance: 0.8150926949624733                 
distance_camera: 0.8150926949624733                 
distance_lidar: 1.8214582725897928                 
has_object: True                 
has_person: True                 
zone1: False                 
zone2: True
2026-09-11 00:08:56.347 | INFO     | _send_fused_det_msg:762 - 
Publish detect message                
area: 3                 
device: ['C18']                 
distance: 0.8150926949624733                 
distance_camera: 0.8150926949624733                 
distance_lidar: 1.8214582725897928                 
has_object: True                 
has_person: True                 
zone1: False                 
zone2: True
2026-09-11 00:08:56.371 | INFO     | _send_fused_det_msg:762 - 
Publish detect message                
area: 3                 
device: ['C18']                 
distance: 0.8150926949624733                 
distance_camera: 0.8150926949624733                 
distance_lidar: 1.8214582725897928                 
has_object: True                 
has_person: True                 
zone1: False                 
zone2: True
2026-09-11 00:08:56.426 | INFO     | _send_fused_det_msg:762 - 
Publish detect message                
area: 3                 
device: ['C18']                 
distance: 0.8150926949624733                 
distance_camera: 0.8150926949624733                 
distance_lidar: 1.8214582725897928                 
has_object: True                 
has_person: True                 
zone1: False                 
zone2: True
2026-09-11 00:08:56.498 | INFO     | _send_fused_det_msg:762 - 
Publish detect message                
area: 3                 
device: ['C18']                 
distance: 0.8150926949624733                 
distance_camera: 0.8150926949624733                 
distance_lidar: 1.8214582725897928                 
has_object: True                 
has_person: True                 
zone1: False                 
zone2: True
2026-09-11 00:08:56.522 | INFO     | _send_fused_det_msg:762 - 
Publish detect message                
area: 3                 
device: ['C18']                 
distance: 0.8150926949624733                 
distance_camera: 0.8150926949624733                 
distance_lidar: 1.8214582725897928                 
has_object: True                 
has_person: True                 
zone1: False                 
zone2: True
2026-09-11 00:08:56.532 | WARNING  | _lidar_callback:367 - lidar 10 det distance 1.8214582725897928 area 3
2026-09-11 00:08:56.540 | INFO     | _send_fused_det_msg:762 - 
Publish detect message                
area: 3                 
device: ['C18']                 
distance: 0.8150926949624733                 
distance_camera: 0.8150926949624733                 
distance_lidar: 1.8214582725897928                 
has_object: True                 
has_person: True                 
zone1: False                 
zone2: True
2026-09-11 00:08:56.617 | INFO     | _send_fused_det_msg:762 - 
Publish detect message                
area: 3                 
device: ['C18']                 
distance: 0.8150926949624733                 
distance_camera: 0.8150926949624733                 
distance_lidar: 1.8214582725897928                 
has_object: True                 
has_person: True                 
zone1: False                 
zone2: True
2026-09-11 00:08:56.624 | INFO     | _send_fused_det_msg:762 - 
Publish detect message                
area: 3                 
device: ['C18']                 
distance: 0.8150926949624733                 
distance_camera: 0.8150926949624733                 
distance_lidar: 1.8214582725897928                 
has_object: True                 
has_person: True                 
zone1: False                 
zone2: True
2026-09-11 00:08:56.693 | INFO     | _send_fused_det_msg:762 - 
Publish detect message                
area: 3                 
device: ['C18']                 
distance: 0.8150926949624733                 
distance_camera: 0.8150926949624733                 
distance_lidar: 1.8214582725897928                 
has_object: True                 
has_person: True                 
zone1: False                 
zone2: True
2026-09-11 00:08:56.781 | INFO     | _send_fused_det_msg:762 - 
Publish detect message                
area: 3                 
device: ['C18']                 
distance: 0.8150926949624733                 
distance_camera: 0.8150926949624733                 
distance_lidar: 1.8214582725897928                 
has_object: True                 
has_person: True                 
zone1: False                 
zone2: True
2026-09-11 00:08:56.825 | INFO     | _send_fused_det_msg:762 - 
Publish detect message                
area: 3                 
device: ['C18']                 
distance: 0.8150926949624733                 
distance_camera: 0.8150926949624733                 
distance_lidar: 1.8214582725897928                 
has_object: True                 
has_person: True                 
zone1: False                 
zone2: True
2026-09-11 00:08:56.904 | INFO     | _send_fused_det_msg:762 - 
Publish detect message                
area: 3                 
device: ['C18']                 
distance: 0.8150926949624733                 
distance_camera: 0.8150926949624733                 
distance_lidar: 1.8214582725897928                 
has_object: True                 
has_person: True                 
zone1: False                 
zone2: True
2026-09-11 00:08:56.976 | WARNING  | _lidar_callback:367 - lidar 10 det distance 1.8214582725897928 area 3
2026-09-11 00:08:56.978 | INFO     | _send_fused_det_msg:762 - 
Publish detect message                
area: 3                 
device: ['C18']                 
distance: 0.8150926949624733                 
distance_camera: 0.8150926949624733                 
distance_lidar: 1.8214582725897928                 
has_object: True                 
has_person: True                 
zone1: False                 
zone2: True
2026-09-11 00:08:56.982 | INFO     | _send_fused_det_msg:762 - 
Publish detect message                
area: 3                 
device: ['C18']                 
distance: 0.8150926949624733                 
distance_camera: 0.8150926949624733                 
distance_lidar: 1.8214582725897928                 
has_object: True                 
has_person: True                 
zone1: False                 
zone2: True
2026-09-11 00:08:57.023 | INFO     | _send_fused_det_msg:762 - 
Publish detect message                
area: 3                 
device: ['C18']                 
distance: 0.8150926949624733                 
distance_camera: 0.8150926949624733                 
distance_lidar: 1.8214582725897928                 
has_object: True                 
has_person: True                 
zone1: False                 
zone2: True
2026-09-11 00:08:57.083 | INFO     | _send_fused_det_msg:762 - 
Publish detect message                
area: 3                 
device: ['C18']                 
distance: 0.8150926949624733                 
distance_camera: 0.8150926949624733                 
distance_lidar: 1.8214582725897928                 
has_object: True                 
has_person: True                 
zone1: False                 
zone2: True
2026-09-11 00:08:57.190 | INFO     | _send_fused_det_msg:762 - 
Publish detect message                
area: 3                 
device: ['C18']                 
distance: 0.8150926949624733                 
distance_camera: 0.8150926949624733                 
distance_lidar: 1.8214582725897928                 
has_object: True                 
has_person: True                 
zone1: False                 
zone2: True
2026-09-11 00:08:57.234 | INFO     | _send_fused_det_msg:762 - 
Publish detect message                
area: 3                 
device: ['C18']                 
distance: 0.8150926949624733                 
distance_camera: 0.8150926949624733                 
distance_lidar: 1.8214582725897928                 
has_object: True                 
has_person: True                 
zone1: False                 
zone2: True
2026-09-11 00:08:57.246 | INFO     | _send_fused_det_msg:762 - 
Publish detect message                
area: 3                 
device: ['C18']                 
distance: 0.8150926949624733                 
distance_camera: 0.8150926949624733                 
distance_lidar: 1.8214582725897928                 
has_object: True                 
has_person: True                 
zone1: False                 
zone2: True
2026-09-11 00:08:57.314 | INFO     | _save_collision_detect_data:889 - 保存防撞检测离开点云: /2026-09-11/algl_gantry_collision_detect_package/zone2/10/20260911_000857_leave.pcd
2026-09-11 00:08:57.315 | INFO     | _save_detect_data:820 - 设备10离开区域3的zone2，保存离开数据
2026-09-11 00:08:57.317 | INFO     | _send_fused_det_msg:762 - 
Publish detect message                
area: 3                 
device: ['C18']                 
distance: 0.8150926949624733                 
distance_camera: 0.8150926949624733                 
distance_lidar: 9999.0                 
has_object: True                 
has_person: True                 
zone1: False                 
zone2: True
2026-09-11 00:08:57.327 | INFO     | _send_fused_det_msg:762 - 
Publish detect message                
area: 3                 
device: ['C18']                 
distance: 0.8150926949624733                 
distance_camera: 0.8150926949624733                 
distance_lidar: 9999.0                 
has_object: True                 
has_person: True                 
zone1: False                 
zone2: True
2026-09-11 00:08:57.342 | INFO     | _send_fused_det_msg:762 - 
Publish detect message                
area: 3                 
device: ['C18']                 
distance: 0.8150926949624733                 
distance_camera: 0.8150926949624733                 
distance_lidar: 9999.0                 
has_object: True                 
has_person: True                 
zone1: False                 
zone2: True
2026-09-11 00:08:57.455 | INFO     | _send_fused_det_msg:762 - 
Publish detect message                
area: 3                 
device: ['C18']                 
distance: 0.8150926949624733                 
distance_camera: 0.8150926949624733                 
distance_lidar: 9999.0                 
has_object: True                 
has_person: True                 
zone1: False                 
zone2: True
2026-09-11 00:08:57.543 | INFO     | _send_fused_det_msg:762 - 
Publish detect message                
area: 3                 
device: ['C18']                 
distance: 0.8150926949624733                 
distance_camera: 0.8150926949624733                 
distance_lidar: 9999.0                 
has_object: True                 
has_person: True                 
zone1: False                 
zone2: True
2026-09-11 00:08:57.603 | INFO     | _send_fused_det_msg:762 - 
Publish detect message                
area: 3                 
device: ['C18']                 
distance: 0.8150926949624733                 
distance_camera: 0.8150926949624733                 
distance_lidar: 9999.0                 
has_object: True                 
has_person: True                 
zone1: False                 
zone2: True
2026-09-11 00:08:57.644 | INFO     | _send_fused_det_msg:762 - 
Publish detect message                
area: 3                 
device: ['C18']                 
distance: 0.8150926949624733                 
distance_camera: 0.8150926949624733                 
distance_lidar: 9999.0                 
has_object: True                 
has_person: True                 
zone1: False                 
zone2: True
2026-09-11 00:08:57.746 | INFO     | _send_fused_det_msg:762 - 
Publish detect message                
area: 3                 
device: ['C18']                 
distance: 0.8150926949624733                 
distance_camera: 0.8150926949624733                 
distance_lidar: 9999.0                 
has_object: True                 
has_person: True                 
zone1: False                 
zone2: True
2026-09-11 00:08:57.778 | INFO     | _send_fused_det_msg:762 - 
Publish detect message                
area: 3                 
device: ['C18']                 
distance: 0.8150926949624733                 
distance_camera: 0.8150926949624733                 
distance_lidar: 9999.0                 
has_object: True                 
has_person: True                 
zone1: False                 
zone2: True
2026-09-11 00:08:57.841 | INFO     | _send_fused_det_msg:762 - 
Publish detect message                
area: 3                 
device: ['C18']                 
distance: 0.8150926949624733                 
distance_camera: 0.8150926949624733                 
distance_lidar: 9999.0                 
has_object: True                 
has_person: True                 
zone1: False                 
zone2: True
2026-09-11 00:08:57.915 | INFO     | _send_fused_det_msg:762 - 
Publish detect message                
area: 3                 
device: ['C18']                 
distance: 0.8150926949624733                 
distance_camera: 0.8150926949624733                 
distance_lidar: 9999.0                 
has_object: True                 
has_person: True                 
zone1: False                 
zone2: True
2026-09-11 00:08:57.938 | INFO     | _send_fused_det_msg:762 - 
Publish detect message                
area: 3                 
device: ['C18']                 
distance: 0.8150926949624733                 
distance_camera: 0.8150926949624733                 
distance_lidar: 9999.0                 
has_object: True                 
has_person: True                 
zone1: False                 
zone2: True
2026-09-11 00:08:58.006 | INFO     | _send_fused_det_msg:762 - 
Publish detect message                
area: 3                 
device: ['C18']                 
distance: 0.8150926949624733                 
distance_camera: 0.8150926949624733                 
distance_lidar: 9999.0                 
has_object: True                 
has_person: True                 
zone1: False                 
zone2: True
2026-09-11 00:08:58.043 | INFO     | _send_fused_det_msg:762 - 
Publish detect message                
area: 3                 
device: ['C18']                 
distance: 0.8150926949624733                 
distance_camera: 0.8150926949624733                 
distance_lidar: 9999.0                 
has_object: True                 
has_person: True                 
zone1: False                 
zone2: True
2026-09-11 00:08:58.108 | INFO     | _send_fused_det_msg:762 - 
Publish detect message                
area: 3                 
device: ['C18']                 
distance: 0.8150926949624733                 
distance_camera: 0.8150926949624733                 
distance_lidar: 9999.0                 
has_object: True                 
has_person: True                 
zone1: False                 
zone2: True
2026-09-11 00:08:58.142 | INFO     | _send_fused_det_msg:762 - 
Publish detect message                
area: 3                 
device: ['C18']                 
distance: 0.8150926949624733                 
distance_camera: 0.8150926949624733                 
distance_lidar: 9999.0                 
has_object: True                 
has_person: True                 
zone1: False                 
zone2: True
2026-09-11 00:08:58.151 | INFO     | _send_fused_det_msg:762 - 
Publish detect message                
area: 3                 
device: ['C18']                 
distance: 0.8150926949624733                 
distance_camera: 0.8150926949624733                 
distance_lidar: 9999.0                 
has_object: True                 
has_person: True                 
zone1: False                 
zone2: True
2026-09-11 00:08:58.280 | INFO     | _send_fused_det_msg:762 - 
Publish detect message                
area: 3                 
device: ['C18']                 
distance: 0.8150926949624733                 
distance_camera: 0.8150926949624733                 
distance_lidar: 9999.0                 
has_object: True                 
has_person: True                 
zone1: False                 
zone2: True
2026-09-11 00:08:58.346 | INFO     | _send_fused_det_msg:762 - 
Publish detect message                
area: 3                 
device: ['C18']                 
distance: 0.8150926949624733                 
distance_camera: 0.8150926949624733                 
distance_lidar: 9999.0                 
has_object: True                 
has_person: True                 
zone1: False                 
zone2: True
2026-09-11 00:08:58.416 | INFO     | _send_fused_det_msg:762 - 
Publish detect message                
area: 3                 
device: ['C18']                 
distance: 0.8150926949624733                 
distance_camera: 0.8150926949624733                 
distance_lidar: 9999.0                 
has_object: True                 
has_person: True                 
zone1: False                 
zone2: True
2026-09-11 00:08:58.424 | INFO     | _send_fused_det_msg:762 - 
Publish detect message                
area: 3                 
device: ['C18']                 
distance: 0.8150926949624733                 
distance_camera: 0.8150926949624733                 
distance_lidar: 9999.0                 
has_object: True                 
has_person: True                 
zone1: False                 
zone2: True
2026-09-11 00:08:58.475 | INFO     | _send_fused_det_msg:762 - 
Publish detect message                
area: 3                 
device: ['C18']                 
distance: 0.8150926949624733                 
distance_camera: 0.8150926949624733                 
distance_lidar: 9999.0                 
has_object: True                 
has_person: True                 
zone1: False                 
zone2: True
2026-09-11 00:08:58.535 | INFO     | _send_fused_det_msg:762 - 
Publish detect message                
area: 3                 
device: ['C18']                 
distance: 0.8150926949624733                 
distance_camera: 0.8150926949624733                 
distance_lidar: 9999.0                 
has_object: True                 
has_person: True                 
zone1: False                 
zone2: True
2026-09-11 00:08:58.661 | INFO     | _send_fused_det_msg:762 - 
Publish detect message                
area: 3                 
device: ['C18']                 
distance: 0.8150926949624733                 
distance_camera: 0.8150926949624733                 
distance_lidar: 9999.0                 
has_object: True                 
has_person: True                 
zone1: False                 
zone2: True
2026-09-11 00:08:58.668 | INFO     | _send_fused_det_msg:762 - 
Publish detect message                
area: 3                 
device: ['C18']                 
distance: 0.8150926949624733                 
distance_camera: 0.8150926949624733                 
distance_lidar: 9999.0                 
has_object: True                 
has_person: True                 
zone1: False                 
zone2: True
2026-09-11 00:08:58.748 | INFO     | _send_fused_det_msg:762 - 
Publish detect message                
area: 3                 
device: ['C18']                 
distance: 0.8150926949624733                 
distance_camera: 0.8150926949624733                 
distance_lidar: 9999.0                 
has_object: True                 
has_person: True                 
zone1: False                 
zone2: True
2026-09-11 00:08:58.749 | WARNING  | _action_collision_callback:330 - 
相机综合检测结果                                         
设备ID: C18                                         
区域代码: 3                                         
物体在区域内: False                                         
减速区域：False                                         
停止区域：True                                         
有物体: True                                         
有行人: True                                         
置信度: 0.601                                         
最近距离: 0.815 m                                         
相交面积: 0.000                                         
相交比例: 0.000                                         
物体类型: person                                         
最终耗时: 99.199 ms （已离开区域保持状态中）
2026-09-11 00:08:58.772 | INFO     | _send_fused_det_msg:762 - 
Publish detect message                
area: 3                 
device: ['C18']                 
distance: 0.8150926949624733                 
distance_camera: 0.8150926949624733                 
distance_lidar: 9999.0                 
has_object: True                 
has_person: True                 
zone1: False                 
zone2: True
2026-09-11 00:08:58.773 | WARNING  | _action_collision_callback:330 - 
相机综合检测结果                                         
设备ID: C18                                         
区域代码: 3                                         
物体在区域内: False                                         
减速区域：False                                         
停止区域：True                                         
有物体: True                                         
有行人: True                                         
置信度: 0.601                                         
最近距离: 0.815 m                                         
相交面积: 0.000                                         
相交比例: 0.000                                         
物体类型: person                                         
最终耗时: 123.138 ms （已离开区域保持状态中）
2026-09-11 00:08:58.812 | INFO     | _save_collision_detect_data:868 - 保存防撞检测离开图像: /2026-09-11/algl_gantry_collision_detect_package/zone2/29/20260911_000858_leave.jpg
2026-09-11 00:08:58.819 | INFO     | _save_detect_data:820 - 设备29离开区域3的zone2，保存离开数据
2026-09-11 00:08:58.822 | INFO     | _send_fused_det_msg:762 - 
Publish detect message                
area: 3                 
device: ['C18']                 
distance: 0.8150926949624733                 
distance_camera: 0.8150926949624733                 
distance_lidar: 9999.0                 
has_object: True                 
has_person: True                 
zone1: False                 
zone2: True
2026-09-11 00:08:58.824 | WARNING  | _action_collision_callback:330 - 
相机综合检测结果                                         
设备ID: C18                                         
区域代码: 3                                         
物体在区域内: False                                         
减速区域：False                                         
停止区域：True                                         
有物体: True                                         
有行人: True                                         
置信度: 0.601                                         
最近距离: 0.815 m                                         
相交面积: 0.000                                         
相交比例: 0.000                                         
物体类型: person                                         
最终耗时: 92.171 ms （已离开区域保持状态中）
2026-09-11 00:08:58.918 | INFO     | _send_fused_det_msg:762 - 
Publish detect message                
area: 3                 
device: ['C18']                 
distance: 0.8150926949624733                 
distance_camera: 0.8150926949624733                 
distance_lidar: 9999.0                 
has_object: True                 
has_person: True                 
zone1: False                 
zone2: True
2026-09-11 00:08:58.921 | WARNING  | _action_collision_callback:330 - 
相机综合检测结果                                         
设备ID: C18                                         
区域代码: 3                                         
物体在区域内: False                                         
减速区域：False                                         
停止区域：True                                         
有物体: True                                         
有行人: True                                         
置信度: 0.601                                         
最近距离: 0.815 m                                         
相交面积: 0.000                                         
相交比例: 0.000                                         
物体类型: person                                         
最终耗时: 125.224 ms （已离开区域保持状态中）
2026-09-11 00:08:59.052 | INFO     | _send_fused_det_msg:762 - 
Publish detect message                
area: 3                 
device: ['C18']                 
distance: 0.8150926949624733                 
distance_camera: 0.8150926949624733                 
distance_lidar: 9999.0                 
has_object: True                 
has_person: True                 
zone1: False                 
zone2: True
2026-09-11 00:08:59.060 | WARNING  | _action_collision_callback:330 - 
相机综合检测结果                                         
设备ID: C18                                         
区域代码: 3                                         
物体在区域内: False                                         
减速区域：False                                         
停止区域：True                                         
有物体: True                                         
有行人: True                                         
置信度: 0.601                                         
最近距离: 0.815 m                                         
相交面积: 0.000                                         
相交比例: 0.000                                         
物体类型: person                                         
最终耗时: 185.627 ms （已离开区域保持状态中）
2026-09-11 00:08:59.064 | INFO     | _send_fused_det_msg:762 - 
Publish detect message                
area: 3                 
device: ['C18']                 
distance: 0.8150926949624733                 
distance_camera: 0.8150926949624733                 
distance_lidar: 9999.0                 
has_object: True                 
has_person: True                 
zone1: False                 
zone2: True
2026-09-11 00:08:59.193 | INFO     | _send_fused_det_msg:762 - 
Publish detect message                
area: 3                 
device: ['C18']                 
distance: 0.8150926949624733                 
distance_camera: 0.8150926949624733                 
distance_lidar: 9999.0                 
has_object: True                 
has_person: True                 
zone1: False                 
zone2: True
2026-09-11 00:08:59.195 | WARNING  | _action_collision_callback:330 - 
相机综合检测结果                                         
设备ID: C18                                         
区域代码: 3                                         
物体在区域内: False                                         
减速区域：False                                         
停止区域：True                                         
有物体: True                                         
有行人: True                                         
置信度: 0.601                                         
最近距离: 0.815 m                                         
相交面积: 0.000                                         
相交比例: 0.000                                         
物体类型: person                                         
最终耗时: 208.383 ms （已离开区域保持状态中）
2026-09-11 00:08:59.205 | INFO     | _send_fused_det_msg:762 - 
Publish detect message                
area: 3                 
device: ['C18']                 
distance: 0.8150926949624733                 
distance_camera: 0.8150926949624733                 
distance_lidar: 9999.0                 
has_object: True                 
has_person: True                 
zone1: False                 
zone2: True
2026-09-11 00:08:59.284 | INFO     | _send_fused_det_msg:762 - 
Publish detect message                
area: 3                 
device: ['C18']                 
distance: 0.8150926949624733                 
distance_camera: 0.8150926949624733                 
distance_lidar: 9999.0                 
has_object: True                 
has_person: True                 
zone1: False                 
zone2: True
2026-09-11 00:08:59.319 | WARNING  | _action_collision_callback:330 - 
相机综合检测结果                                         
设备ID: C18                                         
区域代码: 3                                         
物体在区域内: False                                         
减速区域：False                                         
停止区域：True                                         
有物体: True                                         
有行人: True                                         
置信度: 0.601                                         
最近距离: 0.815 m                                         
相交面积: 0.000                                         
相交比例: 0.000                                         
物体类型: person                                         
最终耗时: 160.460 ms （已离开区域保持状态中）
2026-09-11 00:08:59.345 | INFO     | _send_fused_det_msg:762 - 
Publish detect message                
area: 3                 
device: ['C18']                 
distance: 0.8150926949624733                 
distance_camera: 0.8150926949624733                 
distance_lidar: 9999.0                 
has_object: True                 
has_person: True                 
zone1: False                 
zone2: True
2026-09-11 00:08:59.358 | INFO     | _send_fused_det_msg:762 - 
Publish detect message                
area: 3                 
device: ['C18']                 
distance: 0.8150926949624733                 
distance_camera: 0.8150926949624733                 
distance_lidar: 9999.0                 
has_object: True                 
has_person: True                 
zone1: False                 
zone2: True
2026-09-11 00:08:59.422 | INFO     | _send_fused_det_msg:762 - 
Publish detect message                
area: 3                 
device: ['C18']                 
distance: 0.8150926949624733                 
distance_camera: 0.8150926949624733                 
distance_lidar: 9999.0                 
has_object: True                 
has_person: True                 
zone1: False                 
zone2: True
2026-09-11 00:08:59.425 | WARNING  | _action_collision_callback:330 - 
相机综合检测结果                                         
设备ID: C18                                         
区域代码: 3                                         
物体在区域内: False                                         
减速区域：False                                         
停止区域：True                                         
有物体: True                                         
有行人: True                                         
置信度: 0.601                                         
最近距离: 0.815 m                                         
相交面积: 0.000                                         
相交比例: 0.000                                         
物体类型: person                                         
最终耗时: 154.891 ms （已离开区域保持状态中）
2026-09-11 00:08:59.437 | INFO     | _send_fused_det_msg:762 - 
Publish detect message                
area: 3                 
device: ['C18']                 
distance: 0.8150926949624733                 
distance_camera: 0.8150926949624733                 
distance_lidar: 9999.0                 
has_object: True                 
has_person: True                 
zone1: False                 
zone2: True
2026-09-11 00:08:59.442 | WARNING  | _action_collision_callback:330 - 
相机综合检测结果                                         
设备ID: C18                                         
区域代码: 3                                         
物体在区域内: False                                         
减速区域：False                                         
停止区域：True                                         
有物体: True                                         
有行人: True                                         
置信度: 0.601                                         
最近距离: 0.815 m                                         
相交面积: 0.000                                         
相交比例: 0.000                                         
物体类型: person                                         
最终耗时: 93.084 ms （已离开区域保持状态中）
2026-09-11 00:08:59.525 | INFO     | _send_fused_det_msg:762 - 
Publish detect message                
area: 3                 
device: ['C18']                 
distance: 0.8150926949624733                 
distance_camera: 0.8150926949624733                 
distance_lidar: 9999.0                 
has_object: True                 
has_person: True                 
zone1: False                 
zone2: True
2026-09-11 00:08:59.532 | WARNING  | _action_collision_callback:330 - 
相机综合检测结果                                         
设备ID: C18                                         
区域代码: 3                                         
物体在区域内: False                                         
减速区域：False                                         
停止区域：True                                         
有物体: True                                         
有行人: True                                         
置信度: 0.601                                         
最近距离: 0.815 m                                         
相交面积: 0.000                                         
相交比例: 0.000                                         
物体类型: person                                         
最终耗时: 147.461 ms （已离开区域保持状态中）
2026-09-11 00:08:59.535 | INFO     | _send_fused_det_msg:762 - 
Publish detect message                
area: 3                 
device: ['C18']                 
distance: 0.8150926949624733                 
distance_camera: 0.8150926949624733                 
distance_lidar: 9999.0                 
has_object: True                 
has_person: True                 
zone1: False                 
zone2: True
2026-09-11 00:08:59.626 | INFO     | _send_fused_det_msg:762 - 
Publish detect message                
area: 3                 
device: ['C18']                 
distance: 0.8150926949624733                 
distance_camera: 0.8150926949624733                 
distance_lidar: 9999.0                 
has_object: True                 
has_person: True                 
zone1: False                 
zone2: True
2026-09-11 00:08:59.628 | WARNING  | _action_collision_callback:330 - 
相机综合检测结果                                         
设备ID: C18                                         
区域代码: 3                                         
物体在区域内: False                                         
减速区域：False                                         
停止区域：True                                         
有物体: True                                         
有行人: True                                         
置信度: 0.601                                         
最近距离: 0.815 m                                         
相交面积: 0.000                                         
相交比例: 0.000                                         
物体类型: person                                         
最终耗时: 120.572 ms （已离开区域保持状态中）
2026-09-11 00:08:59.768 | INFO     | _send_fused_det_msg:762 - 
Publish detect message                
area: 3                 
device: ['C18']                 
distance: 0.8150926949624733                 
distance_camera: 0.8150926949624733                 
distance_lidar: 9999.0                 
has_object: True                 
has_person: True                 
zone1: False                 
zone2: True
2026-09-11 00:08:59.769 | WARNING  | _action_collision_callback:330 - 
相机综合检测结果                                         
设备ID: C18                                         
区域代码: 3                                         
物体在区域内: False                                         
减速区域：False                                         
停止区域：True                                         
有物体: True                                         
有行人: True                                         
置信度: 0.601                                         
最近距离: 0.815 m                                         
相交面积: 0.000                                         
相交比例: 0.000                                         
物体类型: person                                         
最终耗时: 162.288 ms （已离开区域保持状态中）
2026-09-11 00:08:59.800 | INFO     | _send_fused_det_msg:762 - 
Publish detect message                
area: 3                 
device: ['C18']                 
distance: 0.8150926949624733                 
distance_camera: 0.8150926949624733                 
distance_lidar: 9999.0                 
has_object: True                 
has_person: True                 
zone1: False                 
zone2: True
2026-09-11 00:08:59.890 | INFO     | _send_fused_det_msg:762 - 
Publish detect message                
area: 3                 
device: ['C18']                 
distance: 0.8150926949624733                 
distance_camera: 0.8150926949624733                 
distance_lidar: 9999.0                 
has_object: True                 
has_person: True                 
zone1: False                 
zone2: True
2026-09-11 00:08:59.895 | WARNING  | _action_collision_callback:330 - 
相机综合检测结果                                         
设备ID: C18                                         
区域代码: 3                                         
物体在区域内: False                                         
减速区域：False                                         
停止区域：True                                         
有物体: True                                         
有行人: True                                         
置信度: 0.601                                         
最近距离: 0.815 m                                         
相交面积: 0.000                                         
相交比例: 0.000                                         
物体类型: person                                         
最终耗时: 132.247 ms （已离开区域保持状态中）
2026-09-11 00:08:59.934 | INFO     | _send_fused_det_msg:762 - 
Publish detect message                
area: 3                 
device: ['C18']                 
distance: 0.8150926949624733                 
distance_camera: 0.8150926949624733                 
distance_lidar: 9999.0                 
has_object: True                 
has_person: True                 
zone1: False                 
zone2: True
2026-09-11 00:09:00.134 | WARNING  | _action_collision_callback:330 - 
相机综合检测结果                                         
设备ID: C18                                         
区域代码: 3                                         
物体在区域内: False                                         
减速区域：False                                         
停止区域：True                                         
有物体: True                                         
有行人: True                                         
置信度: 0.601                                         
最近距离: 0.815 m                                         
相交面积: 0.000                                         
相交比例: 0.000                                         
物体类型: person                                         
最终耗时: 370.877 ms （已离开区域保持状态中）
2026-09-11 00:09:00.136 | INFO     | _send_fused_det_msg:762 - 
Publish detect message                
area: 3                 
device: ['C18']                 
distance: 0.8150926949624733                 
distance_camera: 0.8150926949624733                 
distance_lidar: 9999.0                 
has_object: True                 
has_person: True                 
zone1: False                 
zone2: True
2026-09-11 00:09:00.294 | WARNING  | _action_collision_callback:330 - 
相机综合检测结果                                         
设备ID: C18                                         
区域代码: 3                                         
物体在区域内: False                                         
减速区域：False                                         
停止区域：True                                         
有物体: True                                         
有行人: True                                         
置信度: 0.601                                         
最近距离: 0.815 m                                         
相交面积: 0.000                                         
相交比例: 0.000                                         
物体类型: person                                         
最终耗时: 375.798 ms （已离开区域保持状态中）
2026-09-11 00:09:00.297 | INFO     | _send_fused_det_msg:762 - 
Publish detect message                
area: 3                 
device: ['C18']                 
distance: 0.8150926949624733                 
distance_camera: 0.8150926949624733                 
distance_lidar: 9999.0                 
has_object: True                 
has_person: True                 
zone1: False                 
zone2: True
2026-09-11 00:09:00.309 | WARNING  | _action_collision_callback:330 - 
相机综合检测结果                                         
设备ID: C18                                         
区域代码: 3                                         
物体在区域内: False                                         
减速区域：False                                         
停止区域：True                                         
有物体: True                                         
有行人: True                                         
置信度: 0.601                                         
最近距离: 0.815 m                                         
相交面积: 0.000                                         
相交比例: 0.000                                         
物体类型: person                                         
最终耗时: 225.720 ms （已离开区域保持状态中）
2026-09-11 00:09:00.316 | INFO     | _send_fused_det_msg:762 - 
Publish detect message                
area: 3                 
device: ['C18']                 
distance: 0.8150926949624733                 
distance_camera: 0.8150926949624733                 
distance_lidar: 9999.0                 
has_object: True                 
has_person: True                 
zone1: False                 
zone2: True
2026-09-11 00:09:00.339 | INFO     | _send_fused_det_msg:762 - 
Publish detect message                
area: 3                 
device: ['C18']                 
distance: 0.8150926949624733                 
distance_camera: 0.8150926949624733                 
distance_lidar: 9999.0                 
has_object: True                 
has_person: True                 
zone1: False                 
zone2: True
2026-09-11 00:09:00.341 | WARNING  | _action_collision_callback:330 - 
相机综合检测结果                                         
设备ID: C18                                         
区域代码: 3                                         
物体在区域内: False                                         
减速区域：False                                         
停止区域：True                                         
有物体: True                                         
有行人: True                                         
置信度: 0.601                                         
最近距离: 0.815 m                                         
相交面积: 0.000                                         
相交比例: 0.000                                         
物体类型: person                                         
最终耗时: 127.260 ms （已离开区域保持状态中）
2026-09-11 00:09:00.347 | INFO     | _send_fused_det_msg:762 - 
Publish detect message                
area: 3                 
device: ['C18']                 
distance: 0.8150926949624733                 
distance_camera: 0.8150926949624733                 
distance_lidar: 9999.0                 
has_object: True                 
has_person: True                 
zone1: False                 
zone2: True
2026-09-11 00:09:00.348 | WARNING  | _action_collision_callback:330 - 
相机综合检测结果                                         
设备ID: C18                                         
区域代码: 3                                         
物体在区域内: False                                         
减速区域：False                                         
停止区域：True                                         
有物体: True                                         
有行人: True                                         
置信度: 0.601                                         
最近距离: 0.815 m                                         
相交面积: 0.000                                         
相交比例: 0.000                                         
物体类型: person                                         
最终耗时: 134.249 ms （已离开区域保持状态中）
2026-09-11 00:09:00.496 | INFO     | _send_fused_det_msg:762 - 
Publish detect message                
area: 3                 
device: ['C18']                 
distance: 0.8150926949624733                 
distance_camera: 0.8150926949624733                 
distance_lidar: 9999.0                 
has_object: True                 
has_person: True                 
zone1: False                 
zone2: True
2026-09-11 00:09:00.502 | INFO     | _send_fused_det_msg:762 - 
Publish detect message                
area: 3                 
device: ['C18']                 
distance: 0.8150926949624733                 
distance_camera: 0.8150926949624733                 
distance_lidar: 9999.0                 
has_object: True                 
has_person: True                 
zone1: False                 
zone2: True
2026-09-11 00:09:00.510 | WARNING  | _action_collision_callback:330 - 
相机综合检测结果                                         
设备ID: C18                                         
区域代码: 3                                         
物体在区域内: False                                         
减速区域：False                                         
停止区域：True                                         
有物体: True                                         
有行人: True                                         
置信度: 0.601                                         
最近距离: 0.815 m                                         
相交面积: 0.000                                         
相交比例: 0.000                                         
物体类型: person                                         
最终耗时: 145.334 ms （已离开区域保持状态中）
2026-09-11 00:09:00.583 | INFO     | _send_fused_det_msg:762 - 
Publish detect message                
area: 3                 
device: ['C18']                 
distance: 0.8150926949624733                 
distance_camera: 0.8150926949624733                 
distance_lidar: 9999.0                 
has_object: True                 
has_person: True                 
zone1: False                 
zone2: True
2026-09-11 00:09:00.599 | WARNING  | _action_collision_callback:330 - 
相机综合检测结果                                         
设备ID: C18                                         
区域代码: 3                                         
物体在区域内: False                                         
减速区域：False                                         
停止区域：True                                         
有物体: True                                         
有行人: True                                         
置信度: 0.601                                         
最近距离: 0.815 m                                         
相交面积: 0.000                                         
相交比例: 0.000                                         
物体类型: person                                         
最终耗时: 234.327 ms （已离开区域保持状态中）
2026-09-11 00:09:00.601 | INFO     | _send_fused_det_msg:762 - 
Publish detect message                
area: 3                 
device: ['C18']                 
distance: 0.8150926949624733                 
distance_camera: 0.8150926949624733                 
distance_lidar: 9999.0                 
has_object: True                 
has_person: True                 
zone1: False                 
zone2: True
2026-09-11 00:09:00.604 | WARNING  | _action_collision_callback:330 - 
相机综合检测结果                                         
设备ID: C18                                         
区域代码: 3                                         
物体在区域内: False                                         
减速区域：False                                         
停止区域：True                                         
有物体: True                                         
有行人: True                                         
置信度: 0.601                                         
最近距离: 0.815 m                                         
相交面积: 0.000                                         
相交比例: 0.000                                         
物体类型: person                                         
最终耗时: 140.835 ms （已离开区域保持状态中）
2026-09-11 00:09:00.694 | INFO     | _send_fused_det_msg:762 - 
Publish detect message                
area: 3                 
device: ['C18']                 
distance: 0.8150926949624733                 
distance_camera: 0.8150926949624733                 
distance_lidar: 9999.0                 
has_object: True                 
has_person: True                 
zone1: False                 
zone2: True
2026-09-11 00:09:00.696 | WARNING  | _action_collision_callback:330 - 
相机综合检测结果                                         
设备ID: C18                                         
区域代码: 3                                         
物体在区域内: False                                         
减速区域：False                                         
停止区域：True                                         
有物体: True                                         
有行人: True                                         
置信度: 0.601                                         
最近距离: 0.815 m                                         
相交面积: 0.000                                         
相交比例: 0.000                                         
物体类型: person                                         
最终耗时: 124.821 ms （已离开区域保持状态中）
2026-09-11 00:09:00.710 | INFO     | _send_fused_det_msg:762 - 
Publish detect message                
area: 3                 
device: ['C18']                 
distance: 0.8150926949624733                 
distance_camera: 0.8150926949624733                 
distance_lidar: 9999.0                 
has_object: True                 
has_person: True                 
zone1: False                 
zone2: True
2026-09-11 00:09:00.812 | INFO     | _send_fused_det_msg:762 - 
Publish detect message                
area: 3                 
device: ['C18']                 
distance: 0.8150926949624733                 
distance_camera: 0.8150926949624733                 
distance_lidar: 9999.0                 
has_object: True                 
has_person: True                 
zone1: False                 
zone2: True
2026-09-11 00:09:00.815 | WARNING  | _action_collision_callback:330 - 
相机综合检测结果                                         
设备ID: C18                                         
区域代码: 3                                         
物体在区域内: False                                         
减速区域：False                                         
停止区域：True                                         
有物体: True                                         
有行人: True                                         
置信度: 0.601                                         
最近距离: 0.815 m                                         
相交面积: 0.000                                         
相交比例: 0.000                                         
物体类型: person                                         
最终耗时: 129.015 ms （已离开区域保持状态中）
2026-09-11 00:09:00.816 | INFO     | _send_fused_det_msg:762 - 
Publish detect message                
area: 3                 
device: ['C18']                 
distance: 0.8150926949624733                 
distance_camera: 0.8150926949624733                 
distance_lidar: 9999.0                 
has_object: True                 
has_person: True                 
zone1: False                 
zone2: True
2026-09-11 00:09:00.856 | INFO     | _send_fused_det_msg:762 - 
Publish detect message                
area: 3                 
device: ['C18']                 
distance: 0.8150926949624733                 
distance_camera: 0.8150926949624733                 
distance_lidar: 9999.0                 
has_object: True                 
has_person: True                 
zone1: False                 
zone2: True
2026-09-11 00:09:00.857 | WARNING  | _action_collision_callback:330 - 
相机综合检测结果                                         
设备ID: C18                                         
区域代码: 3                                         
物体在区域内: False                                         
减速区域：False                                         
停止区域：True                                         
有物体: True                                         
有行人: True                                         
置信度: 0.601                                         
最近距离: 0.815 m                                         
相交面积: 0.000                                         
相交比例: 0.000                                         
物体类型: person                                         
最终耗时: 112.760 ms （已离开区域保持状态中）
2026-09-11 00:09:00.873 | INFO     | _send_fused_det_msg:762 - 
Publish detect message                
area: 3                 
device: ['C18']                 
distance: 0.8150926949624733                 
distance_camera: 0.8150926949624733                 
distance_lidar: 9999.0                 
has_object: True                 
has_person: True                 
zone1: False                 
zone2: True
2026-09-11 00:09:00.968 | INFO     | _send_fused_det_msg:762 - 
Publish detect message                
area: 3                 
device: ['C18']                 
distance: 0.8150926949624733                 
distance_camera: 0.8150926949624733                 
distance_lidar: 9999.0                 
has_object: True                 
has_person: True                 
zone1: False                 
zone2: True
2026-09-11 00:09:00.970 | WARNING  | _action_collision_callback:330 - 
相机综合检测结果                                         
设备ID: C18                                         
区域代码: 3                                         
物体在区域内: False                                         
减速区域：False                                         
停止区域：True                                         
有物体: True                                         
有行人: True                                         
置信度: 0.601                                         
最近距离: 0.815 m                                         
相交面积: 0.000                                         
相交比例: 0.000                                         
物体类型: person                                         
最终耗时: 144.884 ms （已离开区域保持状态中）
2026-09-11 00:09:01.113 | INFO     | _send_fused_det_msg:762 - 
Publish detect message                
area: 3                 
device: ['C18']                 
distance: 0.8150926949624733                 
distance_camera: 0.8150926949624733                 
distance_lidar: 9999.0                 
has_object: True                 
has_person: True                 
zone1: False                 
zone2: True
2026-09-11 00:09:01.114 | WARNING  | _action_collision_callback:330 - 
相机综合检测结果                                         
设备ID: C18                                         
区域代码: 3                                         
物体在区域内: False                                         
减速区域：False                                         
停止区域：True                                         
有物体: True                                         
有行人: True                                         
置信度: 0.601                                         
最近距离: 0.815 m                                         
相交面积: 0.000                                         
相交比例: 0.000                                         
物体类型: person                                         
最终耗时: 289.575 ms （已离开区域保持状态中）
2026-09-11 00:09:01.118 | INFO     | _send_fused_det_msg:762 - 
Publish detect message                
area: 3                 
device: ['C18']                 
distance: 0.8150926949624733                 
distance_camera: 0.8150926949624733                 
distance_lidar: 9999.0                 
has_object: True                 
has_person: True                 
zone1: False                 
zone2: True
2026-09-11 00:09:01.125 | WARNING  | _action_collision_callback:330 - 
相机综合检测结果                                         
设备ID: C18                                         
区域代码: 3                                         
物体在区域内: False                                         
减速区域：False                                         
停止区域：True                                         
有物体: True                                         
有行人: True                                         
置信度: 0.601                                         
最近距离: 0.815 m                                         
相交面积: 0.000                                         
相交比例: 0.000                                         
物体类型: person                                         
最终耗时: 176.059 ms （已离开区域保持状态中）
2026-09-11 00:09:01.141 | INFO     | _send_fused_det_msg:762 - 
Publish detect message                
area: 3                 
device: ['C18']                 
distance: 0.8150926949624733                 
distance_camera: 0.8150926949624733                 
distance_lidar: 9999.0                 
has_object: True                 
has_person: True                 
zone1: False                 
zone2: True
2026-09-11 00:09:01.166 | INFO     | _send_fused_det_msg:762 - 
Publish detect message                
area: 3                 
device: ['C18']                 
distance: 0.8150926949624733                 
distance_camera: 0.8150926949624733                 
distance_lidar: 9999.0                 
has_object: True                 
has_person: True                 
zone1: False                 
zone2: True
2026-09-11 00:09:01.168 | WARNING  | _action_collision_callback:330 - 
相机综合检测结果                                         
设备ID: C18                                         
区域代码: 3                                         
物体在区域内: False                                         
减速区域：False                                         
停止区域：True                                         
有物体: True                                         
有行人: True                                         
置信度: 0.601                                         
最近距离: 0.815 m                                         
相交面积: 0.000                                         
相交比例: 0.000                                         
物体类型: person                                         
最终耗时: 177.648 ms （已离开区域保持状态中）
2026-09-11 00:09:01.238 | INFO     | _send_fused_det_msg:762 - 
Publish detect message                
area: 3                 
device: ['C18']                 
distance: 0.8150926949624733                 
distance_camera: 0.8150926949624733                 
distance_lidar: 9999.0                 
has_object: True                 
has_person: True                 
zone1: False                 
zone2: True
2026-09-11 00:09:01.242 | WARNING  | _action_collision_callback:330 - 
相机综合检测结果                                         
设备ID: C18                                         
区域代码: 3                                         
物体在区域内: False                                         
减速区域：False                                         
停止区域：True                                         
有物体: True                                         
有行人: True                                         
置信度: 0.601                                         
最近距离: 0.815 m                                         
相交面积: 0.000                                         
相交比例: 0.000                                         
物体类型: person                                         
最终耗时: 129.652 ms （已离开区域保持状态中）
2026-09-11 00:09:01.355 | INFO     | _send_fused_det_msg:762 - 
Publish detect message                
area: 3                 
device: ['C18']                 
distance: 0.8150926949624733                 
distance_camera: 0.8150926949624733                 
distance_lidar: 9999.0                 
has_object: True                 
has_person: True                 
zone1: False                 
zone2: True
2026-09-11 00:09:01.365 | WARNING  | _action_collision_callback:330 - 
相机综合检测结果                                         
设备ID: C18                                         
区域代码: 3                                         
物体在区域内: False                                         
减速区域：False                                         
停止区域：True                                         
有物体: True                                         
有行人: True                                         
置信度: 0.601                                         
最近距离: 0.815 m                                         
相交面积: 0.000                                         
相交比例: 0.000                                         
物体类型: person                                         
最终耗时: 209.554 ms （已离开区域保持状态中）
2026-09-11 00:09:01.367 | INFO     | _send_fused_det_msg:762 - 
Publish detect message                
area: 3                 
device: ['C18']                 
distance: 0.8150926949624733                 
distance_camera: 0.8150926949624733                 
distance_lidar: 9999.0                 
has_object: True                 
has_person: True                 
zone1: False                 
zone2: True
2026-09-11 00:09:01.373 | WARNING  | _action_collision_callback:330 - 
相机综合检测结果                                         
设备ID: C18                                         
区域代码: 3                                         
物体在区域内: False                                         
减速区域：False                                         
停止区域：True                                         
有物体: True                                         
有行人: True                                         
置信度: 0.601                                         
最近距离: 0.815 m                                         
相交面积: 0.000                                         
相交比例: 0.000                                         
物体类型: person                                         
最终耗时: 186.614 ms （已离开区域保持状态中）
2026-09-11 00:09:01.436 | INFO     | _send_fused_det_msg:762 - 
Publish detect message                
area: 3                 
device: ['C18']                 
distance: 0.8150926949624733                 
distance_camera: 0.8150926949624733                 
distance_lidar: 9999.0                 
has_object: True                 
has_person: True                 
zone1: False                 
zone2: True
2026-09-11 00:09:01.441 | WARNING  | _action_collision_callback:330 - 
相机综合检测结果                                         
设备ID: C18                                         
区域代码: 3                                         
物体在区域内: False                                         
减速区域：False                                         
停止区域：True                                         
有物体: True                                         
有行人: True                                         
置信度: 0.601                                         
最近距离: 0.815 m                                         
相交面积: 0.000                                         
相交比例: 0.000                                         
物体类型: person                                         
最终耗时: 160.755 ms （已离开区域保持状态中）
2026-09-11 00:09:01.460 | INFO     | _send_fused_det_msg:762 - 
Publish detect message                
area: 3                 
device: ['C18']                 
distance: 0.8150926949624733                 
distance_camera: 0.8150926949624733                 
distance_lidar: 9999.0                 
has_object: True                 
has_person: True                 
zone1: False                 
zone2: True
2026-09-11 00:09:01.488 | WARNING  | _action_collision_callback:330 - 
相机综合检测结果                                         
设备ID: C18                                         
区域代码: 3                                         
物体在区域内: False                                         
减速区域：False                                         
停止区域：True                                         
有物体: True                                         
有行人: True                                         
置信度: 0.601                                         
最近距离: 0.815 m                                         
相交面积: 0.000                                         
相交比例: 0.000                                         
物体类型: person                                         
最终耗时: 168.972 ms （已离开区域保持状态中）
2026-09-11 00:09:01.503 | INFO     | _send_fused_det_msg:762 - 
Publish detect message                
area: 3                 
device: ['C18']                 
distance: 0.8150926949624733                 
distance_camera: 0.8150926949624733                 
distance_lidar: 9999.0                 
has_object: True                 
has_person: True                 
zone1: False                 
zone2: True
2026-09-11 00:09:01.519 | INFO     | _send_fused_det_msg:762 - 
Publish detect message                
area: 3                 
device: ['C18']                 
distance: 0.8150926949624733                 
distance_camera: 0.8150926949624733                 
distance_lidar: 9999.0                 
has_object: True                 
has_person: True                 
zone1: False                 
zone2: True
2026-09-11 00:09:01.521 | WARNING  | _action_collision_callback:330 - 
相机综合检测结果                                         
设备ID: C18                                         
区域代码: 3                                         
物体在区域内: False                                         
减速区域：False                                         
停止区域：True                                         
有物体: True                                         
有行人: True                                         
置信度: 0.601                                         
最近距离: 0.815 m                                         
相交面积: 0.000                                         
相交比例: 0.000                                         
物体类型: person                                         
最终耗时: 87.125 ms （已离开区域保持状态中）
2026-09-11 00:09:01.542 | INFO     | _send_fused_det_msg:762 - 
Publish detect message                
area: 3                 
device: ['C18']                 
distance: 0.8150926949624733                 
distance_camera: 0.8150926949624733                 
distance_lidar: 9999.0                 
has_object: True                 
has_person: True                 
zone1: False                 
zone2: True
2026-09-11 00:09:01.599 | INFO     | _send_fused_det_msg:762 - 
Publish detect message                
area: 3                 
device: ['C18']                 
distance: 0.8150926949624733                 
distance_camera: 0.8150926949624733                 
distance_lidar: 9999.0                 
has_object: True                 
has_person: True                 
zone1: False                 
zone2: True
2026-09-11 00:09:01.600 | WARNING  | _action_collision_callback:330 - 
相机综合检测结果                                         
设备ID: C18                                         
区域代码: 3                                         
物体在区域内: False                                         
减速区域：False                                         
停止区域：True                                         
有物体: True                                         
有行人: True                                         
置信度: 0.601                                         
最近距离: 0.815 m                                         
相交面积: 0.000                                         
相交比例: 0.000                                         
物体类型: person                                         
最终耗时: 118.140 ms （已离开区域保持状态中）
2026-09-11 00:09:01.642 | INFO     | _send_fused_det_msg:762 - 
Publish detect message                
area: 3                 
device: ['C18']                 
distance: 0.8150926949624733                 
distance_camera: 0.8150926949624733                 
distance_lidar: 9999.0                 
has_object: True                 
has_person: True                 
zone1: False                 
zone2: True
2026-09-11 00:09:01.643 | WARNING  | _action_collision_callback:330 - 
相机综合检测结果                                         
设备ID: C18                                         
区域代码: 3                                         
物体在区域内: False                                         
减速区域：False                                         
停止区域：True                                         
有物体: True                                         
有行人: True                                         
置信度: 0.601                                         
最近距离: 0.815 m                                         
相交面积: 0.000                                         
相交比例: 0.000                                         
物体类型: person                                         
最终耗时: 161.108 ms （已离开区域保持状态中）
2026-09-11 00:09:01.715 | INFO     | _send_fused_det_msg:762 - 
Publish detect message                
area: 3                 
device: []                 
distance: 9999.0                 
distance_camera: 9999.0                 
distance_lidar: 9999.0                 
has_object: False                 
has_person: False                 
zone1: False                 
zone2: False
2026-09-11 00:09:01.813 | INFO     | _send_fused_det_msg:762 - 
Publish detect message                
area: 3                 
device: []                 
distance: 9999.0                 
distance_camera: 9999.0                 
distance_lidar: 9999.0                 
has_object: False                 
has_person: False                 
zone1: False                 
zone2: False
2026-09-11 00:09:01.833 | INFO     | _send_fused_det_msg:762 - 
Publish detect message                
area: 3                 
device: []                 
distance: 9999.0                 
distance_camera: 9999.0                 
distance_lidar: 9999.0                 
has_object: False                 
has_person: False                 
zone1: False                 
zone2: False
2026-09-11 00:09:29.132 | INFO     | _save_collision_detect_data:889 - 保存防撞检测进入点云: /2026-09-11/algl_gantry_collision_detect_package/zone1/11/20260911_000929.pcd
2026-09-11 00:09:29.133 | INFO     | _save_detect_data:818 - 设备11进入区域4的zone1，保存进入数据
2026-09-11 00:09:29.137 | WARNING  | _lidar_callback:367 - lidar 11 det distance 6.050379900294778 area 4
2026-09-11 00:09:29.139 | INFO     | _send_fused_det_msg:762 - 
Publish detect message                
area: 4                 
device: ['L19']                 
distance: 6.050379900294778                 
distance_camera: 9999.0                 
distance_lidar: 6.050379900294778                 
has_object: True                 
has_person: False                 
zone1: True                 
zone2: False
2026-09-11 00:09:29.155 | INFO     | _send_fused_det_msg:762 - 
Publish detect message                
area: 4                 
device: ['L19']                 
distance: 6.050379900294778                 
distance_camera: 9999.0                 
distance_lidar: 6.050379900294778                 
has_object: True                 
has_person: False                 
zone1: True                 
zone2: False
2026-09-11 00:09:29.304 | INFO     | _send_fused_det_msg:762 - 
Publish detect message                
area: 4                 
device: ['L19']                 
distance: 6.050379900294778                 
distance_camera: 9999.0                 
distance_lidar: 6.050379900294778                 
has_object: True                 
has_person: False                 
zone1: True                 
zone2: False
2026-09-11 00:09:29.350 | INFO     | _send_fused_det_msg:762 - 
Publish detect message                
area: 4                 
device: ['L19']                 
distance: 6.050379900294778                 
distance_camera: 9999.0                 
distance_lidar: 6.050379900294778                 
has_object: True                 
has_person: False                 
zone1: True                 
zone2: False
2026-09-11 00:09:29.477 | WARNING  | _lidar_callback:367 - lidar 11 det distance 5.974504238122691 area 4
2026-09-11 00:09:29.487 | INFO     | _send_fused_det_msg:762 - 
Publish detect message                
area: 4                 
device: ['L19']                 
distance: 6.050379900294778                 
distance_camera: 9999.0                 
distance_lidar: 6.050379900294778                 
has_object: True                 
has_person: False                 
zone1: True                 
zone2: False
2026-09-11 00:09:29.553 | INFO     | _send_fused_det_msg:762 - 
Publish detect message                
area: 4                 
device: ['L19']                 
distance: 5.974504238122691                 
distance_camera: 9999.0                 
distance_lidar: 5.974504238122691                 
has_object: True                 
has_person: False                 
zone1: True                 
zone2: False
2026-09-11 00:09:29.562 | INFO     | _send_fused_det_msg:762 - 
Publish detect message                
area: 4                 
device: ['L19']                 
distance: 5.974504238122691                 
distance_camera: 9999.0                 
distance_lidar: 5.974504238122691                 
has_object: True                 
has_person: False                 
zone1: True                 
zone2: False
2026-09-11 00:09:29.564 | INFO     | _send_fused_det_msg:762 - 
Publish detect message                
area: 4                 
device: ['L19']                 
distance: 5.974504238122691                 
distance_camera: 9999.0                 
distance_lidar: 5.974504238122691                 
has_object: True                 
has_person: False                 
zone1: True                 
zone2: False
2026-09-11 00:09:29.668 | INFO     | _send_fused_det_msg:762 - 
Publish detect message                
area: 4                 
device: ['L19']                 
distance: 5.974504238122691                 
distance_camera: 9999.0                 
distance_lidar: 5.974504238122691                 
has_object: True                 
has_person: False                 
zone1: True                 
zone2: False
2026-09-11 00:09:29.734 | INFO     | _send_fused_det_msg:762 - 
Publish detect message                
area: 4                 
device: ['L19']                 
distance: 5.974504238122691                 
distance_camera: 9999.0                 
distance_lidar: 5.974504238122691                 
has_object: True                 
has_person: False                 
zone1: True                 
zone2: False
2026-09-11 00:09:29.813 | INFO     | _save_collision_detect_data:889 - 保存防撞检测进入点云: /2026-09-11/algl_gantry_collision_detect_package/zone2/11/20260911_000929.pcd
2026-09-11 00:09:29.814 | INFO     | _save_detect_data:818 - 设备11进入区域4的zone2，保存进入数据
2026-09-11 00:09:29.815 | WARNING  | _lidar_callback:367 - lidar 11 det distance 4.88108499556348 area 4
2026-09-11 00:09:29.816 | INFO     | _send_fused_det_msg:762 - 
Publish detect message                
area: 4                 
device: ['L19']                 
distance: 4.88108499556348                 
distance_camera: 9999.0                 
distance_lidar: 4.88108499556348                 
has_object: True                 
has_person: False                 
zone1: False                 
zone2: True
2026-09-11 00:09:29.843 | INFO     | _send_fused_det_msg:762 - 
Publish detect message                
area: 4                 
device: ['L19']                 
distance: 4.88108499556348                 
distance_camera: 9999.0                 
distance_lidar: 4.88108499556348                 
has_object: True                 
has_person: False                 
zone1: False                 
zone2: True
2026-09-11 00:09:29.869 | INFO     | _send_fused_det_msg:762 - 
Publish detect message                
area: 4                 
device: ['L19']                 
distance: 4.88108499556348                 
distance_camera: 9999.0                 
distance_lidar: 4.88108499556348                 
has_object: True                 
has_person: False                 
zone1: False                 
zone2: True
2026-09-11 00:09:29.963 | INFO     | _send_fused_det_msg:762 - 
Publish detect message                
area: 4                 
device: ['L19']                 
distance: 4.88108499556348                 
distance_camera: 9999.0                 
distance_lidar: 4.88108499556348                 
has_object: True                 
has_person: False                 
zone1: False                 
zone2: True
2026-09-11 00:09:30.025 | INFO     | _send_fused_det_msg:762 - 
Publish detect message                
area: 4                 
device: ['L19']                 
distance: 4.88108499556348                 
distance_camera: 9999.0                 
distance_lidar: 4.88108499556348                 
has_object: True                 
has_person: False                 
zone1: False                 
zone2: True
2026-09-11 00:09:30.038 | WARNING  | _lidar_callback:367 - lidar 11 det distance 4.88108499556348 area 4
2026-09-11 00:09:30.039 | INFO     | _send_fused_det_msg:762 - 
Publish detect message                
area: 4                 
device: ['L19']                 
distance: 4.88108499556348                 
distance_camera: 9999.0                 
distance_lidar: 4.88108499556348                 
has_object: True                 
has_person: False                 
zone1: False                 
zone2: True
2026-09-11 00:09:30.138 | INFO     | _send_fused_det_msg:762 - 
Publish detect message                
area: 4                 
device: ['L19']                 
distance: 4.88108499556348                 
distance_camera: 9999.0                 
distance_lidar: 4.88108499556348                 
has_object: True                 
has_person: False                 
zone1: False                 
zone2: True
2026-09-11 00:09:30.158 | INFO     | _send_fused_det_msg:762 - 
Publish detect message                
area: 4                 
device: ['L19']                 
distance: 4.88108499556348                 
distance_camera: 9999.0                 
distance_lidar: 4.88108499556348                 
has_object: True                 
has_person: False                 
zone1: False                 
zone2: True
2026-09-11 00:09:30.255 | INFO     | _send_fused_det_msg:762 - 
Publish detect message                
area: 4                 
device: ['L19']                 
distance: 4.88108499556348                 
distance_camera: 9999.0                 
distance_lidar: 4.88108499556348                 
has_object: True                 
has_person: False                 
zone1: False                 
zone2: True
2026-09-11 00:09:30.284 | INFO     | _send_fused_det_msg:762 - 
Publish detect message                
area: 4                 
device: ['L19']                 
distance: 4.88108499556348                 
distance_camera: 9999.0                 
distance_lidar: 4.88108499556348                 
has_object: True                 
has_person: False                 
zone1: False                 
zone2: True
2026-09-11 00:09:30.350 | INFO     | _send_fused_det_msg:762 - 
Publish detect message                
area: 4                 
device: ['L19']                 
distance: 4.88108499556348                 
distance_camera: 9999.0                 
distance_lidar: 4.88108499556348                 
has_object: True                 
has_person: False                 
zone1: False                 
zone2: True
2026-09-11 00:09:30.380 | INFO     | _send_fused_det_msg:762 - 
Publish detect message                
area: 4                 
device: ['L19']                 
distance: 4.88108499556348                 
distance_camera: 9999.0                 
distance_lidar: 4.88108499556348                 
has_object: True                 
has_person: False                 
zone1: False                 
zone2: True
2026-09-11 00:09:30.431 | INFO     | _send_fused_det_msg:762 - 
Publish detect message                
area: 4                 
device: ['L19']                 
distance: 4.88108499556348                 
distance_camera: 9999.0                 
distance_lidar: 4.88108499556348                 
has_object: True                 
has_person: False                 
zone1: False                 
zone2: True
2026-09-11 00:09:30.507 | WARNING  | _lidar_callback:367 - lidar 11 det distance 4.88108499556348 area 4
2026-09-11 00:09:30.510 | INFO     | _send_fused_det_msg:762 - 
Publish detect message                
area: 4                 
device: ['L19']                 
distance: 4.88108499556348                 
distance_camera: 9999.0                 
distance_lidar: 4.88108499556348                 
has_object: True                 
has_person: False                 
zone1: False                 
zone2: True
2026-09-11 00:09:30.600 | INFO     | _send_fused_det_msg:762 - 
Publish detect message                
area: 4                 
device: ['L19']                 
distance: 4.88108499556348                 
distance_camera: 9999.0                 
distance_lidar: 4.88108499556348                 
has_object: True                 
has_person: False                 
zone1: False                 
zone2: True
2026-09-11 00:09:30.641 | INFO     | _send_fused_det_msg:762 - 
Publish detect message                
area: 4                 
device: ['L19']                 
distance: 4.88108499556348                 
distance_camera: 9999.0                 
distance_lidar: 4.88108499556348                 
has_object: True                 
has_person: False                 
zone1: False                 
zone2: True
2026-09-11 00:09:30.758 | INFO     | _send_fused_det_msg:762 - 
Publish detect message                
area: 4                 
device: ['L19']                 
distance: 4.88108499556348                 
distance_camera: 9999.0                 
distance_lidar: 4.88108499556348                 
has_object: True                 
has_person: False                 
zone1: False                 
zone2: True
2026-09-11 00:09:30.786 | WARNING  | _lidar_callback:367 - lidar 11 det distance 4.88108499556348 area 4
2026-09-11 00:09:30.788 | INFO     | _send_fused_det_msg:762 - 
Publish detect message                
area: 4                 
device: ['L19']                 
distance: 4.88108499556348                 
distance_camera: 9999.0                 
distance_lidar: 4.88108499556348                 
has_object: True                 
has_person: False                 
zone1: False                 
zone2: True
2026-09-11 00:09:30.830 | INFO     | _send_fused_det_msg:762 - 
Publish detect message                
area: 4                 
device: ['L19']                 
distance: 4.88108499556348                 
distance_camera: 9999.0                 
distance_lidar: 4.88108499556348                 
has_object: True                 
has_person: False                 
zone1: False                 
zone2: True
2026-09-11 00:09:30.846 | INFO     | _send_fused_det_msg:762 - 
Publish detect message                
area: 4                 
device: ['L19']                 
distance: 4.88108499556348                 
distance_camera: 9999.0                 
distance_lidar: 4.88108499556348                 
has_object: True                 
has_person: False                 
zone1: False                 
zone2: True
2026-09-11 00:09:30.968 | INFO     | _send_fused_det_msg:762 - 
Publish detect message                
area: 4                 
device: ['L19']                 
distance: 4.88108499556348                 
distance_camera: 9999.0                 
distance_lidar: 4.88108499556348                 
has_object: True                 
has_person: False                 
zone1: False                 
zone2: True
2026-09-11 00:09:30.974 | INFO     | _send_fused_det_msg:762 - 
Publish detect message                
area: 4                 
device: ['L19']                 
distance: 4.88108499556348                 
distance_camera: 9999.0                 
distance_lidar: 4.88108499556348                 
has_object: True                 
has_person: False                 
zone1: False                 
zone2: True
2026-09-11 00:09:30.984 | INFO     | _send_fused_det_msg:762 - 
Publish detect message                
area: 4                 
device: ['L19']                 
distance: 4.88108499556348                 
distance_camera: 9999.0                 
distance_lidar: 4.88108499556348                 
has_object: True                 
has_person: False                 
zone1: False                 
zone2: True
2026-09-11 00:09:31.098 | INFO     | _send_fused_det_msg:762 - 
Publish detect message                
area: 4                 
device: ['L19']                 
distance: 4.88108499556348                 
distance_camera: 9999.0                 
distance_lidar: 4.88108499556348                 
has_object: True                 
has_person: False                 
zone1: False                 
zone2: True
2026-09-11 00:09:31.167 | INFO     | _send_fused_det_msg:762 - 
Publish detect message                
area: 4                 
device: ['L19']                 
distance: 4.88108499556348                 
distance_camera: 9999.0                 
distance_lidar: 4.88108499556348                 
has_object: True                 
has_person: False                 
zone1: False                 
zone2: True
2026-09-11 00:09:31.189 | WARNING  | _lidar_callback:367 - lidar 11 det distance 4.984926782624665 area 4
2026-09-11 00:09:31.197 | INFO     | _send_fused_det_msg:762 - 
Publish detect message                
area: 4                 
device: ['L19']                 
distance: 4.984926782624665                 
distance_camera: 9999.0                 
distance_lidar: 4.984926782624665                 
has_object: True                 
has_person: False                 
zone1: False                 
zone2: True
2026-09-11 00:09:31.310 | INFO     | _send_fused_det_msg:762 - 
Publish detect message                
area: 4                 
device: ['L19']                 
distance: 4.984926782624665                 
distance_camera: 9999.0                 
distance_lidar: 4.984926782624665                 
has_object: True                 
has_person: False                 
zone1: False                 
zone2: True
2026-09-11 00:09:31.323 | INFO     | _send_fused_det_msg:762 - 
Publish detect message                
area: 4                 
device: ['L19']                 
distance: 4.984926782624665                 
distance_camera: 9999.0                 
distance_lidar: 4.984926782624665                 
has_object: True                 
has_person: False                 
zone1: False                 
zone2: True
2026-09-11 00:09:31.368 | INFO     | _send_fused_det_msg:762 - 
Publish detect message                
area: 4                 
device: ['L19']                 
distance: 4.984926782624665                 
distance_camera: 9999.0                 
distance_lidar: 4.984926782624665                 
has_object: True                 
has_person: False                 
zone1: False                 
zone2: True
2026-09-11 00:09:31.389 | INFO     | _send_fused_det_msg:762 - 
Publish detect message                
area: 4                 
device: ['L19']                 
distance: 4.984926782624665                 
distance_camera: 9999.0                 
distance_lidar: 4.984926782624665                 
has_object: True                 
has_person: False                 
zone1: False                 
zone2: True
2026-09-11 00:09:31.474 | INFO     | _send_fused_det_msg:762 - 
Publish detect message                
area: 4                 
device: ['L19']                 
distance: 4.984926782624665                 
distance_camera: 9999.0                 
distance_lidar: 4.984926782624665                 
has_object: True                 
has_person: False                 
zone1: False                 
zone2: True
2026-09-11 00:09:31.480 | WARNING  | _lidar_callback:367 - lidar 11 det distance 4.984926782624665 area 4
2026-09-11 00:09:31.543 | INFO     | _send_fused_det_msg:762 - 
Publish detect message                
area: 4                 
device: ['L19']                 
distance: 4.984926782624665                 
distance_camera: 9999.0                 
distance_lidar: 4.984926782624665                 
has_object: True                 
has_person: False                 
zone1: False                 
zone2: True
2026-09-11 00:09:31.555 | INFO     | _send_fused_det_msg:762 - 
Publish detect message                
area: 4                 
device: ['L19']                 
distance: 4.984926782624665                 
distance_camera: 9999.0                 
distance_lidar: 4.984926782624665                 
has_object: True                 
has_person: False                 
zone1: False                 
zone2: True
2026-09-11 00:09:31.568 | INFO     | _send_fused_det_msg:762 - 
Publish detect message                
area: 4                 
device: ['L19']                 
distance: 4.984926782624665                 
distance_camera: 9999.0                 
distance_lidar: 4.984926782624665                 
has_object: True                 
has_person: False                 
zone1: False                 
zone2: True
2026-09-11 00:09:31.649 | INFO     | _send_fused_det_msg:762 - 
Publish detect message                
area: 4                 
device: ['L19']                 
distance: 4.984926782624665                 
distance_camera: 9999.0                 
distance_lidar: 4.984926782624665                 
has_object: True                 
has_person: False                 
zone1: False                 
zone2: True
2026-09-11 00:09:31.697 | INFO     | _send_fused_det_msg:762 - 
Publish detect message                
area: 4                 
device: ['L19']                 
distance: 4.984926782624665                 
distance_camera: 9999.0                 
distance_lidar: 4.984926782624665                 
has_object: True                 
has_person: False                 
zone1: False                 
zone2: True
2026-09-11 00:09:31.837 | INFO     | _send_fused_det_msg:762 - 
Publish detect message                
area: 4                 
device: ['L19']                 
distance: 4.984926782624665                 
distance_camera: 9999.0                 
distance_lidar: 4.984926782624665                 
has_object: True                 
has_person: False                 
zone1: False                 
zone2: True
2026-09-11 00:09:31.838 | WARNING  | _lidar_callback:367 - lidar 11 det distance 5.733604032759109 area 4
2026-09-11 00:09:31.870 | INFO     | _send_fused_det_msg:762 - 
Publish detect message                
area: 4                 
device: ['L19']                 
distance: 5.733604032759109                 
distance_camera: 9999.0                 
distance_lidar: 5.733604032759109                 
has_object: True                 
has_person: False                 
zone1: True                 
zone2: False
2026-09-11 00:09:31.880 | INFO     | _send_fused_det_msg:762 - 
Publish detect message                
area: 4                 
device: ['L19']                 
distance: 5.733604032759109                 
distance_camera: 9999.0                 
distance_lidar: 5.733604032759109                 
has_object: True                 
has_person: False                 
zone1: True                 
zone2: False
2026-09-11 00:09:32.010 | INFO     | _send_fused_det_msg:762 - 
Publish detect message                
area: 4                 
device: ['L19']                 
distance: 5.733604032759109                 
distance_camera: 9999.0                 
distance_lidar: 5.733604032759109                 
has_object: True                 
has_person: False                 
zone1: True                 
zone2: False
2026-09-11 00:09:32.018 | INFO     | _send_fused_det_msg:762 - 
Publish detect message                
area: 4                 
device: ['L19']                 
distance: 5.733604032759109                 
distance_camera: 9999.0                 
distance_lidar: 5.733604032759109                 
has_object: True                 
has_person: False                 
zone1: True                 
zone2: False
2026-09-11 00:09:32.155 | INFO     | _send_fused_det_msg:762 - 
Publish detect message                
area: 4                 
device: ['L19']                 
distance: 5.733604032759109                 
distance_camera: 9999.0                 
distance_lidar: 5.733604032759109                 
has_object: True                 
has_person: False                 
zone1: True                 
zone2: False
2026-09-11 00:09:32.170 | WARNING  | _lidar_callback:367 - lidar 11 det distance 6.476524638573151 area 4
2026-09-11 00:09:32.175 | INFO     | _send_fused_det_msg:762 - 
Publish detect message                
area: 4                 
device: ['L19']                 
distance: 6.476524638573151                 
distance_camera: 9999.0                 
distance_lidar: 6.476524638573151                 
has_object: True                 
has_person: False                 
zone1: True                 
zone2: False
2026-09-11 00:09:32.186 | INFO     | _send_fused_det_msg:762 - 
Publish detect message                
area: 4                 
device: ['L19']                 
distance: 6.476524638573151                 
distance_camera: 9999.0                 
distance_lidar: 6.476524638573151                 
has_object: True                 
has_person: False                 
zone1: True                 
zone2: False
2026-09-11 00:09:32.321 | INFO     | _send_fused_det_msg:762 - 
Publish detect message                
area: 4                 
device: ['L19']                 
distance: 6.476524638573151                 
distance_camera: 9999.0                 
distance_lidar: 6.476524638573151                 
has_object: True                 
has_person: False                 
zone1: True                 
zone2: False
2026-09-11 00:09:32.347 | INFO     | _send_fused_det_msg:762 - 
Publish detect message                
area: 4                 
device: ['L19']                 
distance: 6.476524638573151                 
distance_camera: 9999.0                 
distance_lidar: 6.476524638573151                 
has_object: True                 
has_person: False                 
zone1: True                 
zone2: False
2026-09-11 00:09:32.497 | WARNING  | _lidar_callback:367 - lidar 11 det distance 7.721440969175255 area 4
2026-09-11 00:09:32.501 | INFO     | _send_fused_det_msg:762 - 
Publish detect message                
area: 4                 
device: ['L19']                 
distance: 6.476524638573151                 
distance_camera: 9999.0                 
distance_lidar: 6.476524638573151                 
has_object: True                 
has_person: False                 
zone1: True                 
zone2: False
2026-09-11 00:09:32.517 | INFO     | _send_fused_det_msg:762 - 
Publish detect message                
area: 4                 
device: ['L19']                 
distance: 7.721440969175255                 
distance_camera: 9999.0                 
distance_lidar: 7.721440969175255                 
has_object: True                 
has_person: False                 
zone1: True                 
zone2: False
2026-09-11 00:09:32.531 | INFO     | _send_fused_det_msg:762 - 
Publish detect message                
area: 4                 
device: ['L19']                 
distance: 7.721440969175255                 
distance_camera: 9999.0                 
distance_lidar: 7.721440969175255                 
has_object: True                 
has_person: False                 
zone1: True                 
zone2: False
2026-09-11 00:09:32.580 | INFO     | _send_fused_det_msg:762 - 
Publish detect message                
area: 4                 
device: ['L19']                 
distance: 7.721440969175255                 
distance_camera: 9999.0                 
distance_lidar: 7.721440969175255                 
has_object: True                 
has_person: False                 
zone1: True                 
zone2: False
2026-09-11 00:09:32.643 | INFO     | _send_fused_det_msg:762 - 
Publish detect message                
area: 4                 
device: ['L19']                 
distance: 7.721440969175255                 
distance_camera: 9999.0                 
distance_lidar: 7.721440969175255                 
has_object: True                 
has_person: False                 
zone1: True                 
zone2: False
2026-09-11 00:09:32.765 | INFO     | _send_fused_det_msg:762 - 
Publish detect message                
area: 4                 
device: ['L19']                 
distance: 7.721440969175255                 
distance_camera: 9999.0                 
distance_lidar: 7.721440969175255                 
has_object: True                 
has_person: False                 
zone1: True                 
zone2: False
2026-09-11 00:09:32.823 | INFO     | _send_fused_det_msg:762 - 
Publish detect message                
area: 4                 
device: ['L19']                 
distance: 7.721440969175255                 
distance_camera: 9999.0                 
distance_lidar: 7.721440969175255                 
has_object: True                 
has_person: False                 
zone1: True                 
zone2: False
2026-09-11 00:09:32.854 | WARNING  | _lidar_callback:367 - lidar 11 det distance 9.209623281640443 area 4
2026-09-11 00:09:32.859 | INFO     | _send_fused_det_msg:762 - 
Publish detect message                
area: 4                 
device: ['L19']                 
distance: 9.209623281640443                 
distance_camera: 9999.0                 
distance_lidar: 9.209623281640443                 
has_object: True                 
has_person: False                 
zone1: True                 
zone2: False
2026-09-11 00:09:32.919 | INFO     | _send_fused_det_msg:762 - 
Publish detect message                
area: 4                 
device: ['L19']                 
distance: 9.209623281640443                 
distance_camera: 9999.0                 
distance_lidar: 9.209623281640443                 
has_object: True                 
has_person: False                 
zone1: True                 
zone2: False
2026-09-11 00:09:32.979 | INFO     | _send_fused_det_msg:762 - 
Publish detect message                
area: 4                 
device: ['L19']                 
distance: 9.209623281640443                 
distance_camera: 9999.0                 
distance_lidar: 9.209623281640443                 
has_object: True                 
has_person: False                 
zone1: True                 
zone2: False
2026-09-11 00:09:33.029 | INFO     | _send_fused_det_msg:762 - 
Publish detect message                
area: 4                 
device: ['L19']                 
distance: 9.209623281640443                 
distance_camera: 9999.0                 
distance_lidar: 9.209623281640443                 
has_object: True                 
has_person: False                 
zone1: True                 
zone2: False
2026-09-11 00:09:33.060 | INFO     | _send_fused_det_msg:762 - 
Publish detect message                
area: 4                 
device: ['L19']                 
distance: 9.209623281640443                 
distance_camera: 9999.0                 
distance_lidar: 9.209623281640443                 
has_object: True                 
has_person: False                 
zone1: True                 
zone2: False
2026-09-11 00:09:33.184 | WARNING  | _lidar_callback:367 - lidar 11 det distance 10.03048537617308 area 4
2026-09-11 00:09:33.191 | INFO     | _send_fused_det_msg:762 - 
Publish detect message                
area: 4                 
device: ['L19']                 
distance: 10.03048537617308                 
distance_camera: 9999.0                 
distance_lidar: 10.03048537617308                 
has_object: True                 
has_person: False                 
zone1: True                 
zone2: False
2026-09-11 00:09:33.217 | INFO     | _send_fused_det_msg:762 - 
Publish detect message                
area: 4                 
device: ['L19']                 
distance: 10.03048537617308                 
distance_camera: 9999.0                 
distance_lidar: 10.03048537617308                 
has_object: True                 
has_person: False                 
zone1: True                 
zone2: False
2026-09-11 00:09:33.244 | INFO     | _send_fused_det_msg:762 - 
Publish detect message                
area: 4                 
device: ['L19']                 
distance: 10.03048537617308                 
distance_camera: 9999.0                 
distance_lidar: 10.03048537617308                 
has_object: True                 
has_person: False                 
zone1: True                 
zone2: False
2026-09-11 00:09:33.309 | INFO     | _send_fused_det_msg:762 - 
Publish detect message                
area: 4                 
device: ['L19']                 
distance: 10.03048537617308                 
distance_camera: 9999.0                 
distance_lidar: 10.03048537617308                 
has_object: True                 
has_person: False                 
zone1: True                 
zone2: False
2026-09-11 00:09:33.371 | INFO     | _send_fused_det_msg:762 - 
Publish detect message                
area: 4                 
device: ['L19']                 
distance: 10.03048537617308                 
distance_camera: 9999.0                 
distance_lidar: 10.03048537617308                 
has_object: True                 
has_person: False                 
zone1: True                 
zone2: False
2026-09-11 00:09:33.405 | INFO     | _send_fused_det_msg:762 - 
Publish detect message                
area: 4                 
device: ['L19']                 
distance: 10.03048537617308                 
distance_camera: 9999.0                 
distance_lidar: 10.03048537617308                 
has_object: True                 
has_person: False                 
zone1: True                 
zone2: False
2026-09-11 00:09:33.479 | INFO     | _send_fused_det_msg:762 - 
Publish detect message                
area: 4                 
device: ['L19']                 
distance: 10.03048537617308                 
distance_camera: 9999.0                 
distance_lidar: 10.03048537617308                 
has_object: True                 
has_person: False                 
zone1: True                 
zone2: False
2026-09-11 00:09:33.521 | INFO     | _send_fused_det_msg:762 - 
Publish detect message                
area: 4                 
device: ['L19']                 
distance: 10.03048537617308                 
distance_camera: 9999.0                 
distance_lidar: 10.03048537617308                 
has_object: True                 
has_person: False                 
zone1: True                 
zone2: False
2026-09-11 00:09:33.618 | WARNING  | _lidar_callback:367 - lidar 11 det distance 10.808175055652596 area 4
2026-09-11 00:09:33.619 | INFO     | _send_fused_det_msg:762 - 
Publish detect message                
area: 4                 
device: ['L19']                 
distance: 10.808175055652596                 
distance_camera: 9999.0                 
distance_lidar: 10.808175055652596                 
has_object: True                 
has_person: False                 
zone1: True                 
zone2: False
2026-09-11 00:09:33.624 | INFO     | _send_fused_det_msg:762 - 
Publish detect message                
area: 4                 
device: ['L19']                 
distance: 10.808175055652596                 
distance_camera: 9999.0                 
distance_lidar: 10.808175055652596                 
has_object: True                 
has_person: False                 
zone1: True                 
zone2: False
2026-09-11 00:09:33.653 | INFO     | _send_fused_det_msg:762 - 
Publish detect message                
area: 4                 
device: ['L19']                 
distance: 10.808175055652596                 
distance_camera: 9999.0                 
distance_lidar: 10.808175055652596                 
has_object: True                 
has_person: False                 
zone1: True                 
zone2: False
2026-09-11 00:09:33.743 | INFO     | _send_fused_det_msg:762 - 
Publish detect message                
area: 4                 
device: ['L19']                 
distance: 10.808175055652596                 
distance_camera: 9999.0                 
distance_lidar: 10.808175055652596                 
has_object: True                 
has_person: False                 
zone1: True                 
zone2: False
2026-09-11 00:09:33.823 | INFO     | _send_fused_det_msg:762 - 
Publish detect message                
area: 4                 
device: ['L19']                 
distance: 10.808175055652596                 
distance_camera: 9999.0                 
distance_lidar: 10.808175055652596                 
has_object: True                 
has_person: False                 
zone1: True                 
zone2: False
2026-09-11 00:09:33.853 | INFO     | _send_fused_det_msg:762 - 
Publish detect message                
area: 4                 
device: ['L19']                 
distance: 10.808175055652596                 
distance_camera: 9999.0                 
distance_lidar: 10.808175055652596                 
has_object: True                 
has_person: False                 
zone1: True                 
zone2: False
2026-09-11 00:09:33.918 | WARNING  | _lidar_callback:367 - lidar 11 det distance 11.904728937066828 area 4
2026-09-11 00:09:33.921 | INFO     | _send_fused_det_msg:762 - 
Publish detect message                
area: 4                 
device: ['L19']                 
distance: 11.904728937066828                 
distance_camera: 9999.0                 
distance_lidar: 11.904728937066828                 
has_object: True                 
has_person: False                 
zone1: True                 
zone2: False
2026-09-11 00:09:33.923 | INFO     | _send_fused_det_msg:762 - 
Publish detect message                
area: 4                 
device: ['L19']                 
distance: 11.904728937066828                 
distance_camera: 9999.0                 
distance_lidar: 11.904728937066828                 
has_object: True                 
has_person: False                 
zone1: True                 
zone2: False
2026-09-11 00:09:34.012 | INFO     | _send_fused_det_msg:762 - 
Publish detect message                
area: 4                 
device: ['L19']                 
distance: 11.904728937066828                 
distance_camera: 9999.0                 
distance_lidar: 11.904728937066828                 
has_object: True                 
has_person: False                 
zone1: True                 
zone2: False
2026-09-11 00:09:34.059 | INFO     | _send_fused_det_msg:762 - 
Publish detect message                
area: 4                 
device: ['L19']                 
distance: 11.904728937066828                 
distance_camera: 9999.0                 
distance_lidar: 11.904728937066828                 
has_object: True                 
has_person: False                 
zone1: True                 
zone2: False
2026-09-11 00:09:34.161 | INFO     | _send_fused_det_msg:762 - 
Publish detect message                
area: 4                 
device: ['L19']                 
distance: 11.904728937066828                 
distance_camera: 9999.0                 
distance_lidar: 11.904728937066828                 
has_object: True                 
has_person: False                 
zone1: True                 
zone2: False
2026-09-11 00:09:34.162 | WARNING  | _lidar_callback:367 - lidar 11 det distance 13.579668179862201 area 4
2026-09-11 00:09:34.167 | INFO     | _send_fused_det_msg:762 - 
Publish detect message                
area: 4                 
device: ['L19']                 
distance: 11.904728937066828                 
distance_camera: 9999.0                 
distance_lidar: 11.904728937066828                 
has_object: True                 
has_person: False                 
zone1: True                 
zone2: False
2026-09-11 00:09:34.172 | INFO     | _send_fused_det_msg:762 - 
Publish detect message                
area: 4                 
device: ['L19']                 
distance: 13.579668179862201                 
distance_camera: 9999.0                 
distance_lidar: 13.579668179862201                 
has_object: True                 
has_person: False                 
zone1: True                 
zone2: False
2026-09-11 00:09:34.263 | INFO     | _send_fused_det_msg:762 - 
Publish detect message                
area: 4                 
device: ['L19']                 
distance: 13.579668179862201                 
distance_camera: 9999.0                 
distance_lidar: 13.579668179862201                 
has_object: True                 
has_person: False                 
zone1: True                 
zone2: False
2026-09-11 00:09:34.294 | INFO     | _send_fused_det_msg:762 - 
Publish detect message                
area: 4                 
device: ['L19']                 
distance: 13.579668179862201                 
distance_camera: 9999.0                 
distance_lidar: 13.579668179862201                 
has_object: True                 
has_person: False                 
zone1: True                 
zone2: False
2026-09-11 00:09:34.421 | INFO     | _send_fused_det_msg:762 - 
Publish detect message                
area: 4                 
device: ['L19']                 
distance: 13.579668179862201                 
distance_camera: 9999.0                 
distance_lidar: 13.579668179862201                 
has_object: True                 
has_person: False                 
zone1: True                 
zone2: False
2026-09-11 00:09:34.470 | WARNING  | _lidar_callback:367 - lidar 11 det distance 13.579668179862201 area 4
2026-09-11 00:09:34.481 | INFO     | _send_fused_det_msg:762 - 
Publish detect message                
area: 4                 
device: ['L19']                 
distance: 13.579668179862201                 
distance_camera: 9999.0                 
distance_lidar: 13.579668179862201                 
has_object: True                 
has_person: False                 
zone1: True                 
zone2: False
2026-09-11 00:09:34.528 | INFO     | _send_fused_det_msg:762 - 
Publish detect message                
area: 4                 
device: ['L19']                 
distance: 13.579668179862201                 
distance_camera: 9999.0                 
distance_lidar: 13.579668179862201                 
has_object: True                 
has_person: False                 
zone1: True                 
zone2: False
2026-09-11 00:09:34.552 | INFO     | _send_fused_det_msg:762 - 
Publish detect message                
area: 4                 
device: ['L19']                 
distance: 13.579668179862201                 
distance_camera: 9999.0                 
distance_lidar: 13.579668179862201                 
has_object: True                 
has_person: False                 
zone1: True                 
zone2: False
2026-09-11 00:09:34.640 | INFO     | _send_fused_det_msg:762 - 
Publish detect message                
area: 4                 
device: ['L19']                 
distance: 13.579668179862201                 
distance_camera: 9999.0                 
distance_lidar: 13.579668179862201                 
has_object: True                 
has_person: False                 
zone1: True                 
zone2: False
2026-09-11 00:09:34.701 | INFO     | _send_fused_det_msg:762 - 
Publish detect message                
area: 4                 
device: ['L19']                 
distance: 13.579668179862201                 
distance_camera: 9999.0                 
distance_lidar: 13.579668179862201                 
has_object: True                 
has_person: False                 
zone1: True                 
zone2: False
2026-09-11 00:09:34.770 | INFO     | _send_fused_det_msg:762 - 
Publish detect message                
area: 4                 
device: ['L19']                 
distance: 13.579668179862201                 
distance_camera: 9999.0                 
distance_lidar: 13.579668179862201                 
has_object: True                 
has_person: False                 
zone1: True                 
zone2: False
2026-09-11 00:09:34.816 | INFO     | _save_collision_detect_data:889 - 保存防撞检测离开点云: /2026-09-11/algl_gantry_collision_detect_package/zone1/11/20260911_000934_leave.pcd
2026-09-11 00:09:34.822 | INFO     | _save_detect_data:820 - 设备11离开区域4的zone1，保存离开数据
2026-09-11 00:09:34.824 | INFO     | _send_fused_det_msg:762 - 
Publish detect message                
area: 4                 
device: []                 
distance: 9999.0                 
distance_camera: 9999.0                 
distance_lidar: 9999.0                 
has_object: False                 
has_person: False                 
zone1: False                 
zone2: False
2026-09-11 00:09:34.862 | INFO     | _send_fused_det_msg:762 - 
Publish detect message                
area: 4                 
device: []                 
distance: 9999.0                 
distance_camera: 9999.0                 
distance_lidar: 9999.0                 
has_object: False                 
has_person: False                 
zone1: False                 
zone2: False
2026-09-11 00:09:34.921 | INFO     | _send_fused_det_msg:762 - 
Publish detect message                
area: 4                 
device: []                 
distance: 9999.0                 
distance_camera: 9999.0                 
distance_lidar: 9999.0                 
has_object: False                 
has_person: False                 
zone1: False                 
zone2: False
2026-09-11 00:14:06.991 | INFO     | _result_done_callback:281 - [gantry_collision_seg] Received Done result: rtg_algorithm_interfaces.action.StreamAction_Result(success=True, message='Worker completed successfully.')
2026-09-11 00:14:07.033 | INFO     | _send_goal:186 - [gantry_collision_seg] Waiting for action server '/action/gantry_collision_seg'...
2026-09-11 00:14:07.034 | INFO     | _send_goal:207 - [gantry_collision_seg] Action server '/action/gantry_collision_seg' is available. Sending goal...
2026-09-11 00:14:07.094 | INFO     | _goal_response_callback:256 - [gantry_collision_seg] Goal accepted :)
2026-09-11 00:22:20.951 | INFO     | _result_done_callback:281 - [gantry_collision_seg] Received Done result: rtg_algorithm_interfaces.action.StreamAction_Result(success=True, message='Worker completed successfully.')
2026-09-11 00:22:21.043 | INFO     | _send_goal:186 - [gantry_collision_seg] Waiting for action server '/action/gantry_collision_seg'...
2026-09-11 00:22:21.044 | INFO     | _send_goal:207 - [gantry_collision_seg] Action server '/action/gantry_collision_seg' is available. Sending goal...
2026-09-11 00:22:21.068 | INFO     | _goal_response_callback:256 - [gantry_collision_seg] Goal accepted :)
2026-09-11 00:23:58.974 | INFO     | _result_done_callback:281 - [gantry_collision_seg] Received Done result: rtg_algorithm_interfaces.action.StreamAction_Result(success=True, message='Worker completed successfully.')
2026-09-11 00:23:59.032 | INFO     | _send_goal:186 - [gantry_collision_seg] Waiting for action server '/action/gantry_collision_seg'...
2026-09-11 00:23:59.034 | INFO     | _send_goal:207 - [gantry_collision_seg] Action server '/action/gantry_collision_seg' is available. Sending goal...
2026-09-11 00:23:59.039 | INFO     | _goal_response_callback:256 - [gantry_collision_seg] Goal accepted :)
2026-09-11 00:24:42.953 | INFO     | _result_done_callback:281 - [gantry_collision_seg] Received Done result: rtg_algorithm_interfaces.action.StreamAction_Result(success=True, message='Worker completed successfully.')
2026-09-11 00:24:43.037 | INFO     | _send_goal:186 - [gantry_collision_seg] Waiting for action server '/action/gantry_collision_seg'...
2026-09-11 00:24:43.043 | INFO     | _send_goal:207 - [gantry_collision_seg] Action server '/action/gantry_collision_seg' is available. Sending goal...
2026-09-11 00:24:43.059 | INFO     | _goal_response_callback:256 - [gantry_collision_seg] Goal accepted :)
2026-09-11 00:32:54.995 | INFO     | _result_done_callback:281 - [gantry_collision_seg] Received Done result: rtg_algorithm_interfaces.action.StreamAction_Result(success=True, message='Worker completed successfully.')
2026-09-11 00:32:55.040 | INFO     | _send_goal:186 - [gantry_collision_seg] Waiting for action server '/action/gantry_collision_seg'...
2026-09-11 00:32:55.041 | INFO     | _send_goal:207 - [gantry_collision_seg] Action server '/action/gantry_collision_seg' is available. Sending goal...
2026-09-11 00:32:55.056 | INFO     | _goal_response_callback:256 - [gantry_collision_seg] Goal accepted :)
2026-09-11 00:33:59.007 | INFO     | _result_done_callback:281 - [gantry_collision_seg] Received Done result: rtg_algorithm_interfaces.action.StreamAction_Result(success=True, message='Worker completed successfully.')
2026-09-11 00:33:59.044 | INFO     | _send_goal:186 - [gantry_collision_seg] Waiting for action server '/action/gantry_collision_seg'...
2026-09-11 00:33:59.045 | INFO     | _send_goal:207 - [gantry_collision_seg] Action server '/action/gantry_collision_seg' is available. Sending goal...
2026-09-11 00:33:59.057 | INFO     | _goal_response_callback:256 - [gantry_collision_seg] Goal accepted :)
2026-09-11 00:35:10.966 | INFO     | _result_done_callback:281 - [gantry_collision_seg] Received Done result: rtg_algorithm_interfaces.action.StreamAction_Result(success=True, message='Worker completed successfully.')
2026-09-11 00:35:11.041 | INFO     | _send_goal:186 - [gantry_collision_seg] Waiting for action server '/action/gantry_collision_seg'...
2026-09-11 00:35:11.046 | INFO     | _send_goal:207 - [gantry_collision_seg] Action server '/action/gantry_collision_seg' is available. Sending goal...
2026-09-11 00:35:11.082 | INFO     | _goal_response_callback:256 - [gantry_collision_seg] Goal accepted :)
2026-09-11 00:37:08.960 | INFO     | _result_done_callback:281 - [gantry_collision_seg] Received Done result: rtg_algorithm_interfaces.action.StreamAction_Result(success=True, message='Worker completed successfully.')
2026-09-11 00:37:09.032 | INFO     | _send_goal:186 - [gantry_collision_seg] Waiting for action server '/action/gantry_collision_seg'...
2026-09-11 00:37:09.036 | INFO     | _send_goal:207 - [gantry_collision_seg] Action server '/action/gantry_collision_seg' is available. Sending goal...
2026-09-11 00:37:09.044 | INFO     | _goal_response_callback:256 - [gantry_collision_seg] Goal accepted :)
2026-09-11 00:37:37.006 | INFO     | _result_done_callback:281 - [gantry_collision_seg] Received Done result: rtg_algorithm_interfaces.action.StreamAction_Result(success=True, message='Worker completed successfully.')
2026-09-11 00:37:37.040 | INFO     | _send_goal:186 - [gantry_collision_seg] Waiting for action server '/action/gantry_collision_seg'...
2026-09-11 00:37:37.041 | INFO     | _send_goal:207 - [gantry_collision_seg] Action server '/action/gantry_collision_seg' is available. Sending goal...
2026-09-11 00:37:37.046 | INFO     | _goal_response_callback:256 - [gantry_collision_seg] Goal accepted :)
2026-09-11 00:38:15.029 | INFO     | _result_done_callback:281 - [gantry_collision_seg] Received Done result: rtg_algorithm_interfaces.action.StreamAction_Result(success=True, message='Worker completed successfully.')
2026-09-11 00:38:15.034 | INFO     | _send_goal:186 - [gantry_collision_seg] Waiting for action server '/action/gantry_collision_seg'...
2026-09-11 00:38:15.041 | INFO     | _send_goal:207 - [gantry_collision_seg] Action server '/action/gantry_collision_seg' is available. Sending goal...
2026-09-11 00:38:15.052 | INFO     | _goal_response_callback:256 - [gantry_collision_seg] Goal accepted :)
2026-09-11 00:38:48.962 | INFO     | _result_done_callback:281 - [gantry_collision_seg] Received Done result: rtg_algorithm_interfaces.action.StreamAction_Result(success=True, message='Worker completed successfully.')
2026-09-11 00:38:49.034 | INFO     | _send_goal:186 - [gantry_collision_seg] Waiting for action server '/action/gantry_collision_seg'...
2026-09-11 00:38:49.036 | INFO     | _send_goal:207 - [gantry_collision_seg] Action server '/action/gantry_collision_seg' is available. Sending goal...
2026-09-11 00:38:49.040 | INFO     | _goal_response_callback:256 - [gantry_collision_seg] Goal accepted :)
2026-09-11 00:39:52.960 | INFO     | _result_done_callback:281 - [gantry_collision_seg] Received Done result: rtg_algorithm_interfaces.action.StreamAction_Result(success=True, message='Worker completed successfully.')
2026-09-11 00:39:53.038 | INFO     | _send_goal:186 - [gantry_collision_seg] Waiting for action server '/action/gantry_collision_seg'...
2026-09-11 00:39:53.040 | INFO     | _send_goal:207 - [gantry_collision_seg] Action server '/action/gantry_collision_seg' is available. Sending goal...
2026-09-11 00:39:53.049 | INFO     | _goal_response_callback:256 - [gantry_collision_seg] Goal accepted :)
2026-09-11 00:40:41.119 | INFO     | _get_distance:432 - 【gantry_collision】float(3.180713955921042e-12)*235**4 + float(-4.376907435225968e-09)*235**3 + float(-8.769731409162894e-08)*235**2 + float(0.006377065813089708)*235 + float(0.06604593877479292)
2026-09-11 00:40:41.122 | INFO     | _send_fused_det_msg:762 - 
Publish detect message                
area: 4                 
device: ['C19']                 
distance: 1.512710906509945                 
distance_camera: 1.512710906509945                 
distance_lidar: 9999.0                 
has_object: True                 
has_person: True                 
zone1: False                 
zone2: True
2026-09-11 00:40:41.122 | WARNING  | _action_collision_callback:330 - 
相机综合检测结果                                         
设备ID: C19                                         
区域代码: 4                                         
物体在区域内: True                                         
减速区域：False                                         
停止区域：True                                         
有物体: True                                         
有行人: True                                         
置信度: 0.950                                         
最近距离: 1.513 m                                         
相交面积: 13727.000                                         
相交比例: 0.127                                         
物体类型: person                                         
最终耗时: 163.832 ms 
2026-09-11 00:40:41.226 | INFO     | _send_fused_det_msg:762 - 
Publish detect message                
area: 4                 
device: ['C19']                 
distance: 1.512710906509945                 
distance_camera: 1.512710906509945                 
distance_lidar: 9999.0                 
has_object: True                 
has_person: True                 
zone1: False                 
zone2: True
2026-09-11 00:40:41.313 | INFO     | _send_fused_det_msg:762 - 
Publish detect message                
area: 4                 
device: ['C19']                 
distance: 1.512710906509945                 
distance_camera: 1.512710906509945                 
distance_lidar: 9999.0                 
has_object: True                 
has_person: True                 
zone1: False                 
zone2: True
2026-09-11 00:40:41.668 | INFO     | _save_collision_detect_data:868 - 保存防撞检测进入图像: /2026-09-11/algl_gantry_collision_detect_package/zone2/30/20260911_004040.jpg
2026-09-11 00:40:41.671 | INFO     | _send_fused_det_msg:762 - 
Publish detect message                
area: 4                 
device: ['C19']                 
distance: 1.512710906509945                 
distance_camera: 1.512710906509945                 
distance_lidar: 9999.0                 
has_object: True                 
has_person: True                 
zone1: False                 
zone2: True
2026-09-11 00:40:41.672 | INFO     | _save_detect_data:818 - 设备30进入区域4的zone2，保存进入数据
2026-09-11 00:40:41.719 | INFO     | _get_distance:432 - 【gantry_collision】float(3.180713955921042e-12)*233**4 + float(-4.376907435225968e-09)*233**3 + float(-8.769731409162894e-08)*233**2 + float(0.006377065813089708)*233 + float(0.06604593877479292)
2026-09-11 00:40:41.722 | INFO     | _send_fused_det_msg:762 - 
Publish detect message                
area: 4                 
device: ['C19']                 
distance: 1.5011508005698637                 
distance_camera: 1.5011508005698637                 
distance_lidar: 9999.0                 
has_object: True                 
has_person: True                 
zone1: False                 
zone2: True
2026-09-11 00:40:41.724 | WARNING  | _action_collision_callback:330 - 
相机综合检测结果                                         
设备ID: C19                                         
区域代码: 4                                         
物体在区域内: True                                         
减速区域：False                                         
停止区域：True                                         
有物体: True                                         
有行人: True                                         
置信度: 0.893                                         
最近距离: 1.501 m                                         
相交面积: 13280.000                                         
相交比例: 0.142                                         
物体类型: person                                         
最终耗时: 608.358 ms 
2026-09-11 00:40:41.729 | INFO     | _send_fused_det_msg:762 - 
Publish detect message                
area: 4                 
device: ['C19']                 
distance: 1.5011508005698637                 
distance_camera: 1.5011508005698637                 
distance_lidar: 9999.0                 
has_object: True                 
has_person: True                 
zone1: False                 
zone2: True
2026-09-11 00:40:41.782 | INFO     | _send_fused_det_msg:762 - 
Publish detect message                
area: 4                 
device: ['C19']                 
distance: 1.5011508005698637                 
distance_camera: 1.5011508005698637                 
distance_lidar: 9999.0                 
has_object: True                 
has_person: True                 
zone1: False                 
zone2: True
2026-09-11 00:40:41.784 | INFO     | _get_distance:432 - 【gantry_collision】float(3.180713955921042e-12)*96**4 + float(-4.376907435225968e-09)*96**3 + float(-8.769731409162894e-08)*96**2 + float(0.006377065813089708)*96 + float(0.06604593877479292)
2026-09-11 00:40:41.785 | INFO     | _send_fused_det_msg:762 - 
Publish detect message                
area: 4                 
device: ['C19']                 
distance: 0.6738337836538049                 
distance_camera: 0.6738337836538049                 
distance_lidar: 9999.0                 
has_object: True                 
has_person: True                 
zone1: False                 
zone2: True
2026-09-11 00:40:41.792 | WARNING  | _action_collision_callback:330 - 
相机综合检测结果                                         
设备ID: C19                                         
区域代码: 4                                         
物体在区域内: True                                         
减速区域：False                                         
停止区域：True                                         
有物体: True                                         
有行人: True                                         
置信度: 0.916                                         
最近距离: 0.674 m                                         
相交面积: 16382.000                                         
相交比例: 0.164                                         
物体类型: person                                         
最终耗时: 351.032 ms 
2026-09-11 00:40:41.816 | INFO     | _get_distance:432 - 【gantry_collision】float(3.180713955921042e-12)*69**4 + float(-4.376907435225968e-09)*69**3 + float(-8.769731409162894e-08)*69**2 + float(0.006377065813089708)*69 + float(0.06604593877479292)
2026-09-11 00:40:41.818 | INFO     | _send_fused_det_msg:762 - 
Publish detect message                
area: 4                 
device: ['C19']                 
distance: 0.5042801971090591                 
distance_camera: 0.5042801971090591                 
distance_lidar: 9999.0                 
has_object: True                 
has_person: True                 
zone1: False                 
zone2: True
2026-09-11 00:40:41.819 | WARNING  | _action_collision_callback:330 - 
相机综合检测结果                                         
设备ID: C19                                         
区域代码: 4                                         
物体在区域内: True                                         
减速区域：False                                         
停止区域：True                                         
有物体: True                                         
有行人: True                                         
置信度: 0.855                                         
最近距离: 0.504 m                                         
相交面积: 13347.000                                         
相交比例: 0.143                                         
物体类型: person                                         
最终耗时: 216.657 ms 
2026-09-11 00:40:41.937 | INFO     | _send_fused_det_msg:762 - 
Publish detect message                
area: 4                 
device: ['C19']                 
distance: 0.5042801971090591                 
distance_camera: 0.5042801971090591                 
distance_lidar: 9999.0                 
has_object: True                 
has_person: True                 
zone1: False                 
zone2: True
2026-09-11 00:40:42.060 | INFO     | _send_fused_det_msg:762 - 
Publish detect message                
area: 4                 
device: ['C19']                 
distance: 0.5042801971090591                 
distance_camera: 0.5042801971090591                 
distance_lidar: 9999.0                 
has_object: True                 
has_person: True                 
zone1: False                 
zone2: True
2026-09-11 00:40:42.140 | INFO     | _send_fused_det_msg:762 - 
Publish detect message                
area: 4                 
device: ['C19']                 
distance: 0.5042801971090591                 
distance_camera: 0.5042801971090591                 
distance_lidar: 9999.0                 
has_object: True                 
has_person: True                 
zone1: False                 
zone2: True
2026-09-11 00:40:42.192 | INFO     | _send_fused_det_msg:762 - 
Publish detect message                
area: 4                 
device: ['C19']                 
distance: 0.5042801971090591                 
distance_camera: 0.5042801971090591                 
distance_lidar: 9999.0                 
has_object: True                 
has_person: True                 
zone1: False                 
zone2: True
2026-09-11 00:40:42.320 | INFO     | _send_fused_det_msg:762 - 
Publish detect message                
area: 4                 
device: ['C19']                 
distance: 0.5042801971090591                 
distance_camera: 0.5042801971090591                 
distance_lidar: 9999.0                 
has_object: True                 
has_person: True                 
zone1: False                 
zone2: True
2026-09-11 00:40:42.407 | INFO     | _send_fused_det_msg:762 - 
Publish detect message                
area: 4                 
device: ['C19']                 
distance: 0.5042801971090591                 
distance_camera: 0.5042801971090591                 
distance_lidar: 9999.0                 
has_object: True                 
has_person: True                 
zone1: False                 
zone2: True
2026-09-11 00:40:42.421 | INFO     | _send_fused_det_msg:762 - 
Publish detect message                
area: 4                 
device: ['C19']                 
distance: 0.5042801971090591                 
distance_camera: 0.5042801971090591                 
distance_lidar: 9999.0                 
has_object: True                 
has_person: True                 
zone1: False                 
zone2: True
2026-09-11 00:40:42.491 | INFO     | _send_fused_det_msg:762 - 
Publish detect message                
area: 4                 
device: ['C19']                 
distance: 0.5042801971090591                 
distance_camera: 0.5042801971090591                 
distance_lidar: 9999.0                 
has_object: True                 
has_person: True                 
zone1: False                 
zone2: True
2026-09-11 00:40:42.494 | INFO     | _send_fused_det_msg:762 - 
Publish detect message                
area: 4                 
device: ['C19']                 
distance: 0.5042801971090591                 
distance_camera: 0.5042801971090591                 
distance_lidar: 9999.0                 
has_object: True                 
has_person: True                 
zone1: False                 
zone2: True
2026-09-11 00:40:42.612 | INFO     | _send_fused_det_msg:762 - 
Publish detect message                
area: 4                 
device: ['C19']                 
distance: 0.5042801971090591                 
distance_camera: 0.5042801971090591                 
distance_lidar: 9999.0                 
has_object: True                 
has_person: True                 
zone1: False                 
zone2: True
2026-09-11 00:40:42.643 | INFO     | _send_fused_det_msg:762 - 
Publish detect message                
area: 4                 
device: ['C19']                 
distance: 0.5042801971090591                 
distance_camera: 0.5042801971090591                 
distance_lidar: 9999.0                 
has_object: True                 
has_person: True                 
zone1: False                 
zone2: True
2026-09-11 00:40:42.706 | INFO     | _send_fused_det_msg:762 - 
Publish detect message                
area: 4                 
device: ['C19']                 
distance: 0.5042801971090591                 
distance_camera: 0.5042801971090591                 
distance_lidar: 9999.0                 
has_object: True                 
has_person: True                 
zone1: False                 
zone2: True
2026-09-11 00:40:42.828 | INFO     | _send_fused_det_msg:762 - 
Publish detect message                
area: 4                 
device: ['C19']                 
distance: 0.5042801971090591                 
distance_camera: 0.5042801971090591                 
distance_lidar: 9999.0                 
has_object: True                 
has_person: True                 
zone1: False                 
zone2: True
2026-09-11 00:40:42.937 | INFO     | _send_fused_det_msg:762 - 
Publish detect message                
area: 4                 
device: ['C19']                 
distance: 0.5042801971090591                 
distance_camera: 0.5042801971090591                 
distance_lidar: 9999.0                 
has_object: True                 
has_person: True                 
zone1: False                 
zone2: True
2026-09-11 00:40:42.956 | INFO     | _send_fused_det_msg:762 - 
Publish detect message                
area: 4                 
device: ['C19']                 
distance: 0.5042801971090591                 
distance_camera: 0.5042801971090591                 
distance_lidar: 9999.0                 
has_object: True                 
has_person: True                 
zone1: False                 
zone2: True
2026-09-11 00:40:42.962 | INFO     | _send_fused_det_msg:762 - 
Publish detect message                
area: 4                 
device: ['C19']                 
distance: 0.5042801971090591                 
distance_camera: 0.5042801971090591                 
distance_lidar: 9999.0                 
has_object: True                 
has_person: True                 
zone1: False                 
zone2: True
2026-09-11 00:40:43.030 | INFO     | _send_fused_det_msg:762 - 
Publish detect message                
area: 4                 
device: ['C19']                 
distance: 0.5042801971090591                 
distance_camera: 0.5042801971090591                 
distance_lidar: 9999.0                 
has_object: True                 
has_person: True                 
zone1: False                 
zone2: True
2026-09-11 00:40:43.097 | INFO     | _send_fused_det_msg:762 - 
Publish detect message                
area: 4                 
device: ['C19']                 
distance: 0.5042801971090591                 
distance_camera: 0.5042801971090591                 
distance_lidar: 9999.0                 
has_object: True                 
has_person: True                 
zone1: False                 
zone2: True
2026-09-11 00:40:43.121 | INFO     | _send_fused_det_msg:762 - 
Publish detect message                
area: 4                 
device: ['C19']                 
distance: 0.5042801971090591                 
distance_camera: 0.5042801971090591                 
distance_lidar: 9999.0                 
has_object: True                 
has_person: True                 
zone1: False                 
zone2: True
2026-09-11 00:40:43.191 | INFO     | _send_fused_det_msg:762 - 
Publish detect message                
area: 4                 
device: ['C19']                 
distance: 0.5042801971090591                 
distance_camera: 0.5042801971090591                 
distance_lidar: 9999.0                 
has_object: True                 
has_person: True                 
zone1: False                 
zone2: True
2026-09-11 00:40:43.246 | INFO     | _send_fused_det_msg:762 - 
Publish detect message                
area: 4                 
device: ['C19']                 
distance: 0.5042801971090591                 
distance_camera: 0.5042801971090591                 
distance_lidar: 9999.0                 
has_object: True                 
has_person: True                 
zone1: False                 
zone2: True
2026-09-11 00:40:43.307 | INFO     | _send_fused_det_msg:762 - 
Publish detect message                
area: 4                 
device: ['C19']                 
distance: 0.5042801971090591                 
distance_camera: 0.5042801971090591                 
distance_lidar: 9999.0                 
has_object: True                 
has_person: True                 
zone1: False                 
zone2: True
2026-09-11 00:40:43.470 | INFO     | _send_fused_det_msg:762 - 
Publish detect message                
area: 4                 
device: ['C19']                 
distance: 0.5042801971090591                 
distance_camera: 0.5042801971090591                 
distance_lidar: 9999.0                 
has_object: True                 
has_person: True                 
zone1: False                 
zone2: True
2026-09-11 00:40:43.480 | INFO     | _send_fused_det_msg:762 - 
Publish detect message                
area: 4                 
device: ['C19']                 
distance: 0.5042801971090591                 
distance_camera: 0.5042801971090591                 
distance_lidar: 9999.0                 
has_object: True                 
has_person: True                 
zone1: False                 
zone2: True
2026-09-11 00:40:43.511 | INFO     | _send_fused_det_msg:762 - 
Publish detect message                
area: 4                 
device: ['C19']                 
distance: 0.5042801971090591                 
distance_camera: 0.5042801971090591                 
distance_lidar: 9999.0                 
has_object: True                 
has_person: True                 
zone1: False                 
zone2: True
2026-09-11 00:40:43.603 | INFO     | _send_fused_det_msg:762 - 
Publish detect message                
area: 4                 
device: ['C19']                 
distance: 0.5042801971090591                 
distance_camera: 0.5042801971090591                 
distance_lidar: 9999.0                 
has_object: True                 
has_person: True                 
zone1: False                 
zone2: True
2026-09-11 00:40:43.641 | INFO     | _send_fused_det_msg:762 - 
Publish detect message                
area: 4                 
device: ['C19']                 
distance: 0.5042801971090591                 
distance_camera: 0.5042801971090591                 
distance_lidar: 9999.0                 
has_object: True                 
has_person: True                 
zone1: False                 
zone2: True
2026-09-11 00:40:43.679 | INFO     | _send_fused_det_msg:762 - 
Publish detect message                
area: 4                 
device: ['C19']                 
distance: 0.5042801971090591                 
distance_camera: 0.5042801971090591                 
distance_lidar: 9999.0                 
has_object: True                 
has_person: True                 
zone1: False                 
zone2: True
2026-09-11 00:40:43.778 | INFO     | _send_fused_det_msg:762 - 
Publish detect message                
area: 4                 
device: ['C19']                 
distance: 0.5042801971090591                 
distance_camera: 0.5042801971090591                 
distance_lidar: 9999.0                 
has_object: True                 
has_person: True                 
zone1: False                 
zone2: True
2026-09-11 00:40:43.780 | INFO     | _send_fused_det_msg:762 - 
Publish detect message                
area: 4                 
device: ['C19']                 
distance: 0.5042801971090591                 
distance_camera: 0.5042801971090591                 
distance_lidar: 9999.0                 
has_object: True                 
has_person: True                 
zone1: False                 
zone2: True
2026-09-11 00:40:43.938 | INFO     | _send_fused_det_msg:762 - 
Publish detect message                
area: 4                 
device: ['C19']                 
distance: 0.5042801971090591                 
distance_camera: 0.5042801971090591                 
distance_lidar: 9999.0                 
has_object: True                 
has_person: True                 
zone1: False                 
zone2: True
2026-09-11 00:40:43.978 | INFO     | _send_fused_det_msg:762 - 
Publish detect message                
area: 4                 
device: ['C19']                 
distance: 0.5042801971090591                 
distance_camera: 0.5042801971090591                 
distance_lidar: 9999.0                 
has_object: True                 
has_person: True                 
zone1: False                 
zone2: True
2026-09-11 00:40:44.094 | INFO     | _send_fused_det_msg:762 - 
Publish detect message                
area: 4                 
device: ['C19']                 
distance: 0.5042801971090591                 
distance_camera: 0.5042801971090591                 
distance_lidar: 9999.0                 
has_object: True                 
has_person: True                 
zone1: False                 
zone2: True
2026-09-11 00:40:44.126 | INFO     | _send_fused_det_msg:762 - 
Publish detect message                
area: 4                 
device: ['C19']                 
distance: 0.5042801971090591                 
distance_camera: 0.5042801971090591                 
distance_lidar: 9999.0                 
has_object: True                 
has_person: True                 
zone1: False                 
zone2: True
2026-09-11 00:40:44.287 | INFO     | _send_fused_det_msg:762 - 
Publish detect message                
area: 4                 
device: ['C19']                 
distance: 0.5042801971090591                 
distance_camera: 0.5042801971090591                 
distance_lidar: 9999.0                 
has_object: True                 
has_person: True                 
zone1: False                 
zone2: True
2026-09-11 00:40:44.305 | INFO     | _send_fused_det_msg:762 - 
Publish detect message                
area: 4                 
device: ['C19']                 
distance: 0.5042801971090591                 
distance_camera: 0.5042801971090591                 
distance_lidar: 9999.0                 
has_object: True                 
has_person: True                 
zone1: False                 
zone2: True
2026-09-11 00:40:44.313 | INFO     | _send_fused_det_msg:762 - 
Publish detect message                
area: 4                 
device: ['C19']                 
distance: 0.5042801971090591                 
distance_camera: 0.5042801971090591                 
distance_lidar: 9999.0                 
has_object: True                 
has_person: True                 
zone1: False                 
zone2: True
2026-09-11 00:40:44.508 | INFO     | _send_fused_det_msg:762 - 
Publish detect message                
area: 4                 
device: ['C19']                 
distance: 0.5042801971090591                 
distance_camera: 0.5042801971090591                 
distance_lidar: 9999.0                 
has_object: True                 
has_person: True                 
zone1: False                 
zone2: True
2026-09-11 00:40:44.624 | INFO     | _send_fused_det_msg:762 - 
Publish detect message                
area: 4                 
device: ['C19']                 
distance: 0.5042801971090591                 
distance_camera: 0.5042801971090591                 
distance_lidar: 9999.0                 
has_object: True                 
has_person: True                 
zone1: False                 
zone2: True
2026-09-11 00:40:44.640 | INFO     | _send_fused_det_msg:762 - 
Publish detect message                
area: 4                 
device: ['C19']                 
distance: 0.5042801971090591                 
distance_camera: 0.5042801971090591                 
distance_lidar: 9999.0                 
has_object: True                 
has_person: True                 
zone1: False                 
zone2: True
2026-09-11 00:40:44.673 | INFO     | _send_fused_det_msg:762 - 
Publish detect message                
area: 4                 
device: ['C19']                 
distance: 0.5042801971090591                 
distance_camera: 0.5042801971090591                 
distance_lidar: 9999.0                 
has_object: True                 
has_person: True                 
zone1: False                 
zone2: True
2026-09-11 00:40:44.720 | INFO     | _send_fused_det_msg:762 - 
Publish detect message                
area: 4                 
device: ['C19']                 
distance: 0.5042801971090591                 
distance_camera: 0.5042801971090591                 
distance_lidar: 9999.0                 
has_object: True                 
has_person: True                 
zone1: False                 
zone2: True
2026-09-11 00:40:44.817 | INFO     | _send_fused_det_msg:762 - 
Publish detect message                
area: 4                 
device: ['C19']                 
distance: 0.5042801971090591                 
distance_camera: 0.5042801971090591                 
distance_lidar: 9999.0                 
has_object: True                 
has_person: True                 
zone1: False                 
zone2: True
2026-09-11 00:40:44.875 | INFO     | _send_fused_det_msg:762 - 
Publish detect message                
area: 4                 
device: ['C19']                 
distance: 0.5042801971090591                 
distance_camera: 0.5042801971090591                 
distance_lidar: 9999.0                 
has_object: True                 
has_person: True                 
zone1: False                 
zone2: True
2026-09-11 00:40:44.964 | INFO     | _send_fused_det_msg:762 - 
Publish detect message                
area: 4                 
device: ['C19']                 
distance: 0.5042801971090591                 
distance_camera: 0.5042801971090591                 
distance_lidar: 9999.0                 
has_object: True                 
has_person: True                 
zone1: False                 
zone2: True
2026-09-11 00:40:44.982 | INFO     | _send_fused_det_msg:762 - 
Publish detect message                
area: 4                 
device: ['C19']                 
distance: 0.5042801971090591                 
distance_camera: 0.5042801971090591                 
distance_lidar: 9999.0                 
has_object: True                 
has_person: True                 
zone1: False                 
zone2: True
2026-09-11 00:40:45.084 | INFO     | _send_fused_det_msg:762 - 
Publish detect message                
area: 4                 
device: ['C19']                 
distance: 0.5042801971090591                 
distance_camera: 0.5042801971090591                 
distance_lidar: 9999.0                 
has_object: True                 
has_person: True                 
zone1: False                 
zone2: True
2026-09-11 00:40:45.127 | INFO     | _send_fused_det_msg:762 - 
Publish detect message                
area: 4                 
device: ['C19']                 
distance: 0.5042801971090591                 
distance_camera: 0.5042801971090591                 
distance_lidar: 9999.0                 
has_object: True                 
has_person: True                 
zone1: False                 
zone2: True
2026-09-11 00:40:45.141 | INFO     | _send_fused_det_msg:762 - 
Publish detect message                
area: 4                 
device: ['C19']                 
distance: 0.5042801971090591                 
distance_camera: 0.5042801971090591                 
distance_lidar: 9999.0                 
has_object: True                 
has_person: True                 
zone1: False                 
zone2: True
2026-09-11 00:40:45.207 | INFO     | _send_fused_det_msg:762 - 
Publish detect message                
area: 4                 
device: ['C19']                 
distance: 0.5042801971090591                 
distance_camera: 0.5042801971090591                 
distance_lidar: 9999.0                 
has_object: True                 
has_person: True                 
zone1: False                 
zone2: True
2026-09-11 00:40:45.242 | INFO     | _send_fused_det_msg:762 - 
Publish detect message                
area: 4                 
device: ['C19']                 
distance: 0.5042801971090591                 
distance_camera: 0.5042801971090591                 
distance_lidar: 9999.0                 
has_object: True                 
has_person: True                 
zone1: False                 
zone2: True
2026-09-11 00:40:45.323 | INFO     | _send_fused_det_msg:762 - 
Publish detect message                
area: 4                 
device: ['C19']                 
distance: 0.5042801971090591                 
distance_camera: 0.5042801971090591                 
distance_lidar: 9999.0                 
has_object: True                 
has_person: True                 
zone1: False                 
zone2: True
2026-09-11 00:40:45.327 | INFO     | _send_fused_det_msg:762 - 
Publish detect message                
area: 4                 
device: ['C19']                 
distance: 0.5042801971090591                 
distance_camera: 0.5042801971090591                 
distance_lidar: 9999.0                 
has_object: True                 
has_person: True                 
zone1: False                 
zone2: True
2026-09-11 00:40:45.421 | INFO     | _send_fused_det_msg:762 - 
Publish detect message                
area: 4                 
device: ['C19']                 
distance: 0.5042801971090591                 
distance_camera: 0.5042801971090591                 
distance_lidar: 9999.0                 
has_object: True                 
has_person: True                 
zone1: False                 
zone2: True
2026-09-11 00:40:45.497 | INFO     | _send_fused_det_msg:762 - 
Publish detect message                
area: 4                 
device: ['C19']                 
distance: 0.5042801971090591                 
distance_camera: 0.5042801971090591                 
distance_lidar: 9999.0                 
has_object: True                 
has_person: True                 
zone1: False                 
zone2: True
2026-09-11 00:40:45.519 | INFO     | _send_fused_det_msg:762 - 
Publish detect message                
area: 4                 
device: ['C19']                 
distance: 0.5042801971090591                 
distance_camera: 0.5042801971090591                 
distance_lidar: 9999.0                 
has_object: True                 
has_person: True                 
zone1: False                 
zone2: True
2026-09-11 00:40:45.521 | WARNING  | _action_collision_callback:330 - 
相机综合检测结果                                         
设备ID: C19                                         
区域代码: 4                                         
物体在区域内: False                                         
减速区域：False                                         
停止区域：True                                         
有物体: True                                         
有行人: True                                         
置信度: 0.855                                         
最近距离: 0.504 m                                         
相交面积: 0.000                                         
相交比例: 0.000                                         
物体类型: person                                         
最终耗时: 167.013 ms （已离开区域保持状态中）
2026-09-11 00:40:45.574 | INFO     | _send_fused_det_msg:762 - 
Publish detect message                
area: 4                 
device: ['C19']                 
distance: 0.5042801971090591                 
distance_camera: 0.5042801971090591                 
distance_lidar: 9999.0                 
has_object: True                 
has_person: True                 
zone1: False                 
zone2: True
2026-09-11 00:40:45.575 | WARNING  | _action_collision_callback:330 - 
相机综合检测结果                                         
设备ID: C19                                         
区域代码: 4                                         
物体在区域内: False                                         
减速区域：False                                         
停止区域：True                                         
有物体: True                                         
有行人: True                                         
置信度: 0.855                                         
最近距离: 0.504 m                                         
相交面积: 0.000                                         
相交比例: 0.000                                         
物体类型: person                                         
最终耗时: 157.327 ms （已离开区域保持状态中）
2026-09-11 00:40:45.714 | INFO     | _send_fused_det_msg:762 - 
Publish detect message                
area: 4                 
device: ['C19']                 
distance: 0.5042801971090591                 
distance_camera: 0.5042801971090591                 
distance_lidar: 9999.0                 
has_object: True                 
has_person: True                 
zone1: False                 
zone2: True
2026-09-11 00:40:45.715 | WARNING  | _action_collision_callback:330 - 
相机综合检测结果                                         
设备ID: C19                                         
区域代码: 4                                         
物体在区域内: False                                         
减速区域：False                                         
停止区域：True                                         
有物体: True                                         
有行人: True                                         
置信度: 0.855                                         
最近距离: 0.504 m                                         
相交面积: 0.000                                         
相交比例: 0.000                                         
物体类型: person                                         
最终耗时: 232.177 ms （已离开区域保持状态中）
2026-09-11 00:40:45.818 | INFO     | _save_collision_detect_data:868 - 保存防撞检测离开图像: /2026-09-11/algl_gantry_collision_detect_package/zone2/30/20260911_004045_leave.jpg
2026-09-11 00:40:45.823 | INFO     | _send_fused_det_msg:762 - 
Publish detect message                
area: 4                 
device: ['C19']                 
distance: 0.5042801971090591                 
distance_camera: 0.5042801971090591                 
distance_lidar: 9999.0                 
has_object: True                 
has_person: True                 
zone1: False                 
zone2: True
2026-09-11 00:40:45.824 | INFO     | _save_detect_data:820 - 设备30离开区域4的zone2，保存离开数据
2026-09-11 00:40:45.829 | WARNING  | _action_collision_callback:330 - 
相机综合检测结果                                         
设备ID: C19                                         
区域代码: 4                                         
物体在区域内: False                                         
减速区域：False                                         
停止区域：True                                         
有物体: True                                         
有行人: True                                         
置信度: 0.855                                         
最近距离: 0.504 m                                         
相交面积: 0.000                                         
相交比例: 0.000                                         
物体类型: person                                         
最终耗时: 267.125 ms （已离开区域保持状态中）
2026-09-11 00:40:45.831 | INFO     | _send_fused_det_msg:762 - 
Publish detect message                
area: 4                 
device: ['C19']                 
distance: 0.5042801971090591                 
distance_camera: 0.5042801971090591                 
distance_lidar: 9999.0                 
has_object: True                 
has_person: True                 
zone1: False                 
zone2: True
2026-09-11 00:40:45.856 | INFO     | _send_fused_det_msg:762 - 
Publish detect message                
area: 4                 
device: ['C19']                 
distance: 0.5042801971090591                 
distance_camera: 0.5042801971090591                 
distance_lidar: 9999.0                 
has_object: True                 
has_person: True                 
zone1: False                 
zone2: True
2026-09-11 00:40:45.856 | WARNING  | _action_collision_callback:330 - 
相机综合检测结果                                         
设备ID: C19                                         
区域代码: 4                                         
物体在区域内: False                                         
减速区域：False                                         
停止区域：True                                         
有物体: True                                         
有行人: True                                         
置信度: 0.855                                         
最近距离: 0.504 m                                         
相交面积: 0.000                                         
相交比例: 0.000                                         
物体类型: person                                         
最终耗时: 256.895 ms （已离开区域保持状态中）
2026-09-11 00:40:46.023 | INFO     | _send_fused_det_msg:762 - 
Publish detect message                
area: 4                 
device: ['C19']                 
distance: 0.5042801971090591                 
distance_camera: 0.5042801971090591                 
distance_lidar: 9999.0                 
has_object: True                 
has_person: True                 
zone1: False                 
zone2: True
2026-09-11 00:40:46.027 | WARNING  | _action_collision_callback:330 - 
相机综合检测结果                                         
设备ID: C19                                         
区域代码: 4                                         
物体在区域内: False                                         
减速区域：False                                         
停止区域：True                                         
有物体: True                                         
有行人: True                                         
置信度: 0.855                                         
最近距离: 0.504 m                                         
相交面积: 0.000                                         
相交比例: 0.000                                         
物体类型: person                                         
最终耗时: 427.403 ms （已离开区域保持状态中）
2026-09-11 00:40:46.028 | INFO     | _send_fused_det_msg:762 - 
Publish detect message                
area: 4                 
device: ['C19']                 
distance: 0.5042801971090591                 
distance_camera: 0.5042801971090591                 
distance_lidar: 9999.0                 
has_object: True                 
has_person: True                 
zone1: False                 
zone2: True
2026-09-11 00:40:46.029 | WARNING  | _action_collision_callback:330 - 
相机综合检测结果                                         
设备ID: C19                                         
区域代码: 4                                         
物体在区域内: False                                         
减速区域：False                                         
停止区域：True                                         
有物体: True                                         
有行人: True                                         
置信度: 0.855                                         
最近距离: 0.504 m                                         
相交面积: 0.000                                         
相交比例: 0.000                                         
物体类型: person                                         
最终耗时: 238.529 ms （已离开区域保持状态中）
2026-09-11 00:40:46.116 | INFO     | _send_fused_det_msg:762 - 
Publish detect message                
area: 4                 
device: ['C19']                 
distance: 0.5042801971090591                 
distance_camera: 0.5042801971090591                 
distance_lidar: 9999.0                 
has_object: True                 
has_person: True                 
zone1: False                 
zone2: True
2026-09-11 00:40:46.117 | WARNING  | _action_collision_callback:330 - 
相机综合检测结果                                         
设备ID: C19                                         
区域代码: 4                                         
物体在区域内: False                                         
减速区域：False                                         
停止区域：True                                         
有物体: True                                         
有行人: True                                         
置信度: 0.855                                         
最近距离: 0.504 m                                         
相交面积: 0.000                                         
相交比例: 0.000                                         
物体类型: person                                         
最终耗时: 161.817 ms （已离开区域保持状态中）
2026-09-11 00:40:46.246 | INFO     | _send_fused_det_msg:762 - 
Publish detect message                
area: 4                 
device: ['C19']                 
distance: 0.5042801971090591                 
distance_camera: 0.5042801971090591                 
distance_lidar: 9999.0                 
has_object: True                 
has_person: True                 
zone1: False                 
zone2: True
2026-09-11 00:40:46.315 | WARNING  | _action_collision_callback:330 - 
相机综合检测结果                                         
设备ID: C19                                         
区域代码: 4                                         
物体在区域内: False                                         
减速区域：False                                         
停止区域：True                                         
有物体: True                                         
有行人: True                                         
置信度: 0.855                                         
最近距离: 0.504 m                                         
相交面积: 0.000                                         
相交比例: 0.000                                         
物体类型: person                                         
最终耗时: 359.518 ms （已离开区域保持状态中）
2026-09-11 00:40:46.357 | INFO     | _send_fused_det_msg:762 - 
Publish detect message                
area: 4                 
device: ['C19']                 
distance: 0.5042801971090591                 
distance_camera: 0.5042801971090591                 
distance_lidar: 9999.0                 
has_object: True                 
has_person: True                 
zone1: False                 
zone2: True
2026-09-11 00:40:46.359 | WARNING  | _action_collision_callback:330 - 
相机综合检测结果                                         
设备ID: C19                                         
区域代码: 4                                         
物体在区域内: False                                         
减速区域：False                                         
停止区域：True                                         
有物体: True                                         
有行人: True                                         
置信度: 0.855                                         
最近距离: 0.504 m                                         
相交面积: 0.000                                         
相交比例: 0.000                                         
物体类型: person                                         
最终耗时: 282.577 ms （已离开区域保持状态中）
2026-09-11 00:40:46.506 | INFO     | _send_fused_det_msg:762 - 
Publish detect message                
area: 4                 
device: ['C19']                 
distance: 0.5042801971090591                 
distance_camera: 0.5042801971090591                 
distance_lidar: 9999.0                 
has_object: True                 
has_person: True                 
zone1: False                 
zone2: True
2026-09-11 00:40:46.550 | WARNING  | _action_collision_callback:330 - 
相机综合检测结果                                         
设备ID: C19                                         
区域代码: 4                                         
物体在区域内: False                                         
减速区域：False                                         
停止区域：True                                         
有物体: True                                         
有行人: True                                         
置信度: 0.855                                         
最近距离: 0.504 m                                         
相交面积: 0.000                                         
相交比例: 0.000                                         
物体类型: person                                         
最终耗时: 372.038 ms （已离开区域保持状态中）
2026-09-11 00:40:46.551 | INFO     | _send_fused_det_msg:762 - 
Publish detect message                
area: 4                 
device: ['C19']                 
distance: 0.5042801971090591                 
distance_camera: 0.5042801971090591                 
distance_lidar: 9999.0                 
has_object: True                 
has_person: True                 
zone1: False                 
zone2: True
2026-09-11 00:40:46.553 | WARNING  | _action_collision_callback:330 - 
相机综合检测结果                                         
设备ID: C19                                         
区域代码: 4                                         
物体在区域内: False                                         
减速区域：False                                         
停止区域：True                                         
有物体: True                                         
有行人: True                                         
置信度: 0.855                                         
最近距离: 0.504 m                                         
相交面积: 0.000                                         
相交比例: 0.000                                         
物体类型: person                                         
最终耗时: 295.520 ms （已离开区域保持状态中）
2026-09-11 00:40:46.560 | INFO     | _send_fused_det_msg:762 - 
Publish detect message                
area: 4                 
device: ['C19']                 
distance: 0.5042801971090591                 
distance_camera: 0.5042801971090591                 
distance_lidar: 9999.0                 
has_object: True                 
has_person: True                 
zone1: False                 
zone2: True
2026-09-11 00:40:46.560 | WARNING  | _action_collision_callback:330 - 
相机综合检测结果                                         
设备ID: C19                                         
区域代码: 4                                         
物体在区域内: False                                         
减速区域：False                                         
停止区域：True                                         
有物体: True                                         
有行人: True                                         
置信度: 0.855                                         
最近距离: 0.504 m                                         
相交面积: 0.000                                         
相交比例: 0.000                                         
物体类型: person                                         
最终耗时: 166.675 ms （已离开区域保持状态中）
2026-09-11 00:40:46.615 | INFO     | _send_fused_det_msg:762 - 
Publish detect message                
area: 4                 
device: ['C19']                 
distance: 0.5042801971090591                 
distance_camera: 0.5042801971090591                 
distance_lidar: 9999.0                 
has_object: True                 
has_person: True                 
zone1: False                 
zone2: True
2026-09-11 00:40:46.736 | INFO     | _send_fused_det_msg:762 - 
Publish detect message                
area: 4                 
device: ['C19']                 
distance: 0.5042801971090591                 
distance_camera: 0.5042801971090591                 
distance_lidar: 9999.0                 
has_object: True                 
has_person: True                 
zone1: False                 
zone2: True
2026-09-11 00:40:46.745 | WARNING  | _action_collision_callback:330 - 
相机综合检测结果                                         
设备ID: C19                                         
区域代码: 4                                         
物体在区域内: False                                         
减速区域：False                                         
停止区域：True                                         
有物体: True                                         
有行人: True                                         
置信度: 0.855                                         
最近距离: 0.504 m                                         
相交面积: 0.000                                         
相交比例: 0.000                                         
物体类型: person                                         
最终耗时: 181.572 ms （已离开区域保持状态中）
2026-09-11 00:40:46.750 | INFO     | _send_fused_det_msg:762 - 
Publish detect message                
area: 4                 
device: ['C19']                 
distance: 0.5042801971090591                 
distance_camera: 0.5042801971090591                 
distance_lidar: 9999.0                 
has_object: True                 
has_person: True                 
zone1: False                 
zone2: True
2026-09-11 00:40:46.788 | INFO     | _send_fused_det_msg:762 - 
Publish detect message                
area: 4                 
device: ['C19']                 
distance: 0.5042801971090591                 
distance_camera: 0.5042801971090591                 
distance_lidar: 9999.0                 
has_object: True                 
has_person: True                 
zone1: False                 
zone2: True
2026-09-11 00:40:46.790 | WARNING  | _action_collision_callback:330 - 
相机综合检测结果                                         
设备ID: C19                                         
区域代码: 4                                         
物体在区域内: False                                         
减速区域：False                                         
停止区域：True                                         
有物体: True                                         
有行人: True                                         
置信度: 0.855                                         
最近距离: 0.504 m                                         
相交面积: 0.000                                         
相交比例: 0.000                                         
物体类型: person                                         
最终耗时: 148.072 ms （已离开区域保持状态中）
2026-09-11 00:40:46.892 | INFO     | _send_fused_det_msg:762 - 
Publish detect message                
area: 4                 
device: ['C19']                 
distance: 0.5042801971090591                 
distance_camera: 0.5042801971090591                 
distance_lidar: 9999.0                 
has_object: True                 
has_person: True                 
zone1: False                 
zone2: True
2026-09-11 00:40:46.896 | WARNING  | _action_collision_callback:330 - 
相机综合检测结果                                         
设备ID: C19                                         
区域代码: 4                                         
物体在区域内: False                                         
减速区域：False                                         
停止区域：True                                         
有物体: True                                         
有行人: True                                         
置信度: 0.855                                         
最近距离: 0.504 m                                         
相交面积: 0.000                                         
相交比例: 0.000                                         
物体类型: person                                         
最终耗时: 136.083 ms （已离开区域保持状态中）
2026-09-11 00:40:46.943 | INFO     | _get_distance:432 - 【gantry_collision】float(3.180713955921042e-12)*92**4 + float(-4.376907435225968e-09)*92**3 + float(-8.769731409162894e-08)*92**2 + float(0.006377065813089708)*92 + float(0.06604593877479292)
2026-09-11 00:40:46.945 | INFO     | _send_fused_det_msg:762 - 
Publish detect message                
area: 4                 
device: ['C19']                 
distance: 0.6488133423242327                 
distance_camera: 0.6488133423242327                 
distance_lidar: 9999.0                 
has_object: True                 
has_person: True                 
zone1: False                 
zone2: True
2026-09-11 00:40:46.946 | WARNING  | _action_collision_callback:330 - 
相机综合检测结果                                         
设备ID: C19                                         
区域代码: 4                                         
物体在区域内: True                                         
减速区域：False                                         
停止区域：True                                         
有物体: True                                         
有行人: True                                         
置信度: 0.931                                         
最近距离: 0.649 m                                         
相交面积: 42879.000                                         
相交比例: 0.521                                         
物体类型: person                                         
最终耗时: 277.662 ms 
2026-09-11 00:40:46.979 | INFO     | _send_fused_det_msg:762 - 
Publish detect message                
area: 4                 
device: ['C19']                 
distance: 0.6488133423242327                 
distance_camera: 0.6488133423242327                 
distance_lidar: 9999.0                 
has_object: True                 
has_person: True                 
zone1: False                 
zone2: True
2026-09-11 00:40:47.101 | INFO     | _send_fused_det_msg:762 - 
Publish detect message                
area: 4                 
device: ['C19']                 
distance: 0.6488133423242327                 
distance_camera: 0.6488133423242327                 
distance_lidar: 9999.0                 
has_object: True                 
has_person: True                 
zone1: False                 
zone2: True
2026-09-11 00:40:47.177 | INFO     | _get_distance:432 - 【gantry_collision】float(3.180713955921042e-12)*105**4 + float(-4.376907435225968e-09)*105**3 + float(-8.769731409162894e-08)*105**2 + float(0.006377065813089708)*105 + float(0.06604593877479292)
2026-09-11 00:40:47.270 | INFO     | _send_fused_det_msg:762 - 
Publish detect message                
area: 4                 
device: ['C19']                 
distance: 0.729990786560937                 
distance_camera: 0.729990786560937                 
distance_lidar: 9999.0                 
has_object: True                 
has_person: True                 
zone1: False                 
zone2: True
2026-09-11 00:40:47.271 | WARNING  | _action_collision_callback:330 - 
相机综合检测结果                                         
设备ID: C19                                         
区域代码: 4                                         
物体在区域内: True                                         
减速区域：False                                         
停止区域：True                                         
有物体: True                                         
有行人: True                                         
置信度: 0.963                                         
最近距离: 0.730 m                                         
相交面积: 64840.000                                         
相交比例: 0.568                                         
物体类型: person                                         
最终耗时: 391.423 ms 
2026-09-11 00:40:47.348 | INFO     | _save_collision_detect_data:868 - 保存防撞检测进入图像: /2026-09-11/algl_gantry_collision_detect_package/zone2/30/20260911_004046.jpg
2026-09-11 00:40:47.351 | INFO     | _send_fused_det_msg:762 - 
Publish detect message                
area: 4                 
device: ['C19']                 
distance: 0.729990786560937                 
distance_camera: 0.729990786560937                 
distance_lidar: 9999.0                 
has_object: True                 
has_person: True                 
zone1: False                 
zone2: True
2026-09-11 00:40:47.355 | INFO     | _save_detect_data:818 - 设备30进入区域4的zone2，保存进入数据
2026-09-11 00:40:47.426 | INFO     | _send_fused_det_msg:762 - 
Publish detect message                
area: 4                 
device: ['C19']                 
distance: 0.729990786560937                 
distance_camera: 0.729990786560937                 
distance_lidar: 9999.0                 
has_object: True                 
has_person: True                 
zone1: False                 
zone2: True
2026-09-11 00:40:47.524 | INFO     | _get_distance:432 - 【gantry_collision】float(3.180713955921042e-12)*128**4 + float(-4.376907435225968e-09)*128**3 + float(-8.769731409162894e-08)*128**2 + float(0.006377065813089708)*128 + float(0.06604593877479292)
2026-09-11 00:40:47.529 | INFO     | _send_fused_det_msg:762 - 
Publish detect message                
area: 4                 
device: ['C19']                 
distance: 0.8725483062757625                 
distance_camera: 0.8725483062757625                 
distance_lidar: 9999.0                 
has_object: True                 
has_person: True                 
zone1: False                 
zone2: True
2026-09-11 00:40:47.533 | WARNING  | _action_collision_callback:330 - 
相机综合检测结果                                         
设备ID: C19                                         
区域代码: 4                                         
物体在区域内: True                                         
减速区域：False                                         
停止区域：True                                         
有物体: True                                         
有行人: True                                         
置信度: 0.957                                         
最近距离: 0.873 m                                         
相交面积: 82357.000                                         
相交比例: 0.672                                         
物体类型: person                                         
最终耗时: 487.849 ms 
2026-09-11 00:40:47.542 | INFO     | _send_fused_det_msg:762 - 
Publish detect message                
area: 4                 
device: ['C19']                 
distance: 0.8725483062757625                 
distance_camera: 0.8725483062757625                 
distance_lidar: 9999.0                 
has_object: True                 
has_person: True                 
zone1: False                 
zone2: True
2026-09-11 00:40:47.575 | INFO     | _get_distance:432 - 【gantry_collision】float(3.180713955921042e-12)*302**4 + float(-4.376907435225968e-09)*302**3 + float(-8.769731409162894e-08)*302**2 + float(0.006377065813089708)*302 + float(0.06604593877479292)
2026-09-11 00:40:47.577 | INFO     | _send_fused_det_msg:762 - 
Publish detect message                
area: 4                 
device: ['C19']                 
distance: 1.8898233640306519                 
distance_camera: 1.8898233640306519                 
distance_lidar: 9999.0                 
has_object: True                 
has_person: True                 
zone1: False                 
zone2: True
2026-09-11 00:40:47.580 | WARNING  | _action_collision_callback:330 - 
相机综合检测结果                                         
设备ID: C19                                         
区域代码: 4                                         
物体在区域内: True                                         
减速区域：False                                         
停止区域：True                                         
有物体: True                                         
有行人: True                                         
置信度: 0.927                                         
最近距离: 1.890 m                                         
相交面积: 46945.000                                         
相交比例: 0.603                                         
物体类型: person                                         
最终耗时: 371.591 ms 
2026-09-11 00:40:47.616 | INFO     | _send_fused_det_msg:762 - 
Publish detect message                
area: 4                 
device: ['C19']                 
distance: 1.8898233640306519                 
distance_camera: 1.8898233640306519                 
distance_lidar: 9999.0                 
has_object: True                 
has_person: True                 
zone1: False                 
zone2: True
2026-09-11 00:40:47.768 | INFO     | _send_fused_det_msg:762 - 
Publish detect message                
area: 4                 
device: ['C19']                 
distance: 1.8898233640306519                 
distance_camera: 1.8898233640306519                 
distance_lidar: 9999.0                 
has_object: True                 
has_person: True                 
zone1: False                 
zone2: True
2026-09-11 00:40:47.784 | INFO     | _get_distance:432 - 【gantry_collision】float(3.180713955921042e-12)*316**4 + float(-4.376907435225968e-09)*316**3 + float(-8.769731409162894e-08)*316**2 + float(0.006377065813089708)*316 + float(0.06604593877479292)
2026-09-11 00:40:47.786 | INFO     | _send_fused_det_msg:762 - 
Publish detect message                
area: 4                 
device: ['C19']                 
distance: 1.9660461255105632                 
distance_camera: 1.9660461255105632                 
distance_lidar: 9999.0                 
has_object: True                 
has_person: True                 
zone1: False                 
zone2: True
2026-09-11 00:40:47.788 | WARNING  | _action_collision_callback:330 - 
相机综合检测结果                                         
设备ID: C19                                         
区域代码: 4                                         
物体在区域内: True                                         
减速区域：False                                         
停止区域：True                                         
有物体: True                                         
有行人: True                                         
置信度: 0.927                                         
最近距离: 1.966 m                                         
相交面积: 56572.000                                         
相交比例: 0.502                                         
物体类型: person                                         
最终耗时: 365.128 ms 
2026-09-11 00:40:47.838 | INFO     | _send_fused_det_msg:762 - 
Publish detect message                
area: 4                 
device: ['C19']                 
distance: 1.9660461255105632                 
distance_camera: 1.9660461255105632                 
distance_lidar: 9999.0                 
has_object: True                 
has_person: True                 
zone1: False                 
zone2: True
2026-09-11 00:40:47.958 | INFO     | _get_distance:432 - 【gantry_collision】float(3.180713955921042e-12)*436**4 + float(-4.376907435225968e-09)*436**3 + float(-8.769731409162894e-08)*436**2 + float(0.006377065813089708)*436 + float(0.06604593877479292)
2026-09-11 00:40:47.962 | INFO     | _send_fused_det_msg:762 - 
Publish detect message                
area: 4                 
device: ['C19']                 
distance: 2.5819493484579366                 
distance_camera: 2.5819493484579366                 
distance_lidar: 9999.0                 
has_object: True                 
has_person: True                 
zone1: False                 
zone2: True
2026-09-11 00:40:47.963 | WARNING  | _action_collision_callback:330 - 
相机综合检测结果                                         
设备ID: C19                                         
区域代码: 4                                         
物体在区域内: True                                         
减速区域：False                                         
停止区域：True                                         
有物体: True                                         
有行人: True                                         
置信度: 0.726                                         
最近距离: 2.582 m                                         
相交面积: 64086.000                                         
相交比例: 0.563                                         
物体类型: person                                         
最终耗时: 347.217 ms 
2026-09-11 00:40:48.002 | INFO     | _send_fused_det_msg:762 - 
Publish detect message                
area: 4                 
device: ['C19']                 
distance: 2.5819493484579366                 
distance_camera: 2.5819493484579366                 
distance_lidar: 9999.0                 
has_object: True                 
has_person: True                 
zone1: False                 
zone2: True
2026-09-11 00:40:48.032 | INFO     | _send_fused_det_msg:762 - 
Publish detect message                
area: 4                 
device: ['C19']                 
distance: 2.5819493484579366                 
distance_camera: 2.5819493484579366                 
distance_lidar: 9999.0                 
has_object: True                 
has_person: True                 
zone1: False                 
zone2: True
2026-09-11 00:40:48.050 | INFO     | _get_distance:432 - 【gantry_collision】float(3.180713955921042e-12)*531**4 + float(-4.376907435225968e-09)*531**3 + float(-8.769731409162894e-08)*531**2 + float(0.006377065813089708)*531 + float(0.06604593877479292)
2026-09-11 00:40:48.053 | INFO     | _send_fused_det_msg:762 - 
Publish detect message                
area: 4                 
device: ['C19']                 
distance: 3.0250975698416633                 
distance_camera: 3.0250975698416633                 
distance_lidar: 9999.0                 
has_object: True                 
has_person: True                 
zone1: False                 
zone2: True
2026-09-11 00:40:48.053 | WARNING  | _action_collision_callback:330 - 
相机综合检测结果                                         
设备ID: C19                                         
区域代码: 4                                         
物体在区域内: True                                         
减速区域：False                                         
停止区域：True                                         
有物体: True                                         
有行人: True                                         
置信度: 0.908                                         
最近距离: 3.025 m                                         
相交面积: 46730.000                                         
相交比例: 0.470                                         
物体类型: person                                         
最终耗时: 217.923 ms 
2026-09-11 00:40:48.149 | INFO     | _send_fused_det_msg:762 - 
Publish detect message                
area: 4                 
device: ['C19']                 
distance: 3.0250975698416633                 
distance_camera: 3.0250975698416633                 
distance_lidar: 9999.0                 
has_object: True                 
has_person: True                 
zone1: False                 
zone2: True
2026-09-11 00:40:48.205 | INFO     | _get_distance:432 - 【gantry_collision】float(3.180713955921042e-12)*568**4 + float(-4.376907435225968e-09)*568**3 + float(-8.769731409162894e-08)*568**2 + float(0.006377065813089708)*568 + float(0.06604593877479292)
2026-09-11 00:40:48.207 | INFO     | _send_fused_det_msg:762 - 
Publish detect message                
area: 4                 
device: ['C19']                 
distance: 3.188924457305944                 
distance_camera: 3.188924457305944                 
distance_lidar: 9999.0                 
has_object: True                 
has_person: True                 
zone1: False                 
zone2: True
2026-09-11 00:40:48.208 | WARNING  | _action_collision_callback:330 - 
相机综合检测结果                                         
设备ID: C19                                         
区域代码: 4                                         
物体在区域内: True                                         
减速区域：False                                         
停止区域：True                                         
有物体: True                                         
有行人: True                                         
置信度: 0.883                                         
最近距离: 3.189 m                                         
相交面积: 67611.000                                         
相交比例: 0.540                                         
物体类型: person                                         
最终耗时: 204.713 ms 
2026-09-11 00:40:48.276 | INFO     | _send_fused_det_msg:762 - 
Publish detect message                
area: 4                 
device: ['C19']                 
distance: 3.188924457305944                 
distance_camera: 3.188924457305944                 
distance_lidar: 9999.0                 
has_object: True                 
has_person: True                 
zone1: False                 
zone2: True
2026-09-11 00:40:48.294 | INFO     | _send_fused_det_msg:762 - 
Publish detect message                
area: 4                 
device: ['C19']                 
distance: 3.188924457305944                 
distance_camera: 3.188924457305944                 
distance_lidar: 9999.0                 
has_object: True                 
has_person: True                 
zone1: False                 
zone2: True
2026-09-11 00:40:48.350 | INFO     | _send_fused_det_msg:762 - 
Publish detect message                
area: 4                 
device: ['C19']                 
distance: 3.188924457305944                 
distance_camera: 3.188924457305944                 
distance_lidar: 9999.0                 
has_object: True                 
has_person: True                 
zone1: False                 
zone2: True
2026-09-11 00:40:48.494 | INFO     | _get_distance:432 - 【gantry_collision】float(3.180713955921042e-12)*710**4 + float(-4.376907435225968e-09)*710**3 + float(-8.769731409162894e-08)*710**2 + float(0.006377065813089708)*710 + float(0.06604593877479292)
2026-09-11 00:40:48.496 | INFO     | _send_fused_det_msg:762 - 
Publish detect message                
area: 4                 
device: ['C19']                 
distance: 3.79128401698687                 
distance_camera: 3.79128401698687                 
distance_lidar: 9999.0                 
has_object: True                 
has_person: True                 
zone1: False                 
zone2: True
2026-09-11 00:40:48.496 | WARNING  | _action_collision_callback:330 - 
相机综合检测结果                                         
设备ID: C19                                         
区域代码: 4                                         
物体在区域内: True                                         
减速区域：False                                         
停止区域：True                                         
有物体: True                                         
有行人: True                                         
置信度: 0.948                                         
最近距离: 3.791 m                                         
相交面积: 33436.000                                         
相交比例: 0.394                                         
物体类型: person                                         
最终耗时: 325.599 ms 
2026-09-11 00:40:48.516 | INFO     | _send_fused_det_msg:762 - 
Publish detect message                
area: 4                 
device: ['C19']                 
distance: 3.79128401698687                 
distance_camera: 3.79128401698687                 
distance_lidar: 9999.0                 
has_object: True                 
has_person: True                 
zone1: False                 
zone2: True
2026-09-11 00:40:48.666 | INFO     | _send_fused_det_msg:762 - 
Publish detect message                
area: 4                 
device: ['C19']                 
distance: 3.79128401698687                 
distance_camera: 3.79128401698687                 
distance_lidar: 9999.0                 
has_object: True                 
has_person: True                 
zone1: False                 
zone2: True
2026-09-11 00:40:48.734 | INFO     | _send_fused_det_msg:762 - 
Publish detect message                
area: 4                 
device: ['C19']                 
distance: 3.79128401698687                 
distance_camera: 3.79128401698687                 
distance_lidar: 9999.0                 
has_object: True                 
has_person: True                 
zone1: False                 
zone2: True
2026-09-11 00:40:48.749 | INFO     | _get_distance:432 - 【gantry_collision】float(3.180713955921042e-12)*723**4 + float(-4.376907435225968e-09)*723**3 + float(-8.769731409162894e-08)*723**2 + float(0.006377065813089708)*723 + float(0.06604593877479292)
2026-09-11 00:40:48.751 | INFO     | _send_fused_det_msg:762 - 
Publish detect message                
area: 4                 
device: ['C19']                 
distance: 3.845760658352506                 
distance_camera: 3.845760658352506                 
distance_lidar: 9999.0                 
has_object: True                 
has_person: True                 
zone1: False                 
zone2: True
2026-09-11 00:40:48.752 | WARNING  | _action_collision_callback:330 - 
相机综合检测结果                                         
设备ID: C19                                         
区域代码: 4                                         
物体在区域内: True                                         
减速区域：False                                         
停止区域：True                                         
有物体: True                                         
有行人: True                                         
置信度: 0.915                                         
最近距离: 3.846 m                                         
相交面积: 32726.000                                         
相交比例: 0.372                                         
物体类型: person                                         
最终耗时: 374.491 ms 
2026-09-11 00:40:48.882 | INFO     | _get_distance:432 - 【gantry_collision】float(3.180713955921042e-12)*857**4 + float(-4.376907435225968e-09)*857**3 + float(-8.769731409162894e-08)*857**2 + float(0.006377065813089708)*857 + float(0.06604593877479292)
2026-09-11 00:40:48.888 | INFO     | _send_fused_det_msg:762 - 
Publish detect message                
area: 4                 
device: ['C19']                 
distance: 4.427582712995499                 
distance_camera: 4.427582712995499                 
distance_lidar: 9999.0                 
has_object: True                 
has_person: True                 
zone1: False                 
zone2: True
2026-09-11 00:40:48.922 | WARNING  | _action_collision_callback:330 - 
相机综合检测结果                                         
设备ID: C19                                         
区域代码: 4                                         
物体在区域内: True                                         
减速区域：False                                         
停止区域：True                                         
有物体: True                                         
有行人: True                                         
置信度: 0.941                                         
最近距离: 4.428 m                                         
相交面积: 14408.000                                         
相交比例: 0.218                                         
物体类型: person                                         
最终耗时: 305.067 ms 
2026-09-11 00:40:48.955 | INFO     | _send_fused_det_msg:762 - 
Publish detect message                
area: 4                 
device: ['C19']                 
distance: 4.427582712995499                 
distance_camera: 4.427582712995499                 
distance_lidar: 9999.0                 
has_object: True                 
has_person: True                 
zone1: False                 
zone2: True
2026-09-11 00:40:49.010 | INFO     | _send_fused_det_msg:762 - 
Publish detect message                
area: 4                 
device: ['C19']                 
distance: 4.427582712995499                 
distance_camera: 4.427582712995499                 
distance_lidar: 9999.0                 
has_object: True                 
has_person: True                 
zone1: False                 
zone2: True
2026-09-11 00:40:49.132 | WARNING  | _lidar_callback:367 - lidar 11 det distance 3.003222994153792 area 4
2026-09-11 00:40:49.143 | INFO     | _send_fused_det_msg:762 - 
Publish detect message                
area: 4                 
device: ['L19']                 
distance: 3.003222994153792                 
distance_camera: 4.427582712995499                 
distance_lidar: 3.003222994153792                 
has_object: True                 
has_person: False                 
zone1: False                 
zone2: True
2026-09-11 00:40:49.162 | INFO     | _get_distance:432 - 【gantry_collision】float(3.180713955921042e-12)*869**4 + float(-4.376907435225968e-09)*869**3 + float(-8.769731409162894e-08)*869**2 + float(0.006377065813089708)*869 + float(0.06604593877479292)
2026-09-11 00:40:49.171 | INFO     | _send_fused_det_msg:762 - 
Publish detect message                
area: 4                 
device: ['L19']                 
distance: 3.003222994153792                 
distance_camera: 4.427582712995499                 
distance_lidar: 3.003222994153792                 
has_object: True                 
has_person: False                 
zone1: False                 
zone2: True
2026-09-11 00:40:49.221 | INFO     | _send_fused_det_msg:762 - 
Publish detect message                
area: 4                 
device: ['L19']                 
distance: 3.003222994153792                 
distance_camera: 4.483070905027065                 
distance_lidar: 3.003222994153792                 
has_object: True                 
has_person: False                 
zone1: False                 
zone2: True
2026-09-11 00:40:49.223 | WARNING  | _action_collision_callback:330 - 
相机综合检测结果                                         
设备ID: C19                                         
区域代码: 4                                         
物体在区域内: True                                         
减速区域：False                                         
停止区域：True                                         
有物体: True                                         
有行人: True                                         
置信度: 0.940                                         
最近距离: 4.483 m                                         
相交面积: 8534.000                                         
相交比例: 0.112                                         
物体类型: person                                         
最终耗时: 455.077 ms 
2026-09-11 00:40:49.242 | INFO     | _send_fused_det_msg:762 - 
Publish detect message                
area: 4                 
device: ['L19']                 
distance: 3.003222994153792                 
distance_camera: 4.483070905027065                 
distance_lidar: 3.003222994153792                 
has_object: True                 
has_person: False                 
zone1: False                 
zone2: True
2026-09-11 00:40:49.353 | INFO     | _send_fused_det_msg:762 - 
Publish detect message                
area: 4                 
device: ['L19']                 
distance: 3.003222994153792                 
distance_camera: 4.483070905027065                 
distance_lidar: 3.003222994153792                 
has_object: True                 
has_person: False                 
zone1: False                 
zone2: True
2026-09-11 00:40:49.409 | INFO     | _send_fused_det_msg:762 - 
Publish detect message                
area: 4                 
device: ['L19']                 
distance: 3.003222994153792                 
distance_camera: 4.483070905027065                 
distance_lidar: 3.003222994153792                 
has_object: True                 
has_person: False                 
zone1: False                 
zone2: True
2026-09-11 00:40:49.506 | WARNING  | _lidar_callback:367 - lidar 11 det distance 3.003222994153792 area 4
2026-09-11 00:40:49.644 | INFO     | _send_fused_det_msg:762 - 
Publish detect message                
area: 4                 
device: ['L19']                 
distance: 3.003222994153792                 
distance_camera: 4.483070905027065                 
distance_lidar: 3.003222994153792                 
has_object: True                 
has_person: False                 
zone1: False                 
zone2: True
2026-09-11 00:40:49.658 | INFO     | _send_fused_det_msg:762 - 
Publish detect message                
area: 4                 
device: ['L19']                 
distance: 3.003222994153792                 
distance_camera: 4.483070905027065                 
distance_lidar: 3.003222994153792                 
has_object: True                 
has_person: False                 
zone1: False                 
zone2: True
2026-09-11 00:40:49.794 | INFO     | _send_fused_det_msg:762 - 
Publish detect message                
area: 4                 
device: ['L19']                 
distance: 3.003222994153792                 
distance_camera: 4.483070905027065                 
distance_lidar: 3.003222994153792                 
has_object: True                 
has_person: False                 
zone1: False                 
zone2: True
2026-09-11 00:40:49.801 | INFO     | _send_fused_det_msg:762 - 
Publish detect message                
area: 4                 
device: ['L19']                 
distance: 3.003222994153792                 
distance_camera: 4.483070905027065                 
distance_lidar: 3.003222994153792                 
has_object: True                 
has_person: False                 
zone1: False                 
zone2: True
2026-09-11 00:40:49.809 | INFO     | _send_fused_det_msg:762 - 
Publish detect message                
area: 4                 
device: ['L19']                 
distance: 3.003222994153792                 
distance_camera: 4.483070905027065                 
distance_lidar: 3.003222994153792                 
has_object: True                 
has_person: False                 
zone1: False                 
zone2: True
2026-09-11 00:40:49.841 | INFO     | _send_fused_det_msg:762 - 
Publish detect message                
area: 4                 
device: ['L19']                 
distance: 3.003222994153792                 
distance_camera: 4.483070905027065                 
distance_lidar: 3.003222994153792                 
has_object: True                 
has_person: False                 
zone1: False                 
zone2: True
2026-09-11 00:40:49.855 | INFO     | _send_fused_det_msg:762 - 
Publish detect message                
area: 4                 
device: ['L19']                 
distance: 3.003222994153792                 
distance_camera: 4.483070905027065                 
distance_lidar: 3.003222994153792                 
has_object: True                 
has_person: False                 
zone1: False                 
zone2: True
2026-09-11 00:40:49.956 | INFO     | _send_fused_det_msg:762 - 
Publish detect message                
area: 4                 
device: ['L19']                 
distance: 3.003222994153792                 
distance_camera: 4.483070905027065                 
distance_lidar: 3.003222994153792                 
has_object: True                 
has_person: False                 
zone1: False                 
zone2: True
2026-09-11 00:40:50.057 | WARNING  | _lidar_callback:367 - lidar 11 det distance 3.003222994153792 area 4
2026-09-11 00:40:50.060 | INFO     | _send_fused_det_msg:762 - 
Publish detect message                
area: 4                 
device: ['L19']                 
distance: 3.003222994153792                 
distance_camera: 4.483070905027065                 
distance_lidar: 3.003222994153792                 
has_object: True                 
has_person: False                 
zone1: False                 
zone2: True
2026-09-11 00:40:50.132 | INFO     | _send_fused_det_msg:762 - 
Publish detect message                
area: 4                 
device: ['L19']                 
distance: 3.003222994153792                 
distance_camera: 4.483070905027065                 
distance_lidar: 3.003222994153792                 
has_object: True                 
has_person: False                 
zone1: False                 
zone2: True
2026-09-11 00:40:50.182 | INFO     | _send_fused_det_msg:762 - 
Publish detect message                
area: 4                 
device: ['L19']                 
distance: 3.003222994153792                 
distance_camera: 4.483070905027065                 
distance_lidar: 3.003222994153792                 
has_object: True                 
has_person: False                 
zone1: False                 
zone2: True
2026-09-11 00:40:50.234 | INFO     | _send_fused_det_msg:762 - 
Publish detect message                
area: 4                 
device: ['L19']                 
distance: 3.003222994153792                 
distance_camera: 4.483070905027065                 
distance_lidar: 3.003222994153792                 
has_object: True                 
has_person: False                 
zone1: False                 
zone2: True
2026-09-11 00:40:50.253 | INFO     | _send_fused_det_msg:762 - 
Publish detect message                
area: 4                 
device: ['L19']                 
distance: 3.003222994153792                 
distance_camera: 4.483070905027065                 
distance_lidar: 3.003222994153792                 
has_object: True                 
has_person: False                 
zone1: False                 
zone2: True
2026-09-11 00:40:50.322 | INFO     | _send_fused_det_msg:762 - 
Publish detect message                
area: 4                 
device: ['L19']                 
distance: 3.003222994153792                 
distance_camera: 4.483070905027065                 
distance_lidar: 3.003222994153792                 
has_object: True                 
has_person: False                 
zone1: False                 
zone2: True
2026-09-11 00:40:50.380 | INFO     | _send_fused_det_msg:762 - 
Publish detect message                
area: 4                 
device: ['L19']                 
distance: 3.003222994153792                 
distance_camera: 4.483070905027065                 
distance_lidar: 3.003222994153792                 
has_object: True                 
has_person: False                 
zone1: False                 
zone2: True
2026-09-11 00:40:50.398 | WARNING  | _lidar_callback:367 - lidar 11 det distance 3.003222994153792 area 4
2026-09-11 00:40:50.401 | INFO     | _send_fused_det_msg:762 - 
Publish detect message                
area: 4                 
device: ['L19']                 
distance: 3.003222994153792                 
distance_camera: 4.483070905027065                 
distance_lidar: 3.003222994153792                 
has_object: True                 
has_person: False                 
zone1: False                 
zone2: True
2026-09-11 00:40:50.422 | INFO     | _send_fused_det_msg:762 - 
Publish detect message                
area: 4                 
device: ['L19']                 
distance: 3.003222994153792                 
distance_camera: 4.483070905027065                 
distance_lidar: 3.003222994153792                 
has_object: True                 
has_person: False                 
zone1: False                 
zone2: True
2026-09-11 00:40:50.500 | INFO     | _send_fused_det_msg:762 - 
Publish detect message                
area: 4                 
device: ['L19']                 
distance: 3.003222994153792                 
distance_camera: 4.483070905027065                 
distance_lidar: 3.003222994153792                 
has_object: True                 
has_person: False                 
zone1: False                 
zone2: True
2026-09-11 00:40:50.570 | INFO     | _send_fused_det_msg:762 - 
Publish detect message                
area: 4                 
device: ['L19']                 
distance: 3.003222994153792                 
distance_camera: 4.483070905027065                 
distance_lidar: 3.003222994153792                 
has_object: True                 
has_person: False                 
zone1: False                 
zone2: True
2026-09-11 00:40:50.661 | INFO     | _send_fused_det_msg:762 - 
Publish detect message                
area: 4                 
device: ['L19']                 
distance: 3.003222994153792                 
distance_camera: 4.483070905027065                 
distance_lidar: 3.003222994153792                 
has_object: True                 
has_person: False                 
zone1: False                 
zone2: True
2026-09-11 00:40:50.714 | INFO     | _send_fused_det_msg:762 - 
Publish detect message                
area: 4                 
device: ['L19']                 
distance: 3.003222994153792                 
distance_camera: 4.483070905027065                 
distance_lidar: 3.003222994153792                 
has_object: True                 
has_person: False                 
zone1: False                 
zone2: True
2026-09-11 00:40:50.716 | INFO     | _save_collision_detect_data:889 - 保存防撞检测离开点云: /2026-09-11/algl_gantry_collision_detect_package/zone2/11/20260911_004050_leave.pcd
2026-09-11 00:40:50.718 | INFO     | _save_detect_data:820 - 设备11离开区域4的zone2，保存离开数据
2026-09-11 00:40:50.719 | INFO     | _send_fused_det_msg:762 - 
Publish detect message                
area: 4                 
device: ['C19']                 
distance: 4.483070905027065                 
distance_camera: 4.483070905027065                 
distance_lidar: 9999.0                 
has_object: True                 
has_person: True                 
zone1: False                 
zone2: True
2026-09-11 00:40:50.782 | INFO     | _send_fused_det_msg:762 - 
Publish detect message                
area: 4                 
device: ['C19']                 
distance: 4.483070905027065                 
distance_camera: 4.483070905027065                 
distance_lidar: 9999.0                 
has_object: True                 
has_person: True                 
zone1: False                 
zone2: True
2026-09-11 00:40:50.893 | INFO     | _send_fused_det_msg:762 - 
Publish detect message                
area: 4                 
device: ['C19']                 
distance: 4.483070905027065                 
distance_camera: 4.483070905027065                 
distance_lidar: 9999.0                 
has_object: True                 
has_person: True                 
zone1: False                 
zone2: True
2026-09-11 00:40:50.951 | INFO     | _send_fused_det_msg:762 - 
Publish detect message                
area: 4                 
device: ['C19']                 
distance: 4.483070905027065                 
distance_camera: 4.483070905027065                 
distance_lidar: 9999.0                 
has_object: True                 
has_person: True                 
zone1: False                 
zone2: True
2026-09-11 00:40:50.954 | INFO     | _send_fused_det_msg:762 - 
Publish detect message                
area: 4                 
device: ['C19']                 
distance: 4.483070905027065                 
distance_camera: 4.483070905027065                 
distance_lidar: 9999.0                 
has_object: True                 
has_person: True                 
zone1: False                 
zone2: True
2026-09-11 00:40:51.065 | INFO     | _send_fused_det_msg:762 - 
Publish detect message                
area: 4                 
device: ['C19']                 
distance: 4.483070905027065                 
distance_camera: 4.483070905027065                 
distance_lidar: 9999.0                 
has_object: True                 
has_person: True                 
zone1: False                 
zone2: True
2026-09-11 00:40:51.082 | INFO     | _send_fused_det_msg:762 - 
Publish detect message                
area: 4                 
device: ['C19']                 
distance: 4.483070905027065                 
distance_camera: 4.483070905027065                 
distance_lidar: 9999.0                 
has_object: True                 
has_person: True                 
zone1: False                 
zone2: True
2026-09-11 00:40:51.103 | INFO     | _send_fused_det_msg:762 - 
Publish detect message                
area: 4                 
device: ['C19']                 
distance: 4.483070905027065                 
distance_camera: 4.483070905027065                 
distance_lidar: 9999.0                 
has_object: True                 
has_person: True                 
zone1: False                 
zone2: True
2026-09-11 00:40:51.205 | INFO     | _send_fused_det_msg:762 - 
Publish detect message                
area: 4                 
device: ['C19']                 
distance: 4.483070905027065                 
distance_camera: 4.483070905027065                 
distance_lidar: 9999.0                 
has_object: True                 
has_person: True                 
zone1: False                 
zone2: True
2026-09-11 00:40:51.237 | INFO     | _send_fused_det_msg:762 - 
Publish detect message                
area: 4                 
device: ['C19']                 
distance: 4.483070905027065                 
distance_camera: 4.483070905027065                 
distance_lidar: 9999.0                 
has_object: True                 
has_person: True                 
zone1: False                 
zone2: True
2026-09-11 00:40:51.384 | INFO     | _send_fused_det_msg:762 - 
Publish detect message                
area: 4                 
device: ['C19']                 
distance: 4.483070905027065                 
distance_camera: 4.483070905027065                 
distance_lidar: 9999.0                 
has_object: True                 
has_person: True                 
zone1: False                 
zone2: True
2026-09-11 00:40:51.391 | INFO     | _send_fused_det_msg:762 - 
Publish detect message                
area: 4                 
device: ['C19']                 
distance: 4.483070905027065                 
distance_camera: 4.483070905027065                 
distance_lidar: 9999.0                 
has_object: True                 
has_person: True                 
zone1: False                 
zone2: True
2026-09-11 00:40:51.399 | INFO     | _send_fused_det_msg:762 - 
Publish detect message                
area: 4                 
device: ['C19']                 
distance: 4.483070905027065                 
distance_camera: 4.483070905027065                 
distance_lidar: 9999.0                 
has_object: True                 
has_person: True                 
zone1: False                 
zone2: True
2026-09-11 00:40:51.453 | INFO     | _send_fused_det_msg:762 - 
Publish detect message                
area: 4                 
device: ['C19']                 
distance: 4.483070905027065                 
distance_camera: 4.483070905027065                 
distance_lidar: 9999.0                 
has_object: True                 
has_person: True                 
zone1: False                 
zone2: True
2026-09-11 00:40:51.512 | INFO     | _send_fused_det_msg:762 - 
Publish detect message                
area: 4                 
device: ['C19']                 
distance: 4.483070905027065                 
distance_camera: 4.483070905027065                 
distance_lidar: 9999.0                 
has_object: True                 
has_person: True                 
zone1: False                 
zone2: True
2026-09-11 00:40:51.594 | INFO     | _send_fused_det_msg:762 - 
Publish detect message                
area: 4                 
device: ['C19']                 
distance: 4.483070905027065                 
distance_camera: 4.483070905027065                 
distance_lidar: 9999.0                 
has_object: True                 
has_person: True                 
zone1: False                 
zone2: True
2026-09-11 00:40:51.674 | INFO     | _send_fused_det_msg:762 - 
Publish detect message                
area: 4                 
device: ['C19']                 
distance: 4.483070905027065                 
distance_camera: 4.483070905027065                 
distance_lidar: 9999.0                 
has_object: True                 
has_person: True                 
zone1: False                 
zone2: True
2026-09-11 00:40:51.688 | INFO     | _send_fused_det_msg:762 - 
Publish detect message                
area: 4                 
device: ['C19']                 
distance: 4.483070905027065                 
distance_camera: 4.483070905027065                 
distance_lidar: 9999.0                 
has_object: True                 
has_person: True                 
zone1: False                 
zone2: True
2026-09-11 00:40:51.714 | INFO     | _send_fused_det_msg:762 - 
Publish detect message                
area: 4                 
device: ['C19']                 
distance: 4.483070905027065                 
distance_camera: 4.483070905027065                 
distance_lidar: 9999.0                 
has_object: True                 
has_person: True                 
zone1: False                 
zone2: True
2026-09-11 00:40:51.839 | INFO     | _send_fused_det_msg:762 - 
Publish detect message                
area: 4                 
device: ['C19']                 
distance: 4.483070905027065                 
distance_camera: 4.483070905027065                 
distance_lidar: 9999.0                 
has_object: True                 
has_person: True                 
zone1: False                 
zone2: True
2026-09-11 00:40:51.863 | INFO     | _send_fused_det_msg:762 - 
Publish detect message                
area: 4                 
device: ['C19']                 
distance: 4.483070905027065                 
distance_camera: 4.483070905027065                 
distance_lidar: 9999.0                 
has_object: True                 
has_person: True                 
zone1: False                 
zone2: True
2026-09-11 00:40:51.948 | INFO     | _send_fused_det_msg:762 - 
Publish detect message                
area: 4                 
device: ['C19']                 
distance: 4.483070905027065                 
distance_camera: 4.483070905027065                 
distance_lidar: 9999.0                 
has_object: True                 
has_person: True                 
zone1: False                 
zone2: True
2026-09-11 00:40:51.977 | INFO     | _send_fused_det_msg:762 - 
Publish detect message                
area: 4                 
device: ['C19']                 
distance: 4.483070905027065                 
distance_camera: 4.483070905027065                 
distance_lidar: 9999.0                 
has_object: True                 
has_person: True                 
zone1: False                 
zone2: True
2026-09-11 00:40:52.066 | INFO     | _send_fused_det_msg:762 - 
Publish detect message                
area: 4                 
device: ['C19']                 
distance: 4.483070905027065                 
distance_camera: 4.483070905027065                 
distance_lidar: 9999.0                 
has_object: True                 
has_person: True                 
zone1: False                 
zone2: True
2026-09-11 00:40:52.122 | INFO     | _send_fused_det_msg:762 - 
Publish detect message                
area: 4                 
device: ['C19']                 
distance: 4.483070905027065                 
distance_camera: 4.483070905027065                 
distance_lidar: 9999.0                 
has_object: True                 
has_person: True                 
zone1: False                 
zone2: True
2026-09-11 00:40:52.152 | INFO     | _send_fused_det_msg:762 - 
Publish detect message                
area: 4                 
device: ['C19']                 
distance: 4.483070905027065                 
distance_camera: 4.483070905027065                 
distance_lidar: 9999.0                 
has_object: True                 
has_person: True                 
zone1: False                 
zone2: True
2026-09-11 00:40:52.154 | WARNING  | _action_collision_callback:330 - 
相机综合检测结果                                         
设备ID: C19                                         
区域代码: 4                                         
物体在区域内: False                                         
减速区域：False                                         
停止区域：True                                         
有物体: True                                         
有行人: True                                         
置信度: 0.940                                         
最近距离: 4.483 m                                         
相交面积: 0.000                                         
相交比例: 0.000                                         
物体类型: person                                         
最终耗时: 176.500 ms （已离开区域保持状态中）
2026-09-11 00:40:52.155 | INFO     | _send_fused_det_msg:762 - 
Publish detect message                
area: 4                 
device: ['C19']                 
distance: 4.483070905027065                 
distance_camera: 4.483070905027065                 
distance_lidar: 9999.0                 
has_object: True                 
has_person: True                 
zone1: False                 
zone2: True
2026-09-11 00:40:52.158 | WARNING  | _action_collision_callback:330 - 
相机综合检测结果                                         
设备ID: C19                                         
区域代码: 4                                         
物体在区域内: False                                         
减速区域：False                                         
停止区域：True                                         
有物体: True                                         
有行人: True                                         
置信度: 0.940                                         
最近距离: 4.483 m                                         
相交面积: 0.000                                         
相交比例: 0.000                                         
物体类型: person                                         
最终耗时: 156.570 ms （已离开区域保持状态中）
2026-09-11 00:40:52.304 | INFO     | _send_fused_det_msg:762 - 
Publish detect message                
area: 4                 
device: ['C19']                 
distance: 4.483070905027065                 
distance_camera: 4.483070905027065                 
distance_lidar: 9999.0                 
has_object: True                 
has_person: True                 
zone1: False                 
zone2: True
2026-09-11 00:40:52.305 | WARNING  | _action_collision_callback:330 - 
相机综合检测结果                                         
设备ID: C19                                         
区域代码: 4                                         
物体在区域内: False                                         
减速区域：False                                         
停止区域：True                                         
有物体: True                                         
有行人: True                                         
置信度: 0.940                                         
最近距离: 4.483 m                                         
相交面积: 0.000                                         
相交比例: 0.000                                         
物体类型: person                                         
最终耗时: 180.133 ms （已离开区域保持状态中）
2026-09-11 00:40:52.327 | INFO     | _send_fused_det_msg:762 - 
Publish detect message                
area: 4                 
device: ['C19']                 
distance: 4.483070905027065                 
distance_camera: 4.483070905027065                 
distance_lidar: 9999.0                 
has_object: True                 
has_person: True                 
zone1: False                 
zone2: True
2026-09-11 00:40:52.349 | WARNING  | _action_collision_callback:330 - 
相机综合检测结果                                         
设备ID: C19                                         
区域代码: 4                                         
物体在区域内: False                                         
减速区域：False                                         
停止区域：True                                         
有物体: True                                         
有行人: True                                         
置信度: 0.940                                         
最近距离: 4.483 m                                         
相交面积: 0.000                                         
相交比例: 0.000                                         
物体类型: person                                         
最终耗时: 224.337 ms （已离开区域保持状态中）
2026-09-11 00:40:52.420 | INFO     | _send_fused_det_msg:762 - 
Publish detect message                
area: 4                 
device: ['C19']                 
distance: 4.483070905027065                 
distance_camera: 4.483070905027065                 
distance_lidar: 9999.0                 
has_object: True                 
has_person: True                 
zone1: False                 
zone2: True
2026-09-11 00:40:52.435 | WARNING  | _action_collision_callback:330 - 
相机综合检测结果                                         
设备ID: C19                                         
区域代码: 4                                         
物体在区域内: False                                         
减速区域：False                                         
停止区域：True                                         
有物体: True                                         
有行人: True                                         
置信度: 0.940                                         
最近距离: 4.483 m                                         
相交面积: 0.000                                         
相交比例: 0.000                                         
物体类型: person                                         
最终耗时: 152.947 ms （已离开区域保持状态中）
2026-09-11 00:40:52.596 | INFO     | _save_collision_detect_data:868 - 保存防撞检测离开图像: /2026-09-11/algl_gantry_collision_detect_package/zone2/30/20260911_004051_leave.jpg
2026-09-11 00:40:52.603 | INFO     | _save_detect_data:820 - 设备30离开区域4的zone2，保存离开数据
2026-09-11 00:40:52.649 | INFO     | _send_fused_det_msg:762 - 
Publish detect message                
area: 4                 
device: ['C19']                 
distance: 4.483070905027065                 
distance_camera: 4.483070905027065                 
distance_lidar: 9999.0                 
has_object: True                 
has_person: True                 
zone1: False                 
zone2: True
2026-09-11 00:40:52.728 | WARNING  | _action_collision_callback:330 - 
相机综合检测结果                                         
设备ID: C19                                         
区域代码: 4                                         
物体在区域内: False                                         
减速区域：False                                         
停止区域：True                                         
有物体: True                                         
有行人: True                                         
置信度: 0.940                                         
最近距离: 4.483 m                                         
相交面积: 0.000                                         
相交比例: 0.000                                         
物体类型: person                                         
最终耗时: 327.456 ms （已离开区域保持状态中）
2026-09-11 00:40:52.734 | INFO     | _send_fused_det_msg:762 - 
Publish detect message                
area: 4                 
device: ['C19']                 
distance: 4.483070905027065                 
distance_camera: 4.483070905027065                 
distance_lidar: 9999.0                 
has_object: True                 
has_person: True                 
zone1: False                 
zone2: True
2026-09-11 00:40:52.854 | INFO     | _send_fused_det_msg:762 - 
Publish detect message                
area: 4                 
device: ['C19']                 
distance: 4.483070905027065                 
distance_camera: 4.483070905027065                 
distance_lidar: 9999.0                 
has_object: True                 
has_person: True                 
zone1: False                 
zone2: True
2026-09-11 00:40:52.855 | WARNING  | _action_collision_callback:330 - 
相机综合检测结果                                         
设备ID: C19                                         
区域代码: 4                                         
物体在区域内: False                                         
减速区域：False                                         
停止区域：True                                         
有物体: True                                         
有行人: True                                         
置信度: 0.940                                         
最近距离: 4.483 m                                         
相交面积: 0.000                                         
相交比例: 0.000                                         
物体类型: person                                         
最终耗时: 337.387 ms （已离开区域保持状态中）
2026-09-11 00:40:52.887 | INFO     | _send_fused_det_msg:762 - 
Publish detect message                
area: 4                 
device: ['C19']                 
distance: 4.483070905027065                 
distance_camera: 4.483070905027065                 
distance_lidar: 9999.0                 
has_object: True                 
has_person: True                 
zone1: False                 
zone2: True
2026-09-11 00:40:52.921 | INFO     | _send_fused_det_msg:762 - 
Publish detect message                
area: 4                 
device: ['C19']                 
distance: 4.483070905027065                 
distance_camera: 4.483070905027065                 
distance_lidar: 9999.0                 
has_object: True                 
has_person: True                 
zone1: False                 
zone2: True
2026-09-11 00:40:52.948 | INFO     | _send_fused_det_msg:762 - 
Publish detect message                
area: 4                 
device: ['C19']                 
distance: 4.483070905027065                 
distance_camera: 4.483070905027065                 
distance_lidar: 9999.0                 
has_object: True                 
has_person: True                 
zone1: False                 
zone2: True
2026-09-11 00:40:52.950 | WARNING  | _action_collision_callback:330 - 
相机综合检测结果                                         
设备ID: C19                                         
区域代码: 4                                         
物体在区域内: False                                         
减速区域：False                                         
停止区域：True                                         
有物体: True                                         
有行人: True                                         
置信度: 0.940                                         
最近距离: 4.483 m                                         
相交面积: 0.000                                         
相交比例: 0.000                                         
物体类型: person                                         
最终耗时: 278.428 ms （已离开区域保持状态中）
2026-09-11 00:40:52.959 | INFO     | _send_fused_det_msg:762 - 
Publish detect message                
area: 4                 
device: ['C19']                 
distance: 4.483070905027065                 
distance_camera: 4.483070905027065                 
distance_lidar: 9999.0                 
has_object: True                 
has_person: True                 
zone1: False                 
zone2: True
2026-09-11 00:40:53.004 | INFO     | _send_fused_det_msg:762 - 
Publish detect message                
area: 4                 
device: ['C19']                 
distance: 4.483070905027065                 
distance_camera: 4.483070905027065                 
distance_lidar: 9999.0                 
has_object: True                 
has_person: True                 
zone1: False                 
zone2: True
2026-09-11 00:40:53.028 | WARNING  | _action_collision_callback:330 - 
相机综合检测结果                                         
设备ID: C19                                         
区域代码: 4                                         
物体在区域内: False                                         
减速区域：False                                         
停止区域：True                                         
有物体: True                                         
有行人: True                                         
置信度: 0.940                                         
最近距离: 4.483 m                                         
相交面积: 0.000                                         
相交比例: 0.000                                         
物体类型: person                                         
最终耗时: 183.339 ms （已离开区域保持状态中）
2026-09-11 00:40:53.047 | INFO     | _send_fused_det_msg:762 - 
Publish detect message                
area: 4                 
device: ['C19']                 
distance: 4.483070905027065                 
distance_camera: 4.483070905027065                 
distance_lidar: 9999.0                 
has_object: True                 
has_person: True                 
zone1: False                 
zone2: True
2026-09-11 00:40:53.049 | WARNING  | _action_collision_callback:330 - 
相机综合检测结果                                         
设备ID: C19                                         
区域代码: 4                                         
物体在区域内: False                                         
减速区域：False                                         
停止区域：True                                         
有物体: True                                         
有行人: True                                         
置信度: 0.940                                         
最近距离: 4.483 m                                         
相交面积: 0.000                                         
相交比例: 0.000                                         
物体类型: person                                         
最终耗时: 168.853 ms （已离开区域保持状态中）
2026-09-11 00:40:53.072 | INFO     | _send_fused_det_msg:762 - 
Publish detect message                
area: 4                 
device: ['C19']                 
distance: 4.483070905027065                 
distance_camera: 4.483070905027065                 
distance_lidar: 9999.0                 
has_object: True                 
has_person: True                 
zone1: False                 
zone2: True
2026-09-11 00:40:53.073 | WARNING  | _action_collision_callback:330 - 
相机综合检测结果                                         
设备ID: C19                                         
区域代码: 4                                         
物体在区域内: False                                         
减速区域：False                                         
停止区域：True                                         
有物体: True                                         
有行人: True                                         
置信度: 0.940                                         
最近距离: 4.483 m                                         
相交面积: 0.000                                         
相交比例: 0.000                                         
物体类型: person                                         
最终耗时: 129.027 ms （已离开区域保持状态中）
2026-09-11 00:40:53.197 | INFO     | _send_fused_det_msg:762 - 
Publish detect message                
area: 4                 
device: ['C19']                 
distance: 4.483070905027065                 
distance_camera: 4.483070905027065                 
distance_lidar: 9999.0                 
has_object: True                 
has_person: True                 
zone1: False                 
zone2: True
2026-09-11 00:40:53.198 | WARNING  | _action_collision_callback:330 - 
相机综合检测结果                                         
设备ID: C19                                         
区域代码: 4                                         
物体在区域内: False                                         
减速区域：False                                         
停止区域：True                                         
有物体: True                                         
有行人: True                                         
置信度: 0.940                                         
最近距离: 4.483 m                                         
相交面积: 0.000                                         
相交比例: 0.000                                         
物体类型: person                                         
最终耗时: 181.388 ms （已离开区域保持状态中）
2026-09-11 00:40:53.226 | INFO     | _send_fused_det_msg:762 - 
Publish detect message                
area: 4                 
device: ['C19']                 
distance: 4.483070905027065                 
distance_camera: 4.483070905027065                 
distance_lidar: 9999.0                 
has_object: True                 
has_person: True                 
zone1: False                 
zone2: True
2026-09-11 00:40:53.238 | WARNING  | _action_collision_callback:330 - 
相机综合检测结果                                         
设备ID: C19                                         
区域代码: 4                                         
物体在区域内: False                                         
减速区域：False                                         
停止区域：True                                         
有物体: True                                         
有行人: True                                         
置信度: 0.940                                         
最近距离: 4.483 m                                         
相交面积: 0.000                                         
相交比例: 0.000                                         
物体类型: person                                         
最终耗时: 147.672 ms （已离开区域保持状态中）
2026-09-11 00:40:53.301 | INFO     | _send_fused_det_msg:762 - 
Publish detect message                
area: 4                 
device: ['C19']                 
distance: 4.483070905027065                 
distance_camera: 4.483070905027065                 
distance_lidar: 9999.0                 
has_object: True                 
has_person: True                 
zone1: False                 
zone2: True
2026-09-11 00:40:53.303 | WARNING  | _action_collision_callback:330 - 
相机综合检测结果                                         
设备ID: C19                                         
区域代码: 4                                         
物体在区域内: False                                         
减速区域：False                                         
停止区域：True                                         
有物体: True                                         
有行人: True                                         
置信度: 0.940                                         
最近距离: 4.483 m                                         
相交面积: 0.000                                         
相交比例: 0.000                                         
物体类型: person                                         
最终耗时: 138.080 ms （已离开区域保持状态中）
2026-09-11 00:40:53.361 | INFO     | _send_fused_det_msg:762 - 
Publish detect message                
area: 4                 
device: ['C19']                 
distance: 4.483070905027065                 
distance_camera: 4.483070905027065                 
distance_lidar: 9999.0                 
has_object: True                 
has_person: True                 
zone1: False                 
zone2: True
2026-09-11 00:40:53.364 | WARNING  | _action_collision_callback:330 - 
相机综合检测结果                                         
设备ID: C19                                         
区域代码: 4                                         
物体在区域内: False                                         
减速区域：False                                         
停止区域：True                                         
有物体: True                                         
有行人: True                                         
置信度: 0.940                                         
最近距离: 4.483 m                                         
相交面积: 0.000                                         
相交比例: 0.000                                         
物体类型: person                                         
最终耗时: 198.602 ms （已离开区域保持状态中）
2026-09-11 00:40:53.443 | INFO     | _send_fused_det_msg:762 - 
Publish detect message                
area: 4                 
device: ['C19']                 
distance: 4.483070905027065                 
distance_camera: 4.483070905027065                 
distance_lidar: 9999.0                 
has_object: True                 
has_person: True                 
zone1: False                 
zone2: True
2026-09-11 00:40:53.482 | INFO     | _send_fused_det_msg:762 - 
Publish detect message                
area: 4                 
device: ['C19']                 
distance: 4.483070905027065                 
distance_camera: 4.483070905027065                 
distance_lidar: 9999.0                 
has_object: True                 
has_person: True                 
zone1: False                 
zone2: True
2026-09-11 00:40:53.486 | WARNING  | _action_collision_callback:330 - 
相机综合检测结果                                         
设备ID: C19                                         
区域代码: 4                                         
物体在区域内: False                                         
减速区域：False                                         
停止区域：True                                         
有物体: True                                         
有行人: True                                         
置信度: 0.940                                         
最近距离: 4.483 m                                         
相交面积: 0.000                                         
相交比例: 0.000                                         
物体类型: person                                         
最终耗时: 238.195 ms （已离开区域保持状态中）
2026-09-11 00:40:53.495 | INFO     | _send_fused_det_msg:762 - 
Publish detect message                
area: 4                 
device: ['C19']                 
distance: 4.483070905027065                 
distance_camera: 4.483070905027065                 
distance_lidar: 9999.0                 
has_object: True                 
has_person: True                 
zone1: False                 
zone2: True
2026-09-11 00:40:53.503 | WARNING  | _action_collision_callback:330 - 
相机综合检测结果                                         
设备ID: C19                                         
区域代码: 4                                         
物体在区域内: False                                         
减速区域：False                                         
停止区域：True                                         
有物体: True                                         
有行人: True                                         
置信度: 0.940                                         
最近距离: 4.483 m                                         
相交面积: 0.000                                         
相交比例: 0.000                                         
物体类型: person                                         
最终耗时: 174.680 ms （已离开区域保持状态中）
2026-09-11 00:40:53.541 | INFO     | _send_fused_det_msg:762 - 
Publish detect message                
area: 4                 
device: ['C19']                 
distance: 4.483070905027065                 
distance_camera: 4.483070905027065                 
distance_lidar: 9999.0                 
has_object: True                 
has_person: True                 
zone1: False                 
zone2: True
2026-09-11 00:40:53.545 | WARNING  | _action_collision_callback:330 - 
相机综合检测结果                                         
设备ID: C19                                         
区域代码: 4                                         
物体在区域内: False                                         
减速区域：False                                         
停止区域：True                                         
有物体: True                                         
有行人: True                                         
置信度: 0.940                                         
最近距离: 4.483 m                                         
相交面积: 0.000                                         
相交比例: 0.000                                         
物体类型: person                                         
最终耗时: 172.387 ms （已离开区域保持状态中）
2026-09-11 00:40:53.610 | INFO     | _send_fused_det_msg:762 - 
Publish detect message                
area: 4                 
device: ['C19']                 
distance: 4.483070905027065                 
distance_camera: 4.483070905027065                 
distance_lidar: 9999.0                 
has_object: True                 
has_person: True                 
zone1: False                 
zone2: True
2026-09-11 00:40:53.611 | WARNING  | _action_collision_callback:330 - 
相机综合检测结果                                         
设备ID: C19                                         
区域代码: 4                                         
物体在区域内: False                                         
减速区域：False                                         
停止区域：True                                         
有物体: True                                         
有行人: True                                         
置信度: 0.940                                         
最近距离: 4.483 m                                         
相交面积: 0.000                                         
相交比例: 0.000                                         
物体类型: person                                         
最终耗时: 116.700 ms （已离开区域保持状态中）
2026-09-11 00:40:53.631 | INFO     | _send_fused_det_msg:762 - 
Publish detect message                
area: 4                 
device: ['C19']                 
distance: 4.483070905027065                 
distance_camera: 4.483070905027065                 
distance_lidar: 9999.0                 
has_object: True                 
has_person: True                 
zone1: False                 
zone2: True
2026-09-11 00:40:53.702 | INFO     | _send_fused_det_msg:762 - 
Publish detect message                
area: 4                 
device: ['C19']                 
distance: 4.483070905027065                 
distance_camera: 4.483070905027065                 
distance_lidar: 9999.0                 
has_object: True                 
has_person: True                 
zone1: False                 
zone2: True
2026-09-11 00:40:53.707 | WARNING  | _action_collision_callback:330 - 
相机综合检测结果                                         
设备ID: C19                                         
区域代码: 4                                         
物体在区域内: False                                         
减速区域：False                                         
停止区域：True                                         
有物体: True                                         
有行人: True                                         
置信度: 0.940                                         
最近距离: 4.483 m                                         
相交面积: 0.000                                         
相交比例: 0.000                                         
物体类型: person                                         
最终耗时: 138.728 ms （已离开区域保持状态中）
2026-09-11 00:40:53.796 | INFO     | _send_fused_det_msg:762 - 
Publish detect message                
area: 4                 
device: ['C19']                 
distance: 4.483070905027065                 
distance_camera: 4.483070905027065                 
distance_lidar: 9999.0                 
has_object: True                 
has_person: True                 
zone1: False                 
zone2: True
2026-09-11 00:40:53.797 | WARNING  | _action_collision_callback:330 - 
相机综合检测结果                                         
设备ID: C19                                         
区域代码: 4                                         
物体在区域内: False                                         
减速区域：False                                         
停止区域：True                                         
有物体: True                                         
有行人: True                                         
置信度: 0.940                                         
最近距离: 4.483 m                                         
相交面积: 0.000                                         
相交比例: 0.000                                         
物体类型: person                                         
最终耗时: 189.121 ms （已离开区域保持状态中）
2026-09-11 00:40:53.890 | INFO     | _send_fused_det_msg:762 - 
Publish detect message                
area: 4                 
device: ['C19']                 
distance: 4.483070905027065                 
distance_camera: 4.483070905027065                 
distance_lidar: 9999.0                 
has_object: True                 
has_person: True                 
zone1: False                 
zone2: True
2026-09-11 00:40:53.930 | INFO     | _send_fused_det_msg:762 - 
Publish detect message                
area: 4                 
device: ['C19']                 
distance: 4.483070905027065                 
distance_camera: 4.483070905027065                 
distance_lidar: 9999.0                 
has_object: True                 
has_person: True                 
zone1: False                 
zone2: True
2026-09-11 00:40:54.064 | INFO     | _send_fused_det_msg:762 - 
Publish detect message                
area: 4                 
device: ['C19']                 
distance: 4.483070905027065                 
distance_camera: 4.483070905027065                 
distance_lidar: 9999.0                 
has_object: True                 
has_person: True                 
zone1: False                 
zone2: True
2026-09-11 00:40:54.069 | WARNING  | _action_collision_callback:330 - 
相机综合检测结果                                         
设备ID: C19                                         
区域代码: 4                                         
物体在区域内: False                                         
减速区域：False                                         
停止区域：True                                         
有物体: True                                         
有行人: True                                         
置信度: 0.940                                         
最近距离: 4.483 m                                         
相交面积: 0.000                                         
相交比例: 0.000                                         
物体类型: person                                         
最终耗时: 162.398 ms （已离开区域保持状态中）
2026-09-11 00:40:54.071 | INFO     | _send_fused_det_msg:762 - 
Publish detect message                
area: 4                 
device: ['C19']                 
distance: 4.483070905027065                 
distance_camera: 4.483070905027065                 
distance_lidar: 9999.0                 
has_object: True                 
has_person: True                 
zone1: False                 
zone2: True
2026-09-11 00:40:54.073 | WARNING  | _action_collision_callback:330 - 
相机综合检测结果                                         
设备ID: C19                                         
区域代码: 4                                         
物体在区域内: False                                         
减速区域：False                                         
停止区域：True                                         
有物体: True                                         
有行人: True                                         
置信度: 0.940                                         
最近距离: 4.483 m                                         
相交面积: 0.000                                         
相交比例: 0.000                                         
物体类型: person                                         
最终耗时: 166.950 ms （已离开区域保持状态中）
2026-09-11 00:40:54.219 | INFO     | _send_fused_det_msg:762 - 
Publish detect message                
area: 4                 
device: ['C19']                 
distance: 4.483070905027065                 
distance_camera: 4.483070905027065                 
distance_lidar: 9999.0                 
has_object: True                 
has_person: True                 
zone1: False                 
zone2: True
2026-09-11 00:40:54.297 | INFO     | _send_fused_det_msg:762 - 
Publish detect message                
area: 4                 
device: ['C19']                 
distance: 4.483070905027065                 
distance_camera: 4.483070905027065                 
distance_lidar: 9999.0                 
has_object: True                 
has_person: True                 
zone1: False                 
zone2: True
2026-09-11 00:40:54.298 | WARNING  | _action_collision_callback:330 - 
相机综合检测结果                                         
设备ID: C19                                         
区域代码: 4                                         
物体在区域内: False                                         
减速区域：False                                         
停止区域：True                                         
有物体: True                                         
有行人: True                                         
置信度: 0.940                                         
最近距离: 4.483 m                                         
相交面积: 0.000                                         
相交比例: 0.000                                         
物体类型: person                                         
最终耗时: 249.106 ms （已离开区域保持状态中）
2026-09-11 00:40:54.359 | INFO     | _send_fused_det_msg:762 - 
Publish detect message                
area: 4                 
device: ['C19']                 
distance: 4.483070905027065                 
distance_camera: 4.483070905027065                 
distance_lidar: 9999.0                 
has_object: True                 
has_person: True                 
zone1: False                 
zone2: True
2026-09-11 00:40:54.361 | WARNING  | _action_collision_callback:330 - 
相机综合检测结果                                         
设备ID: C19                                         
区域代码: 4                                         
物体在区域内: False                                         
减速区域：False                                         
停止区域：True                                         
有物体: True                                         
有行人: True                                         
置信度: 0.940                                         
最近距离: 4.483 m                                         
相交面积: 0.000                                         
相交比例: 0.000                                         
物体类型: person                                         
最终耗时: 311.942 ms （已离开区域保持状态中）
2026-09-11 00:40:54.402 | INFO     | _send_fused_det_msg:762 - 
Publish detect message                
area: 4                 
device: ['C19']                 
distance: 4.483070905027065                 
distance_camera: 4.483070905027065                 
distance_lidar: 9999.0                 
has_object: True                 
has_person: True                 
zone1: False                 
zone2: True
2026-09-11 00:40:54.404 | WARNING  | _action_collision_callback:330 - 
相机综合检测结果                                         
设备ID: C19                                         
区域代码: 4                                         
物体在区域内: False                                         
减速区域：False                                         
停止区域：True                                         
有物体: True                                         
有行人: True                                         
置信度: 0.940                                         
最近距离: 4.483 m                                         
相交面积: 0.000                                         
相交比例: 0.000                                         
物体类型: person                                         
最终耗时: 155.322 ms （已离开区域保持状态中）
2026-09-11 00:40:54.509 | INFO     | _send_fused_det_msg:762 - 
Publish detect message                
area: 4                 
device: ['C19']                 
distance: 4.483070905027065                 
distance_camera: 4.483070905027065                 
distance_lidar: 9999.0                 
has_object: True                 
has_person: True                 
zone1: False                 
zone2: True
2026-09-11 00:40:54.545 | INFO     | _send_fused_det_msg:762 - 
Publish detect message                
area: 4                 
device: ['C19']                 
distance: 4.483070905027065                 
distance_camera: 4.483070905027065                 
distance_lidar: 9999.0                 
has_object: True                 
has_person: True                 
zone1: False                 
zone2: True
2026-09-11 00:40:54.548 | WARNING  | _action_collision_callback:330 - 
相机综合检测结果                                         
设备ID: C19                                         
区域代码: 4                                         
物体在区域内: False                                         
减速区域：False                                         
停止区域：True                                         
有物体: True                                         
有行人: True                                         
置信度: 0.940                                         
最近距离: 4.483 m                                         
相交面积: 0.000                                         
相交比例: 0.000                                         
物体类型: person                                         
最终耗时: 148.587 ms （已离开区域保持状态中）
2026-09-11 00:40:54.578 | INFO     | _send_fused_det_msg:762 - 
Publish detect message                
area: 4                 
device: ['C19']                 
distance: 4.483070905027065                 
distance_camera: 4.483070905027065                 
distance_lidar: 9999.0                 
has_object: True                 
has_person: True                 
zone1: False                 
zone2: True
2026-09-11 00:40:54.620 | INFO     | _send_fused_det_msg:762 - 
Publish detect message                
area: 4                 
device: ['C19']                 
distance: 4.483070905027065                 
distance_camera: 4.483070905027065                 
distance_lidar: 9999.0                 
has_object: True                 
has_person: True                 
zone1: False                 
zone2: True
2026-09-11 00:40:54.624 | WARNING  | _action_collision_callback:330 - 
相机综合检测结果                                         
设备ID: C19                                         
区域代码: 4                                         
物体在区域内: False                                         
减速区域：False                                         
停止区域：True                                         
有物体: True                                         
有行人: True                                         
置信度: 0.940                                         
最近距离: 4.483 m                                         
相交面积: 0.000                                         
相交比例: 0.000                                         
物体类型: person                                         
最终耗时: 111.039 ms （已离开区域保持状态中）
2026-09-11 00:40:54.709 | INFO     | _send_fused_det_msg:762 - 
Publish detect message                
area: 4                 
device: ['C19']                 
distance: 4.483070905027065                 
distance_camera: 4.483070905027065                 
distance_lidar: 9999.0                 
has_object: True                 
has_person: True                 
zone1: False                 
zone2: True
2026-09-11 00:40:54.720 | WARNING  | _action_collision_callback:330 - 
相机综合检测结果                                         
设备ID: C19                                         
区域代码: 4                                         
物体在区域内: False                                         
减速区域：False                                         
停止区域：True                                         
有物体: True                                         
有行人: True                                         
置信度: 0.940                                         
最近距离: 4.483 m                                         
相交面积: 0.000                                         
相交比例: 0.000                                         
物体类型: person                                         
最终耗时: 166.274 ms （已离开区域保持状态中）
2026-09-11 00:40:54.724 | INFO     | _send_fused_det_msg:762 - 
Publish detect message                
area: 4                 
device: ['C19']                 
distance: 4.483070905027065                 
distance_camera: 4.483070905027065                 
distance_lidar: 9999.0                 
has_object: True                 
has_person: True                 
zone1: False                 
zone2: True
2026-09-11 00:40:54.734 | WARNING  | _action_collision_callback:330 - 
相机综合检测结果                                         
设备ID: C19                                         
区域代码: 4                                         
物体在区域内: False                                         
减速区域：False                                         
停止区域：True                                         
有物体: True                                         
有行人: True                                         
置信度: 0.940                                         
最近距离: 4.483 m                                         
相交面积: 0.000                                         
相交比例: 0.000                                         
物体类型: person                                         
最终耗时: 140.977 ms （已离开区域保持状态中）
2026-09-11 00:40:54.788 | INFO     | _send_fused_det_msg:762 - 
Publish detect message                
area: 4                 
device: ['C19']                 
distance: 4.483070905027065                 
distance_camera: 4.483070905027065                 
distance_lidar: 9999.0                 
has_object: True                 
has_person: True                 
zone1: False                 
zone2: True
2026-09-11 00:40:54.864 | INFO     | _send_fused_det_msg:762 - 
Publish detect message                
area: 4                 
device: ['C19']                 
distance: 4.483070905027065                 
distance_camera: 4.483070905027065                 
distance_lidar: 9999.0                 
has_object: True                 
has_person: True                 
zone1: False                 
zone2: True
2026-09-11 00:40:54.864 | WARNING  | _action_collision_callback:330 - 
相机综合检测结果                                         
设备ID: C19                                         
区域代码: 4                                         
物体在区域内: False                                         
减速区域：False                                         
停止区域：True                                         
有物体: True                                         
有行人: True                                         
置信度: 0.940                                         
最近距离: 4.483 m                                         
相交面积: 0.000                                         
相交比例: 0.000                                         
物体类型: person                                         
最终耗时: 188.617 ms （已离开区域保持状态中）
2026-09-11 00:40:54.871 | INFO     | _send_fused_det_msg:762 - 
Publish detect message                
area: 4                 
device: ['C19']                 
distance: 4.483070905027065                 
distance_camera: 4.483070905027065                 
distance_lidar: 9999.0                 
has_object: True                 
has_person: True                 
zone1: False                 
zone2: True
2026-09-11 00:40:54.957 | INFO     | _send_fused_det_msg:762 - 
Publish detect message                
area: 4                 
device: ['C19']                 
distance: 4.483070905027065                 
distance_camera: 4.483070905027065                 
distance_lidar: 9999.0                 
has_object: True                 
has_person: True                 
zone1: False                 
zone2: True
2026-09-11 00:40:55.022 | WARNING  | _action_collision_callback:330 - 
相机综合检测结果                                         
设备ID: C19                                         
区域代码: 4                                         
物体在区域内: False                                         
减速区域：False                                         
停止区域：True                                         
有物体: True                                         
有行人: True                                         
置信度: 0.940                                         
最近距离: 4.483 m                                         
相交面积: 0.000                                         
相交比例: 0.000                                         
物体类型: person                                         
最终耗时: 207.932 ms （已离开区域保持状态中）
2026-09-11 00:40:55.044 | INFO     | _send_fused_det_msg:762 - 
Publish detect message                
area: 4                 
device: ['C19']                 
distance: 4.483070905027065                 
distance_camera: 4.483070905027065                 
distance_lidar: 9999.0                 
has_object: True                 
has_person: True                 
zone1: False                 
zone2: True
2026-09-11 00:40:55.045 | WARNING  | _action_collision_callback:330 - 
相机综合检测结果                                         
设备ID: C19                                         
区域代码: 4                                         
物体在区域内: False                                         
减速区域：False                                         
停止区域：True                                         
有物体: True                                         
有行人: True                                         
置信度: 0.940                                         
最近距离: 4.483 m                                         
相交面积: 0.000                                         
相交比例: 0.000                                         
物体类型: person                                         
最终耗时: 205.212 ms （已离开区域保持状态中）
2026-09-11 00:40:55.125 | INFO     | _send_fused_det_msg:762 - 
Publish detect message                
area: 4                 
device: []                 
distance: 9999.0                 
distance_camera: 9999.0                 
distance_lidar: 9999.0                 
has_object: False                 
has_person: False                 
zone1: False                 
zone2: False
2026-09-11 00:40:55.191 | INFO     | _send_fused_det_msg:762 - 
Publish detect message                
area: 4                 
device: []                 
distance: 9999.0                 
distance_camera: 9999.0                 
distance_lidar: 9999.0                 
has_object: False                 
has_person: False                 
zone1: False                 
zone2: False
2026-09-11 00:40:55.213 | INFO     | _send_fused_det_msg:762 - 
Publish detect message                
area: 4                 
device: []                 
distance: 9999.0                 
distance_camera: 9999.0                 
distance_lidar: 9999.0                 
has_object: False                 
has_person: False                 
zone1: False                 
zone2: False
2026-09-11 00:41:18.276 | INFO     | _get_distance:432 - 【gantry_collision】float(3.180713955921042e-12)*38**4 + float(-4.376907435225968e-09)*38**3 + float(-8.769731409162894e-08)*38**2 + float(0.006377065813089708)*38 + float(0.06604593877479292)
2026-09-11 00:41:18.279 | INFO     | _send_fused_det_msg:762 - 
Publish detect message                
area: 4                 
device: ['C19']                 
distance: 0.30801426730704295                 
distance_camera: 0.30801426730704295                 
distance_lidar: 9999.0                 
has_object: True                 
has_person: True                 
zone1: False                 
zone2: True
2026-09-11 00:41:18.280 | WARNING  | _action_collision_callback:330 - 
相机综合检测结果                                         
设备ID: C19                                         
区域代码: 4                                         
物体在区域内: True                                         
减速区域：False                                         
停止区域：True                                         
有物体: True                                         
有行人: True                                         
置信度: 0.819                                         
最近距离: 0.308 m                                         
相交面积: 23748.000                                         
相交比例: 0.242                                         
物体类型: person                                         
最终耗时: 274.026 ms 
2026-09-11 00:41:18.298 | INFO     | _send_fused_det_msg:762 - 
Publish detect message                
area: 4                 
device: ['C19']                 
distance: 0.30801426730704295                 
distance_camera: 0.30801426730704295                 
distance_lidar: 9999.0                 
has_object: True                 
has_person: True                 
zone1: False                 
zone2: True
2026-09-11 00:41:18.405 | INFO     | _send_fused_det_msg:762 - 
Publish detect message                
area: 4                 
device: ['C19']                 
distance: 0.30801426730704295                 
distance_camera: 0.30801426730704295                 
distance_lidar: 9999.0                 
has_object: True                 
has_person: True                 
zone1: False                 
zone2: True
2026-09-11 00:41:18.414 | INFO     | _get_distance:432 - 【gantry_collision】float(3.180713955921042e-12)*127**4 + float(-4.376907435225968e-09)*127**3 + float(-8.769731409162894e-08)*127**2 + float(0.006377065813089708)*127 + float(0.06604593877479292)
2026-09-11 00:41:18.419 | INFO     | _send_fused_det_msg:762 - 
Publish detect message                
area: 4                 
device: ['C19']                 
distance: 0.8663806899654982                 
distance_camera: 0.8663806899654982                 
distance_lidar: 9999.0                 
has_object: True                 
has_person: True                 
zone1: False                 
zone2: True
2026-09-11 00:41:18.420 | WARNING  | _action_collision_callback:330 - 
相机综合检测结果                                         
设备ID: C19                                         
区域代码: 4                                         
物体在区域内: True                                         
减速区域：False                                         
停止区域：True                                         
有物体: True                                         
有行人: True                                         
置信度: 0.927                                         
最近距离: 0.866 m                                         
相交面积: 29694.000                                         
相交比例: 0.316                                         
物体类型: person                                         
最终耗时: 224.001 ms 
2026-09-11 00:41:18.506 | INFO     | _send_fused_det_msg:762 - 
Publish detect message                
area: 4                 
device: ['C19']                 
distance: 0.8663806899654982                 
distance_camera: 0.8663806899654982                 
distance_lidar: 9999.0                 
has_object: True                 
has_person: True                 
zone1: False                 
zone2: True
2026-09-11 00:41:18.530 | INFO     | _save_collision_detect_data:868 - 保存防撞检测进入图像: /2026-09-11/algl_gantry_collision_detect_package/zone2/30/20260911_004118.jpg
2026-09-11 00:41:18.530 | INFO     | _save_detect_data:818 - 设备30进入区域4的zone2，保存进入数据
2026-09-11 00:41:18.566 | INFO     | _get_distance:432 - 【gantry_collision】float(3.180713955921042e-12)*178**4 + float(-4.376907435225968e-09)*178**3 + float(-8.769731409162894e-08)*178**2 + float(0.006377065813089708)*178 + float(0.06604593877479292)
2026-09-11 00:41:18.568 | INFO     | _send_fused_det_msg:762 - 
Publish detect message                
area: 4                 
device: ['C19']                 
distance: 0.8663806899654982                 
distance_camera: 0.8663806899654982                 
distance_lidar: 9999.0                 
has_object: True                 
has_person: True                 
zone1: False                 
zone2: True
2026-09-11 00:41:18.577 | INFO     | _send_fused_det_msg:762 - 
Publish detect message                
area: 4                 
device: ['C19']                 
distance: 1.1768934212886426                 
distance_camera: 1.1768934212886426                 
distance_lidar: 9999.0                 
has_object: True                 
has_person: True                 
zone1: False                 
zone2: True
2026-09-11 00:41:18.579 | WARNING  | _action_collision_callback:330 - 
相机综合检测结果                                         
设备ID: C19                                         
区域代码: 4                                         
物体在区域内: True                                         
减速区域：False                                         
停止区域：True                                         
有物体: True                                         
有行人: True                                         
置信度: 0.929                                         
最近距离: 1.177 m                                         
相交面积: 28303.000                                         
相交比例: 0.305                                         
物体类型: person                                         
最终耗时: 266.272 ms 
2026-09-11 00:41:18.646 | INFO     | _send_fused_det_msg:762 - 
Publish detect message                
area: 4                 
device: ['C19']                 
distance: 1.1768934212886426                 
distance_camera: 1.1768934212886426                 
distance_lidar: 9999.0                 
has_object: True                 
has_person: True                 
zone1: False                 
zone2: True
2026-09-11 00:41:18.690 | INFO     | _send_fused_det_msg:762 - 
Publish detect message                
area: 4                 
device: ['C19']                 
distance: 1.1768934212886426                 
distance_camera: 1.1768934212886426                 
distance_lidar: 9999.0                 
has_object: True                 
has_person: True                 
zone1: False                 
zone2: True
2026-09-11 00:41:18.714 | INFO     | _get_distance:432 - 【gantry_collision】float(3.180713955921042e-12)*178**4 + float(-4.376907435225968e-09)*178**3 + float(-8.769731409162894e-08)*178**2 + float(0.006377065813089708)*178 + float(0.06604593877479292)
2026-09-11 00:41:18.716 | INFO     | _send_fused_det_msg:762 - 
Publish detect message                
area: 4                 
device: ['C19']                 
distance: 1.1768934212886426                 
distance_camera: 1.1768934212886426                 
distance_lidar: 9999.0                 
has_object: True                 
has_person: True                 
zone1: False                 
zone2: True
2026-09-11 00:41:18.717 | WARNING  | _action_collision_callback:330 - 
相机综合检测结果                                         
设备ID: C19                                         
区域代码: 4                                         
物体在区域内: True                                         
减速区域：False                                         
停止区域：True                                         
有物体: True                                         
有行人: True                                         
置信度: 0.914                                         
最近距离: 1.177 m                                         
相交面积: 30493.000                                         
相交比例: 0.303                                         
物体类型: person                                         
最终耗时: 277.179 ms 
2026-09-11 00:41:18.750 | INFO     | _send_fused_det_msg:762 - 
Publish detect message                
area: 4                 
device: ['C19']                 
distance: 1.1768934212886426                 
distance_camera: 1.1768934212886426                 
distance_lidar: 9999.0                 
has_object: True                 
has_person: True                 
zone1: False                 
zone2: True
2026-09-11 00:41:18.914 | INFO     | _get_distance:432 - 【gantry_collision】float(3.180713955921042e-12)*208**4 + float(-4.376907435225968e-09)*208**3 + float(-8.769731409162894e-08)*208**2 + float(0.006377065813089708)*208 + float(0.06604593877479292)
2026-09-11 00:41:18.917 | INFO     | _send_fused_det_msg:762 - 
Publish detect message                
area: 4                 
device: ['C19']                 
distance: 1.3552476631760408                 
distance_camera: 1.3552476631760408                 
distance_lidar: 9999.0                 
has_object: True                 
has_person: True                 
zone1: False                 
zone2: True
2026-09-11 00:41:18.918 | WARNING  | _action_collision_callback:330 - 
相机综合检测结果                                         
设备ID: C19                                         
区域代码: 4                                         
物体在区域内: True                                         
减速区域：False                                         
停止区域：True                                         
有物体: True                                         
有行人: True                                         
置信度: 0.902                                         
最近距离: 1.355 m                                         
相交面积: 34060.000                                         
相交比例: 0.304                                         
物体类型: person                                         
最终耗时: 299.962 ms 
2026-09-11 00:41:18.923 | INFO     | _send_fused_det_msg:762 - 
Publish detect message                
area: 4                 
device: ['C19']                 
distance: 1.3552476631760408                 
distance_camera: 1.3552476631760408                 
distance_lidar: 9999.0                 
has_object: True                 
has_person: True                 
zone1: False                 
zone2: True
2026-09-11 00:41:19.022 | INFO     | _send_fused_det_msg:762 - 
Publish detect message                
area: 4                 
device: ['C19']                 
distance: 1.3552476631760408                 
distance_camera: 1.3552476631760408                 
distance_lidar: 9999.0                 
has_object: True                 
has_person: True                 
zone1: False                 
zone2: True
2026-09-11 00:41:19.050 | INFO     | _get_distance:432 - 【gantry_collision】float(3.180713955921042e-12)*344**4 + float(-4.376907435225968e-09)*344**3 + float(-8.769731409162894e-08)*344**2 + float(0.006377065813089708)*344 + float(0.06604593877479292)
2026-09-11 00:41:19.052 | INFO     | _send_fused_det_msg:762 - 
Publish detect message                
area: 4                 
device: ['C19']                 
distance: 2.1157463401435956                 
distance_camera: 2.1157463401435956                 
distance_lidar: 9999.0                 
has_object: True                 
has_person: True                 
zone1: False                 
zone2: True
2026-09-11 00:41:19.053 | WARNING  | _action_collision_callback:330 - 
相机综合检测结果                                         
设备ID: C19                                         
区域代码: 4                                         
物体在区域内: True                                         
减速区域：False                                         
停止区域：True                                         
有物体: True                                         
有行人: True                                         
置信度: 0.734                                         
最近距离: 2.116 m                                         
相交面积: 17198.000                                         
相交比例: 0.239                                         
物体类型: person                                         
最终耗时: 258.878 ms 
2026-09-11 00:41:19.222 | INFO     | _send_fused_det_msg:762 - 
Publish detect message                
area: 4                 
device: ['C19']                 
distance: 2.1157463401435956                 
distance_camera: 2.1157463401435956                 
distance_lidar: 9999.0                 
has_object: True                 
has_person: True                 
zone1: False                 
zone2: True
2026-09-11 00:41:19.271 | INFO     | _get_distance:432 - 【gantry_collision】float(3.180713955921042e-12)*349**4 + float(-4.376907435225968e-09)*349**3 + float(-8.769731409162894e-08)*349**2 + float(0.006377065813089708)*349 + float(0.06604593877479292)
2026-09-11 00:41:19.276 | INFO     | _send_fused_det_msg:762 - 
Publish detect message                
area: 4                 
device: ['C19']                 
distance: 2.1157463401435956                 
distance_camera: 2.1157463401435956                 
distance_lidar: 9999.0                 
has_object: True                 
has_person: True                 
zone1: False                 
zone2: True
2026-09-11 00:41:19.282 | INFO     | _send_fused_det_msg:762 - 
Publish detect message                
area: 4                 
device: ['C19']                 
distance: 2.1420917325431974                 
distance_camera: 2.1420917325431974                 
distance_lidar: 9999.0                 
has_object: True                 
has_person: True                 
zone1: False                 
zone2: True
2026-09-11 00:41:19.283 | WARNING  | _action_collision_callback:330 - 
相机综合检测结果                                         
设备ID: C19                                         
区域代码: 4                                         
物体在区域内: True                                         
减速区域：False                                         
停止区域：True                                         
有物体: True                                         
有行人: True                                         
置信度: 0.921                                         
最近距离: 2.142 m                                         
相交面积: 27376.000                                         
相交比例: 0.300                                         
物体类型: person                                         
最终耗时: 327.588 ms 
2026-09-11 00:41:19.315 | INFO     | _send_fused_det_msg:762 - 
Publish detect message                
area: 4                 
device: ['C19']                 
distance: 2.1420917325431974                 
distance_camera: 2.1420917325431974                 
distance_lidar: 9999.0                 
has_object: True                 
has_person: True                 
zone1: False                 
zone2: True
2026-09-11 00:41:19.454 | INFO     | _send_fused_det_msg:762 - 
Publish detect message                
area: 4                 
device: ['C19']                 
distance: 2.1420917325431974                 
distance_camera: 2.1420917325431974                 
distance_lidar: 9999.0                 
has_object: True                 
has_person: True                 
zone1: False                 
zone2: True
2026-09-11 00:41:19.458 | INFO     | _get_distance:432 - 【gantry_collision】float(3.180713955921042e-12)*355**4 + float(-4.376907435225968e-09)*355**3 + float(-8.769731409162894e-08)*355**2 + float(0.006377065813089708)*355 + float(0.06604593877479292)
2026-09-11 00:41:19.508 | INFO     | _send_fused_det_msg:762 - 
Publish detect message                
area: 4                 
device: ['C19']                 
distance: 2.1735513890321676                 
distance_camera: 2.1735513890321676                 
distance_lidar: 9999.0                 
has_object: True                 
has_person: True                 
zone1: False                 
zone2: True
2026-09-11 00:41:19.510 | WARNING  | _action_collision_callback:330 - 
相机综合检测结果                                         
设备ID: C19                                         
区域代码: 4                                         
物体在区域内: True                                         
减速区域：False                                         
停止区域：True                                         
有物体: True                                         
有行人: True                                         
置信度: 0.694                                         
最近距离: 2.174 m                                         
相交面积: 23173.000                                         
相交比例: 0.254                                         
物体类型: person                                         
最终耗时: 387.783 ms 
2026-09-11 00:41:19.522 | INFO     | _send_fused_det_msg:762 - 
Publish detect message                
area: 4                 
device: ['C19']                 
distance: 2.1735513890321676                 
distance_camera: 2.1735513890321676                 
distance_lidar: 9999.0                 
has_object: True                 
has_person: True                 
zone1: False                 
zone2: True
2026-09-11 00:41:19.609 | INFO     | _send_fused_det_msg:762 - 
Publish detect message                
area: 4                 
device: ['C19']                 
distance: 2.1735513890321676                 
distance_camera: 2.1735513890321676                 
distance_lidar: 9999.0                 
has_object: True                 
has_person: True                 
zone1: False                 
zone2: True
2026-09-11 00:41:19.701 | INFO     | _send_fused_det_msg:762 - 
Publish detect message                
area: 4                 
device: ['C19']                 
distance: 2.1735513890321676                 
distance_camera: 2.1735513890321676                 
distance_lidar: 9999.0                 
has_object: True                 
has_person: True                 
zone1: False                 
zone2: True
2026-09-11 00:41:19.718 | INFO     | _get_distance:432 - 【gantry_collision】float(3.180713955921042e-12)*501**4 + float(-4.376907435225968e-09)*501**3 + float(-8.769731409162894e-08)*501**2 + float(0.006377065813089708)*501 + float(0.06604593877479292)
2026-09-11 00:41:19.721 | INFO     | _send_fused_det_msg:762 - 
Publish detect message                
area: 4                 
device: ['C19']                 
distance: 2.888930874539266                 
distance_camera: 2.888930874539266                 
distance_lidar: 9999.0                 
has_object: True                 
has_person: True                 
zone1: False                 
zone2: True
2026-09-11 00:41:19.722 | WARNING  | _action_collision_callback:330 - 
相机综合检测结果                                         
设备ID: C19                                         
区域代码: 4                                         
物体在区域内: True                                         
减速区域：False                                         
停止区域：True                                         
有物体: True                                         
有行人: True                                         
置信度: 0.896                                         
最近距离: 2.889 m                                         
相交面积: 13743.000                                         
相交比例: 0.192                                         
物体类型: person                                         
最终耗时: 232.758 ms 
2026-09-11 00:41:19.803 | INFO     | _send_fused_det_msg:762 - 
Publish detect message                
area: 4                 
device: ['C19']                 
distance: 2.888930874539266                 
distance_camera: 2.888930874539266                 
distance_lidar: 9999.0                 
has_object: True                 
has_person: True                 
zone1: False                 
zone2: True
2026-09-11 00:41:19.883 | INFO     | _send_fused_det_msg:762 - 
Publish detect message                
area: 4                 
device: ['C19']                 
distance: 2.888930874539266                 
distance_camera: 2.888930874539266                 
distance_lidar: 9999.0                 
has_object: True                 
has_person: True                 
zone1: False                 
zone2: True
2026-09-11 00:41:19.905 | INFO     | _get_distance:432 - 【gantry_collision】float(3.180713955921042e-12)*508**4 + float(-4.376907435225968e-09)*508**3 + float(-8.769731409162894e-08)*508**2 + float(0.006377065813089708)*508 + float(0.06604593877479292)
2026-09-11 00:41:19.907 | INFO     | _send_fused_det_msg:762 - 
Publish detect message                
area: 4                 
device: ['C19']                 
distance: 2.920992650743445                 
distance_camera: 2.920992650743445                 
distance_lidar: 9999.0                 
has_object: True                 
has_person: True                 
zone1: False                 
zone2: True
2026-09-11 00:41:19.907 | WARNING  | _action_collision_callback:330 - 
相机综合检测结果                                         
设备ID: C19                                         
区域代码: 4                                         
物体在区域内: True                                         
减速区域：False                                         
停止区域：True                                         
有物体: True                                         
有行人: True                                         
置信度: 0.930                                         
最近距离: 2.921 m                                         
相交面积: 16088.000                                         
相交比例: 0.210                                         
物体类型: person                                         
最终耗时: 307.945 ms 
2026-09-11 00:41:19.917 | INFO     | _send_fused_det_msg:762 - 
Publish detect message                
area: 4                 
device: ['C19']                 
distance: 2.920992650743445                 
distance_camera: 2.920992650743445                 
distance_lidar: 9999.0                 
has_object: True                 
has_person: True                 
zone1: False                 
zone2: True
2026-09-11 00:41:19.964 | INFO     | _send_fused_det_msg:762 - 
Publish detect message                
area: 4                 
device: ['C19']                 
distance: 2.920992650743445                 
distance_camera: 2.920992650743445                 
distance_lidar: 9999.0                 
has_object: True                 
has_person: True                 
zone1: False                 
zone2: True
2026-09-11 00:41:20.113 | INFO     | _send_fused_det_msg:762 - 
Publish detect message                
area: 4                 
device: ['C19']                 
distance: 2.920992650743445                 
distance_camera: 2.920992650743445                 
distance_lidar: 9999.0                 
has_object: True                 
has_person: True                 
zone1: False                 
zone2: True
2026-09-11 00:41:20.173 | INFO     | _send_fused_det_msg:762 - 
Publish detect message                
area: 4                 
device: ['C19']                 
distance: 2.920992650743445                 
distance_camera: 2.920992650743445                 
distance_lidar: 9999.0                 
has_object: True                 
has_person: True                 
zone1: False                 
zone2: True
2026-09-11 00:41:20.285 | INFO     | _get_distance:432 - 【gantry_collision】float(3.180713955921042e-12)*535**4 + float(-4.376907435225968e-09)*535**3 + float(-8.769731409162894e-08)*535**2 + float(0.006377065813089708)*535 + float(0.06604593877479292)
2026-09-11 00:41:20.292 | INFO     | _send_fused_det_msg:762 - 
Publish detect message                
area: 4                 
device: ['C19']                 
distance: 3.043016705803758                 
distance_camera: 3.043016705803758                 
distance_lidar: 9999.0                 
has_object: True                 
has_person: True                 
zone1: False                 
zone2: True
2026-09-11 00:41:20.296 | WARNING  | _action_collision_callback:330 - 
相机综合检测结果                                         
设备ID: C19                                         
区域代码: 4                                         
物体在区域内: True                                         
减速区域：False                                         
停止区域：True                                         
有物体: True                                         
有行人: True                                         
置信度: 0.767                                         
最近距离: 3.043 m                                         
相交面积: 16047.000                                         
相交比例: 0.202                                         
物体类型: person                                         
最终耗时: 300.027 ms 
2026-09-11 00:41:20.308 | INFO     | _send_fused_det_msg:762 - 
Publish detect message                
area: 4                 
device: ['C19']                 
distance: 3.043016705803758                 
distance_camera: 3.043016705803758                 
distance_lidar: 9999.0                 
has_object: True                 
has_person: True                 
zone1: False                 
zone2: True
2026-09-11 00:41:20.411 | INFO     | _send_fused_det_msg:762 - 
Publish detect message                
area: 4                 
device: ['C19']                 
distance: 3.043016705803758                 
distance_camera: 3.043016705803758                 
distance_lidar: 9999.0                 
has_object: True                 
has_person: True                 
zone1: False                 
zone2: True
2026-09-11 00:41:20.425 | INFO     | _send_fused_det_msg:762 - 
Publish detect message                
area: 4                 
device: ['C19']                 
distance: 3.043016705803758                 
distance_camera: 3.043016705803758                 
distance_lidar: 9999.0                 
has_object: True                 
has_person: True                 
zone1: False                 
zone2: True
2026-09-11 00:41:20.576 | INFO     | _send_fused_det_msg:762 - 
Publish detect message                
area: 4                 
device: ['C19']                 
distance: 3.043016705803758                 
distance_camera: 3.043016705803758                 
distance_lidar: 9999.0                 
has_object: True                 
has_person: True                 
zone1: False                 
zone2: True
2026-09-11 00:41:20.591 | INFO     | _get_distance:432 - 【gantry_collision】float(3.180713955921042e-12)*540**4 + float(-4.376907435225968e-09)*540**3 + float(-8.769731409162894e-08)*540**2 + float(0.006377065813089708)*540 + float(0.06604593877479292)
2026-09-11 00:41:20.593 | INFO     | _send_fused_det_msg:762 - 
Publish detect message                
area: 4                 
device: ['C19']                 
distance: 3.0653414775454757                 
distance_camera: 3.0653414775454757                 
distance_lidar: 9999.0                 
has_object: True                 
has_person: True                 
zone1: False                 
zone2: True
2026-09-11 00:41:20.593 | WARNING  | _action_collision_callback:330 - 
相机综合检测结果                                         
设备ID: C19                                         
区域代码: 4                                         
物体在区域内: True                                         
减速区域：False                                         
停止区域：True                                         
有物体: True                                         
有行人: True                                         
置信度: 0.724                                         
最近距离: 3.065 m                                         
相交面积: 21606.000                                         
相交比例: 0.248                                         
物体类型: person                                         
最终耗时: 210.733 ms 
2026-09-11 00:41:20.643 | INFO     | _send_fused_det_msg:762 - 
Publish detect message                
area: 4                 
device: ['C19']                 
distance: 3.0653414775454757                 
distance_camera: 3.0653414775454757                 
distance_lidar: 9999.0                 
has_object: True                 
has_person: True                 
zone1: False                 
zone2: True
2026-09-11 00:41:20.725 | INFO     | _send_fused_det_msg:762 - 
Publish detect message                
area: 4                 
device: ['C19']                 
distance: 3.0653414775454757                 
distance_camera: 3.0653414775454757                 
distance_lidar: 9999.0                 
has_object: True                 
has_person: True                 
zone1: False                 
zone2: True
2026-09-11 00:41:20.810 | INFO     | _send_fused_det_msg:762 - 
Publish detect message                
area: 4                 
device: ['C19']                 
distance: 3.0653414775454757                 
distance_camera: 3.0653414775454757                 
distance_lidar: 9999.0                 
has_object: True                 
has_person: True                 
zone1: False                 
zone2: True
2026-09-11 00:41:20.844 | INFO     | _get_distance:432 - 【gantry_collision】float(3.180713955921042e-12)*541**4 + float(-4.376907435225968e-09)*541**3 + float(-8.769731409162894e-08)*541**2 + float(0.006377065813089708)*541 + float(0.06604593877479292)
2026-09-11 00:41:20.846 | INFO     | _send_fused_det_msg:762 - 
Publish detect message                
area: 4                 
device: ['C19']                 
distance: 3.069796692590825                 
distance_camera: 3.069796692590825                 
distance_lidar: 9999.0                 
has_object: True                 
has_person: True                 
zone1: False                 
zone2: True
2026-09-11 00:41:20.847 | WARNING  | _action_collision_callback:330 - 
相机综合检测结果                                         
设备ID: C19                                         
区域代码: 4                                         
物体在区域内: True                                         
减速区域：False                                         
停止区域：True                                         
有物体: True                                         
有行人: True                                         
置信度: 0.938                                         
最近距离: 3.070 m                                         
相交面积: 21153.000                                         
相交比例: 0.232                                         
物体类型: person                                         
最终耗时: 308.559 ms 
2026-09-11 00:41:20.909 | INFO     | _send_fused_det_msg:762 - 
Publish detect message                
area: 4                 
device: ['C19']                 
distance: 3.069796692590825                 
distance_camera: 3.069796692590825                 
distance_lidar: 9999.0                 
has_object: True                 
has_person: True                 
zone1: False                 
zone2: True
2026-09-11 00:41:20.989 | INFO     | _send_fused_det_msg:762 - 
Publish detect message                
area: 4                 
device: ['C19']                 
distance: 3.069796692590825                 
distance_camera: 3.069796692590825                 
distance_lidar: 9999.0                 
has_object: True                 
has_person: True                 
zone1: False                 
zone2: True
2026-09-11 00:41:21.093 | INFO     | _send_fused_det_msg:762 - 
Publish detect message                
area: 4                 
device: ['C19']                 
distance: 3.069796692590825                 
distance_camera: 3.069796692590825                 
distance_lidar: 9999.0                 
has_object: True                 
has_person: True                 
zone1: False                 
zone2: True
2026-09-11 00:41:21.102 | INFO     | _send_fused_det_msg:762 - 
Publish detect message                
area: 4                 
device: ['C19']                 
distance: 3.069796692590825                 
distance_camera: 3.069796692590825                 
distance_lidar: 9999.0                 
has_object: True                 
has_person: True                 
zone1: False                 
zone2: True
2026-09-11 00:41:21.149 | INFO     | _get_distance:432 - 【gantry_collision】float(3.180713955921042e-12)*539**4 + float(-4.376907435225968e-09)*539**3 + float(-8.769731409162894e-08)*539**2 + float(0.006377065813089708)*539 + float(0.06604593877479292)
2026-09-11 00:41:21.152 | INFO     | _send_fused_det_msg:762 - 
Publish detect message                
area: 4                 
device: ['C19']                 
distance: 3.0608830358860444                 
distance_camera: 3.0608830358860444                 
distance_lidar: 9999.0                 
has_object: True                 
has_person: True                 
zone1: False                 
zone2: True
2026-09-11 00:41:21.152 | WARNING  | _action_collision_callback:330 - 
相机综合检测结果                                         
设备ID: C19                                         
区域代码: 4                                         
物体在区域内: True                                         
减速区域：False                                         
停止区域：True                                         
有物体: True                                         
有行人: True                                         
置信度: 0.843                                         
最近距离: 3.061 m                                         
相交面积: 21427.000                                         
相交比例: 0.237                                         
物体类型: person                                         
最终耗时: 255.651 ms 
2026-09-11 00:41:21.218 | INFO     | _send_fused_det_msg:762 - 
Publish detect message                
area: 4                 
device: ['C19']                 
distance: 3.0608830358860444                 
distance_camera: 3.0608830358860444                 
distance_lidar: 9999.0                 
has_object: True                 
has_person: True                 
zone1: False                 
zone2: True
2026-09-11 00:41:21.322 | INFO     | _send_fused_det_msg:762 - 
Publish detect message                
area: 4                 
device: ['C19']                 
distance: 3.0608830358860444                 
distance_camera: 3.0608830358860444                 
distance_lidar: 9999.0                 
has_object: True                 
has_person: True                 
zone1: False                 
zone2: True
2026-09-11 00:41:21.371 | INFO     | _get_distance:432 - 【gantry_collision】float(3.180713955921042e-12)*540**4 + float(-4.376907435225968e-09)*540**3 + float(-8.769731409162894e-08)*540**2 + float(0.006377065813089708)*540 + float(0.06604593877479292)
2026-09-11 00:41:21.374 | INFO     | _send_fused_det_msg:762 - 
Publish detect message                
area: 4                 
device: ['C19']                 
distance: 3.0653414775454757                 
distance_camera: 3.0653414775454757                 
distance_lidar: 9999.0                 
has_object: True                 
has_person: True                 
zone1: False                 
zone2: True
2026-09-11 00:41:21.375 | WARNING  | _action_collision_callback:330 - 
相机综合检测结果                                         
设备ID: C19                                         
区域代码: 4                                         
物体在区域内: True                                         
减速区域：False                                         
停止区域：True                                         
有物体: True                                         
有行人: True                                         
置信度: 0.915                                         
最近距离: 3.065 m                                         
相交面积: 19797.000                                         
相交比例: 0.238                                         
物体类型: person                                         
最终耗时: 283.603 ms 
2026-09-11 00:41:21.405 | INFO     | _get_distance:432 - 【gantry_collision】float(3.180713955921042e-12)*543**4 + float(-4.376907435225968e-09)*543**3 + float(-8.769731409162894e-08)*543**2 + float(0.006377065813089708)*543 + float(0.06604593877479292)
2026-09-11 00:41:21.411 | INFO     | _send_fused_det_msg:762 - 
Publish detect message                
area: 4                 
device: ['C19']                 
distance: 3.078697502910721                 
distance_camera: 3.078697502910721                 
distance_lidar: 9999.0                 
has_object: True                 
has_person: True                 
zone1: False                 
zone2: True
2026-09-11 00:41:21.418 | WARNING  | _action_collision_callback:330 - 
相机综合检测结果                                         
设备ID: C19                                         
区域代码: 4                                         
物体在区域内: True                                         
减速区域：False                                         
停止区域：True                                         
有物体: True                                         
有行人: True                                         
置信度: 0.927                                         
最近距离: 3.079 m                                         
相交面积: 20534.000                                         
相交比例: 0.251                                         
物体类型: person                                         
最终耗时: 178.729 ms 
2026-09-11 00:41:21.474 | INFO     | _send_fused_det_msg:762 - 
Publish detect message                
area: 4                 
device: ['C19']                 
distance: 3.078697502910721                 
distance_camera: 3.078697502910721                 
distance_lidar: 9999.0                 
has_object: True                 
has_person: True                 
zone1: False                 
zone2: True
2026-09-11 00:41:21.577 | INFO     | _send_fused_det_msg:762 - 
Publish detect message                
area: 4                 
device: ['C19']                 
distance: 3.078697502910721                 
distance_camera: 3.078697502910721                 
distance_lidar: 9999.0                 
has_object: True                 
has_person: True                 
zone1: False                 
zone2: True
2026-09-11 00:41:21.659 | INFO     | _send_fused_det_msg:762 - 
Publish detect message                
area: 4                 
device: ['C19']                 
distance: 3.078697502910721                 
distance_camera: 3.078697502910721                 
distance_lidar: 9999.0                 
has_object: True                 
has_person: True                 
zone1: False                 
zone2: True
2026-09-11 00:41:21.670 | INFO     | _get_distance:432 - 【gantry_collision】float(3.180713955921042e-12)*560**4 + float(-4.376907435225968e-09)*560**3 + float(-8.769731409162894e-08)*560**2 + float(0.006377065813089708)*560 + float(0.06604593877479292)
2026-09-11 00:41:21.673 | INFO     | _send_fused_det_msg:762 - 
Publish detect message                
area: 4                 
device: ['C19']                 
distance: 3.078697502910721                 
distance_camera: 3.078697502910721                 
distance_lidar: 9999.0                 
has_object: True                 
has_person: True                 
zone1: False                 
zone2: True
2026-09-11 00:41:21.679 | INFO     | _send_fused_det_msg:762 - 
Publish detect message                
area: 4                 
device: ['C19']                 
distance: 3.1538531270277472                 
distance_camera: 3.1538531270277472                 
distance_lidar: 9999.0                 
has_object: True                 
has_person: True                 
zone1: False                 
zone2: True
2026-09-11 00:41:21.684 | WARNING  | _action_collision_callback:330 - 
相机综合检测结果                                         
设备ID: C19                                         
区域代码: 4                                         
物体在区域内: True                                         
减速区域：False                                         
停止区域：True                                         
有物体: True                                         
有行人: True                                         
置信度: 0.736                                         
最近距离: 3.154 m                                         
相交面积: 21244.000                                         
相交比例: 0.260                                         
物体类型: person                                         
最终耗时: 326.337 ms 
2026-09-11 00:41:21.770 | INFO     | _get_distance:432 - 【gantry_collision】float(3.180713955921042e-12)*559**4 + float(-4.376907435225968e-09)*559**3 + float(-8.769731409162894e-08)*559**2 + float(0.006377065813089708)*559 + float(0.06604593877479292)
2026-09-11 00:41:21.776 | INFO     | _send_fused_det_msg:762 - 
Publish detect message                
area: 4                 
device: ['C19']                 
distance: 3.1538531270277472                 
distance_camera: 3.1538531270277472                 
distance_lidar: 9999.0                 
has_object: True                 
has_person: True                 
zone1: False                 
zone2: True
2026-09-11 00:41:21.807 | INFO     | _send_fused_det_msg:762 - 
Publish detect message                
area: 4                 
device: ['C19']                 
distance: 3.149456280858032                 
distance_camera: 3.149456280858032                 
distance_lidar: 9999.0                 
has_object: True                 
has_person: True                 
zone1: False                 
zone2: True
2026-09-11 00:41:21.807 | WARNING  | _action_collision_callback:330 - 
相机综合检测结果                                         
设备ID: C19                                         
区域代码: 4                                         
物体在区域内: True                                         
减速区域：False                                         
停止区域：True                                         
有物体: True                                         
有行人: True                                         
置信度: 0.754                                         
最近距离: 3.149 m                                         
相交面积: 22893.000                                         
相交比例: 0.254                                         
物体类型: person                                         
最终耗时: 290.517 ms 
2026-09-11 00:41:21.901 | INFO     | _get_distance:432 - 【gantry_collision】float(3.180713955921042e-12)*561**4 + float(-4.376907435225968e-09)*561**3 + float(-8.769731409162894e-08)*561**2 + float(0.006377065813089708)*561 + float(0.06604593877479292)
2026-09-11 00:41:21.906 | INFO     | _send_fused_det_msg:762 - 
Publish detect message                
area: 4                 
device: ['C19']                 
distance: 3.1582470610629727                 
distance_camera: 3.1582470610629727                 
distance_lidar: 9999.0                 
has_object: True                 
has_person: True                 
zone1: False                 
zone2: True
2026-09-11 00:41:21.909 | WARNING  | _action_collision_callback:330 - 
相机综合检测结果                                         
设备ID: C19                                         
区域代码: 4                                         
物体在区域内: True                                         
减速区域：False                                         
停止区域：True                                         
有物体: True                                         
有行人: True                                         
置信度: 0.897                                         
最近距离: 3.158 m                                         
相交面积: 20986.000                                         
相交比例: 0.224                                         
物体类型: person                                         
最终耗时: 286.661 ms 
2026-09-11 00:41:22.091 | INFO     | _send_fused_det_msg:762 - 
Publish detect message                
area: 4                 
device: ['C19']                 
distance: 3.1582470610629727                 
distance_camera: 3.1582470610629727                 
distance_lidar: 9999.0                 
has_object: True                 
has_person: True                 
zone1: False                 
zone2: True
2026-09-11 00:41:22.106 | INFO     | _send_fused_det_msg:762 - 
Publish detect message                
area: 4                 
device: ['C19']                 
distance: 3.1582470610629727                 
distance_camera: 3.1582470610629727                 
distance_lidar: 9999.0                 
has_object: True                 
has_person: True                 
zone1: False                 
zone2: True
2026-09-11 00:41:22.237 | INFO     | _send_fused_det_msg:762 - 
Publish detect message                
area: 4                 
device: ['C19']                 
distance: 3.1582470610629727                 
distance_camera: 3.1582470610629727                 
distance_lidar: 9999.0                 
has_object: True                 
has_person: True                 
zone1: False                 
zone2: True
2026-09-11 00:41:22.290 | INFO     | _send_fused_det_msg:762 - 
Publish detect message                
area: 4                 
device: ['C19']                 
distance: 3.1582470610629727                 
distance_camera: 3.1582470610629727                 
distance_lidar: 9999.0                 
has_object: True                 
has_person: True                 
zone1: False                 
zone2: True
2026-09-11 00:41:22.302 | INFO     | _send_fused_det_msg:762 - 
Publish detect message                
area: 4                 
device: ['C19']                 
distance: 3.1582470610629727                 
distance_camera: 3.1582470610629727                 
distance_lidar: 9999.0                 
has_object: True                 
has_person: True                 
zone1: False                 
zone2: True
2026-09-11 00:41:22.422 | INFO     | _send_fused_det_msg:762 - 
Publish detect message                
area: 4                 
device: ['C19']                 
distance: 3.1582470610629727                 
distance_camera: 3.1582470610629727                 
distance_lidar: 9999.0                 
has_object: True                 
has_person: True                 
zone1: False                 
zone2: True
2026-09-11 00:41:22.450 | INFO     | _send_fused_det_msg:762 - 
Publish detect message                
area: 4                 
device: ['C19']                 
distance: 3.1582470610629727                 
distance_camera: 3.1582470610629727                 
distance_lidar: 9999.0                 
has_object: True                 
has_person: True                 
zone1: False                 
zone2: True
2026-09-11 00:41:22.492 | INFO     | _send_fused_det_msg:762 - 
Publish detect message                
area: 4                 
device: ['C19']                 
distance: 3.1582470610629727                 
distance_camera: 3.1582470610629727                 
distance_lidar: 9999.0                 
has_object: True                 
has_person: True                 
zone1: False                 
zone2: True
2026-09-11 00:41:22.583 | INFO     | _send_fused_det_msg:762 - 
Publish detect message                
area: 4                 
device: ['C19']                 
distance: 3.1582470610629727                 
distance_camera: 3.1582470610629727                 
distance_lidar: 9999.0                 
has_object: True                 
has_person: True                 
zone1: False                 
zone2: True
2026-09-11 00:41:22.645 | INFO     | _send_fused_det_msg:762 - 
Publish detect message                
area: 4                 
device: ['C19']                 
distance: 3.1582470610629727                 
distance_camera: 3.1582470610629727                 
distance_lidar: 9999.0                 
has_object: True                 
has_person: True                 
zone1: False                 
zone2: True
2026-09-11 00:41:22.729 | INFO     | _send_fused_det_msg:762 - 
Publish detect message                
area: 4                 
device: ['C19']                 
distance: 3.1582470610629727                 
distance_camera: 3.1582470610629727                 
distance_lidar: 9999.0                 
has_object: True                 
has_person: True                 
zone1: False                 
zone2: True
2026-09-11 00:41:22.769 | INFO     | _send_fused_det_msg:762 - 
Publish detect message                
area: 4                 
device: ['C19']                 
distance: 3.1582470610629727                 
distance_camera: 3.1582470610629727                 
distance_lidar: 9999.0                 
has_object: True                 
has_person: True                 
zone1: False                 
zone2: True
2026-09-11 00:41:22.791 | INFO     | _send_fused_det_msg:762 - 
Publish detect message                
area: 4                 
device: ['C19']                 
distance: 3.1582470610629727                 
distance_camera: 3.1582470610629727                 
distance_lidar: 9999.0                 
has_object: True                 
has_person: True                 
zone1: False                 
zone2: True
2026-09-11 00:41:22.818 | INFO     | _send_fused_det_msg:762 - 
Publish detect message                
area: 4                 
device: ['C19']                 
distance: 3.1582470610629727                 
distance_camera: 3.1582470610629727                 
distance_lidar: 9999.0                 
has_object: True                 
has_person: True                 
zone1: False                 
zone2: True
2026-09-11 00:41:22.934 | INFO     | _send_fused_det_msg:762 - 
Publish detect message                
area: 4                 
device: ['C19']                 
distance: 3.1582470610629727                 
distance_camera: 3.1582470610629727                 
distance_lidar: 9999.0                 
has_object: True                 
has_person: True                 
zone1: False                 
zone2: True
2026-09-11 00:41:22.955 | INFO     | _send_fused_det_msg:762 - 
Publish detect message                
area: 4                 
device: ['C19']                 
distance: 3.1582470610629727                 
distance_camera: 3.1582470610629727                 
distance_lidar: 9999.0                 
has_object: True                 
has_person: True                 
zone1: False                 
zone2: True
2026-09-11 00:41:23.224 | INFO     | _send_fused_det_msg:762 - 
Publish detect message                
area: 4                 
device: ['C19']                 
distance: 3.1582470610629727                 
distance_camera: 3.1582470610629727                 
distance_lidar: 9999.0                 
has_object: True                 
has_person: True                 
zone1: False                 
zone2: True
2026-09-11 00:41:23.233 | INFO     | _send_fused_det_msg:762 - 
Publish detect message                
area: 4                 
device: ['C19']                 
distance: 3.1582470610629727                 
distance_camera: 3.1582470610629727                 
distance_lidar: 9999.0                 
has_object: True                 
has_person: True                 
zone1: False                 
zone2: True
2026-09-11 00:41:23.235 | INFO     | _send_fused_det_msg:762 - 
Publish detect message                
area: 4                 
device: ['C19']                 
distance: 3.1582470610629727                 
distance_camera: 3.1582470610629727                 
distance_lidar: 9999.0                 
has_object: True                 
has_person: True                 
zone1: False                 
zone2: True
2026-09-11 00:41:23.280 | INFO     | _send_fused_det_msg:762 - 
Publish detect message                
area: 4                 
device: ['C19']                 
distance: 3.1582470610629727                 
distance_camera: 3.1582470610629727                 
distance_lidar: 9999.0                 
has_object: True                 
has_person: True                 
zone1: False                 
zone2: True
2026-09-11 00:41:23.292 | INFO     | _send_fused_det_msg:762 - 
Publish detect message                
area: 4                 
device: ['C19']                 
distance: 3.1582470610629727                 
distance_camera: 3.1582470610629727                 
distance_lidar: 9999.0                 
has_object: True                 
has_person: True                 
zone1: False                 
zone2: True
2026-09-11 00:41:23.340 | INFO     | _send_fused_det_msg:762 - 
Publish detect message                
area: 4                 
device: ['C19']                 
distance: 3.1582470610629727                 
distance_camera: 3.1582470610629727                 
distance_lidar: 9999.0                 
has_object: True                 
has_person: True                 
zone1: False                 
zone2: True
2026-09-11 00:41:23.508 | INFO     | _send_fused_det_msg:762 - 
Publish detect message                
area: 4                 
device: ['C19']                 
distance: 3.1582470610629727                 
distance_camera: 3.1582470610629727                 
distance_lidar: 9999.0                 
has_object: True                 
has_person: True                 
zone1: False                 
zone2: True
2026-09-11 00:41:23.544 | INFO     | _send_fused_det_msg:762 - 
Publish detect message                
area: 4                 
device: ['C19']                 
distance: 3.1582470610629727                 
distance_camera: 3.1582470610629727                 
distance_lidar: 9999.0                 
has_object: True                 
has_person: True                 
zone1: False                 
zone2: True
2026-09-11 00:41:23.638 | INFO     | _send_fused_det_msg:762 - 
Publish detect message                
area: 4                 
device: ['C19']                 
distance: 3.1582470610629727                 
distance_camera: 3.1582470610629727                 
distance_lidar: 9999.0                 
has_object: True                 
has_person: True                 
zone1: False                 
zone2: True
2026-09-11 00:41:23.704 | INFO     | _send_fused_det_msg:762 - 
Publish detect message                
area: 4                 
device: ['C19']                 
distance: 3.1582470610629727                 
distance_camera: 3.1582470610629727                 
distance_lidar: 9999.0                 
has_object: True                 
has_person: True                 
zone1: False                 
zone2: True
2026-09-11 00:41:23.721 | INFO     | _send_fused_det_msg:762 - 
Publish detect message                
area: 4                 
device: ['C19']                 
distance: 3.1582470610629727                 
distance_camera: 3.1582470610629727                 
distance_lidar: 9999.0                 
has_object: True                 
has_person: True                 
zone1: False                 
zone2: True
2026-09-11 00:41:23.913 | INFO     | _send_fused_det_msg:762 - 
Publish detect message                
area: 4                 
device: ['C19']                 
distance: 3.1582470610629727                 
distance_camera: 3.1582470610629727                 
distance_lidar: 9999.0                 
has_object: True                 
has_person: True                 
zone1: False                 
zone2: True
2026-09-11 00:41:23.933 | INFO     | _send_fused_det_msg:762 - 
Publish detect message                
area: 4                 
device: ['C19']                 
distance: 3.1582470610629727                 
distance_camera: 3.1582470610629727                 
distance_lidar: 9999.0                 
has_object: True                 
has_person: True                 
zone1: False                 
zone2: True
2026-09-11 00:41:23.986 | INFO     | _send_fused_det_msg:762 - 
Publish detect message                
area: 4                 
device: ['C19']                 
distance: 3.1582470610629727                 
distance_camera: 3.1582470610629727                 
distance_lidar: 9999.0                 
has_object: True                 
has_person: True                 
zone1: False                 
zone2: True
2026-09-11 00:41:24.038 | INFO     | _send_fused_det_msg:762 - 
Publish detect message                
area: 4                 
device: ['C19']                 
distance: 3.1582470610629727                 
distance_camera: 3.1582470610629727                 
distance_lidar: 9999.0                 
has_object: True                 
has_person: True                 
zone1: False                 
zone2: True
2026-09-11 00:41:24.086 | INFO     | _send_fused_det_msg:762 - 
Publish detect message                
area: 4                 
device: ['C19']                 
distance: 3.1582470610629727                 
distance_camera: 3.1582470610629727                 
distance_lidar: 9999.0                 
has_object: True                 
has_person: True                 
zone1: False                 
zone2: True
2026-09-11 00:41:24.249 | INFO     | _send_fused_det_msg:762 - 
Publish detect message                
area: 4                 
device: ['C19']                 
distance: 3.1582470610629727                 
distance_camera: 3.1582470610629727                 
distance_lidar: 9999.0                 
has_object: True                 
has_person: True                 
zone1: False                 
zone2: True
2026-09-11 00:41:24.318 | INFO     | _send_fused_det_msg:762 - 
Publish detect message                
area: 4                 
device: ['C19']                 
distance: 3.1582470610629727                 
distance_camera: 3.1582470610629727                 
distance_lidar: 9999.0                 
has_object: True                 
has_person: True                 
zone1: False                 
zone2: True
2026-09-11 00:41:24.336 | INFO     | _send_fused_det_msg:762 - 
Publish detect message                
area: 4                 
device: ['C19']                 
distance: 3.1582470610629727                 
distance_camera: 3.1582470610629727                 
distance_lidar: 9999.0                 
has_object: True                 
has_person: True                 
zone1: False                 
zone2: True
2026-09-11 00:41:24.471 | INFO     | _send_fused_det_msg:762 - 
Publish detect message                
area: 4                 
device: ['C19']                 
distance: 3.1582470610629727                 
distance_camera: 3.1582470610629727                 
distance_lidar: 9999.0                 
has_object: True                 
has_person: True                 
zone1: False                 
zone2: True
2026-09-11 00:41:24.488 | INFO     | _send_fused_det_msg:762 - 
Publish detect message                
area: 4                 
device: ['C19']                 
distance: 3.1582470610629727                 
distance_camera: 3.1582470610629727                 
distance_lidar: 9999.0                 
has_object: True                 
has_person: True                 
zone1: False                 
zone2: True
2026-09-11 00:41:24.527 | INFO     | _send_fused_det_msg:762 - 
Publish detect message                
area: 4                 
device: ['C19']                 
distance: 3.1582470610629727                 
distance_camera: 3.1582470610629727                 
distance_lidar: 9999.0                 
has_object: True                 
has_person: True                 
zone1: False                 
zone2: True
2026-09-11 00:41:24.594 | INFO     | _send_fused_det_msg:762 - 
Publish detect message                
area: 4                 
device: ['C19']                 
distance: 3.1582470610629727                 
distance_camera: 3.1582470610629727                 
distance_lidar: 9999.0                 
has_object: True                 
has_person: True                 
zone1: False                 
zone2: True
2026-09-11 00:41:24.600 | INFO     | _send_fused_det_msg:762 - 
Publish detect message                
area: 4                 
device: ['C19']                 
distance: 3.1582470610629727                 
distance_camera: 3.1582470610629727                 
distance_lidar: 9999.0                 
has_object: True                 
has_person: True                 
zone1: False                 
zone2: True
2026-09-11 00:41:24.767 | INFO     | _send_fused_det_msg:762 - 
Publish detect message                
area: 4                 
device: ['C19']                 
distance: 3.1582470610629727                 
distance_camera: 3.1582470610629727                 
distance_lidar: 9999.0                 
has_object: True                 
has_person: True                 
zone1: False                 
zone2: True
2026-09-11 00:41:24.821 | INFO     | _send_fused_det_msg:762 - 
Publish detect message                
area: 4                 
device: ['C19']                 
distance: 3.1582470610629727                 
distance_camera: 3.1582470610629727                 
distance_lidar: 9999.0                 
has_object: True                 
has_person: True                 
zone1: False                 
zone2: True
2026-09-11 00:41:24.861 | INFO     | _send_fused_det_msg:762 - 
Publish detect message                
area: 4                 
device: ['C19']                 
distance: 3.1582470610629727                 
distance_camera: 3.1582470610629727                 
distance_lidar: 9999.0                 
has_object: True                 
has_person: True                 
zone1: False                 
zone2: True
2026-09-11 00:41:24.892 | INFO     | _send_fused_det_msg:762 - 
Publish detect message                
area: 4                 
device: ['C19']                 
distance: 3.1582470610629727                 
distance_camera: 3.1582470610629727                 
distance_lidar: 9999.0                 
has_object: True                 
has_person: True                 
zone1: False                 
zone2: True
2026-09-11 00:41:24.952 | INFO     | _send_fused_det_msg:762 - 
Publish detect message                
area: 4                 
device: ['C19']                 
distance: 3.1582470610629727                 
distance_camera: 3.1582470610629727                 
distance_lidar: 9999.0                 
has_object: True                 
has_person: True                 
zone1: False                 
zone2: True
2026-09-11 00:41:24.999 | INFO     | _send_fused_det_msg:762 - 
Publish detect message                
area: 4                 
device: ['C19']                 
distance: 3.1582470610629727                 
distance_camera: 3.1582470610629727                 
distance_lidar: 9999.0                 
has_object: True                 
has_person: True                 
zone1: False                 
zone2: True
2026-09-11 00:41:25.141 | INFO     | _send_fused_det_msg:762 - 
Publish detect message                
area: 4                 
device: ['C19']                 
distance: 3.1582470610629727                 
distance_camera: 3.1582470610629727                 
distance_lidar: 9999.0                 
has_object: True                 
has_person: True                 
zone1: False                 
zone2: True
2026-09-11 00:41:25.149 | INFO     | _send_fused_det_msg:762 - 
Publish detect message                
area: 4                 
device: ['C19']                 
distance: 3.1582470610629727                 
distance_camera: 3.1582470610629727                 
distance_lidar: 9999.0                 
has_object: True                 
has_person: True                 
zone1: False                 
zone2: True
2026-09-11 00:41:25.154 | INFO     | _send_fused_det_msg:762 - 
Publish detect message                
area: 4                 
device: ['C19']                 
distance: 3.1582470610629727                 
distance_camera: 3.1582470610629727                 
distance_lidar: 9999.0                 
has_object: True                 
has_person: True                 
zone1: False                 
zone2: True
2026-09-11 00:41:25.221 | INFO     | _send_fused_det_msg:762 - 
Publish detect message                
area: 4                 
device: ['C19']                 
distance: 3.1582470610629727                 
distance_camera: 3.1582470610629727                 
distance_lidar: 9999.0                 
has_object: True                 
has_person: True                 
zone1: False                 
zone2: True
2026-09-11 00:41:25.274 | INFO     | _send_fused_det_msg:762 - 
Publish detect message                
area: 4                 
device: ['C19']                 
distance: 3.1582470610629727                 
distance_camera: 3.1582470610629727                 
distance_lidar: 9999.0                 
has_object: True                 
has_person: True                 
zone1: False                 
zone2: True
2026-09-11 00:41:25.335 | INFO     | _send_fused_det_msg:762 - 
Publish detect message                
area: 4                 
device: ['C19']                 
distance: 3.1582470610629727                 
distance_camera: 3.1582470610629727                 
distance_lidar: 9999.0                 
has_object: True                 
has_person: True                 
zone1: False                 
zone2: True
2026-09-11 00:41:25.341 | INFO     | _send_fused_det_msg:762 - 
Publish detect message                
area: 4                 
device: ['C19']                 
distance: 3.1582470610629727                 
distance_camera: 3.1582470610629727                 
distance_lidar: 9999.0                 
has_object: True                 
has_person: True                 
zone1: False                 
zone2: True
2026-09-11 00:41:25.384 | INFO     | _send_fused_det_msg:762 - 
Publish detect message                
area: 4                 
device: ['C19']                 
distance: 3.1582470610629727                 
distance_camera: 3.1582470610629727                 
distance_lidar: 9999.0                 
has_object: True                 
has_person: True                 
zone1: False                 
zone2: True
2026-09-11 00:41:25.386 | WARNING  | _action_collision_callback:330 - 
相机综合检测结果                                         
设备ID: C19                                         
区域代码: 4                                         
物体在区域内: False                                         
减速区域：False                                         
停止区域：True                                         
有物体: True                                         
有行人: True                                         
置信度: 0.897                                         
最近距离: 3.158 m                                         
相交面积: 0.000                                         
相交比例: 0.000                                         
物体类型: person                                         
最终耗时: 149.421 ms （已离开区域保持状态中）
2026-09-11 00:41:25.485 | INFO     | _send_fused_det_msg:762 - 
Publish detect message                
area: 4                 
device: ['C19']                 
distance: 3.1582470610629727                 
distance_camera: 3.1582470610629727                 
distance_lidar: 9999.0                 
has_object: True                 
has_person: True                 
zone1: False                 
zone2: True
2026-09-11 00:41:25.513 | WARNING  | _action_collision_callback:330 - 
相机综合检测结果                                         
设备ID: C19                                         
区域代码: 4                                         
物体在区域内: False                                         
减速区域：False                                         
停止区域：True                                         
有物体: True                                         
有行人: True                                         
置信度: 0.897                                         
最近距离: 3.158 m                                         
相交面积: 0.000                                         
相交比例: 0.000                                         
物体类型: person                                         
最终耗时: 159.817 ms （已离开区域保持状态中）
2026-09-11 00:41:25.538 | INFO     | _send_fused_det_msg:762 - 
Publish detect message                
area: 4                 
device: ['C19']                 
distance: 3.1582470610629727                 
distance_camera: 3.1582470610629727                 
distance_lidar: 9999.0                 
has_object: True                 
has_person: True                 
zone1: False                 
zone2: True
2026-09-11 00:41:25.544 | INFO     | _save_collision_detect_data:868 - 保存防撞检测离开图像: /2026-09-11/algl_gantry_collision_detect_package/zone2/30/20260911_004125_leave.jpg
2026-09-11 00:41:25.544 | WARNING  | _action_collision_callback:330 - 
相机综合检测结果                                         
设备ID: C19                                         
区域代码: 4                                         
物体在区域内: False                                         
减速区域：False                                         
停止区域：True                                         
有物体: True                                         
有行人: True                                         
置信度: 0.897                                         
最近距离: 3.158 m                                         
相交面积: 0.000                                         
相交比例: 0.000                                         
物体类型: person                                         
最终耗时: 191.399 ms （已离开区域保持状态中）
2026-09-11 00:41:25.545 | INFO     | _save_detect_data:820 - 设备30离开区域4的zone2，保存离开数据
2026-09-11 00:41:25.597 | INFO     | _send_fused_det_msg:762 - 
Publish detect message                
area: 4                 
device: ['C19']                 
distance: 3.1582470610629727                 
distance_camera: 3.1582470610629727                 
distance_lidar: 9999.0                 
has_object: True                 
has_person: True                 
zone1: False                 
zone2: True
2026-09-11 00:41:25.600 | WARNING  | _action_collision_callback:330 - 
相机综合检测结果                                         
设备ID: C19                                         
区域代码: 4                                         
物体在区域内: False                                         
减速区域：False                                         
停止区域：True                                         
有物体: True                                         
有行人: True                                         
置信度: 0.897                                         
最近距离: 3.158 m                                         
相交面积: 0.000                                         
相交比例: 0.000                                         
物体类型: person                                         
最终耗时: 154.733 ms （已离开区域保持状态中）
2026-09-11 00:41:25.616 | INFO     | _send_fused_det_msg:762 - 
Publish detect message                
area: 4                 
device: ['C19']                 
distance: 3.1582470610629727                 
distance_camera: 3.1582470610629727                 
distance_lidar: 9999.0                 
has_object: True                 
has_person: True                 
zone1: False                 
zone2: True
2026-09-11 00:41:25.692 | INFO     | _send_fused_det_msg:762 - 
Publish detect message                
area: 4                 
device: ['C19']                 
distance: 3.1582470610629727                 
distance_camera: 3.1582470610629727                 
distance_lidar: 9999.0                 
has_object: True                 
has_person: True                 
zone1: False                 
zone2: True
2026-09-11 00:41:25.702 | WARNING  | _action_collision_callback:330 - 
相机综合检测结果                                         
设备ID: C19                                         
区域代码: 4                                         
物体在区域内: False                                         
减速区域：False                                         
停止区域：True                                         
有物体: True                                         
有行人: True                                         
置信度: 0.897                                         
最近距离: 3.158 m                                         
相交面积: 0.000                                         
相交比例: 0.000                                         
物体类型: person                                         
最终耗时: 151.604 ms （已离开区域保持状态中）
2026-09-11 00:41:25.705 | INFO     | _send_fused_det_msg:762 - 
Publish detect message                
area: 4                 
device: ['C19']                 
distance: 3.1582470610629727                 
distance_camera: 3.1582470610629727                 
distance_lidar: 9999.0                 
has_object: True                 
has_person: True                 
zone1: False                 
zone2: True
2026-09-11 00:41:25.788 | INFO     | _send_fused_det_msg:762 - 
Publish detect message                
area: 4                 
device: ['C19']                 
distance: 3.1582470610629727                 
distance_camera: 3.1582470610629727                 
distance_lidar: 9999.0                 
has_object: True                 
has_person: True                 
zone1: False                 
zone2: True
2026-09-11 00:41:25.790 | WARNING  | _action_collision_callback:330 - 
相机综合检测结果                                         
设备ID: C19                                         
区域代码: 4                                         
物体在区域内: False                                         
减速区域：False                                         
停止区域：True                                         
有物体: True                                         
有行人: True                                         
置信度: 0.897                                         
最近距离: 3.158 m                                         
相交面积: 0.000                                         
相交比例: 0.000                                         
物体类型: person                                         
最终耗时: 182.497 ms （已离开区域保持状态中）
2026-09-11 00:41:25.852 | INFO     | _send_fused_det_msg:762 - 
Publish detect message                
area: 4                 
device: ['C19']                 
distance: 3.1582470610629727                 
distance_camera: 3.1582470610629727                 
distance_lidar: 9999.0                 
has_object: True                 
has_person: True                 
zone1: False                 
zone2: True
2026-09-11 00:41:25.885 | INFO     | _send_fused_det_msg:762 - 
Publish detect message                
area: 4                 
device: ['C19']                 
distance: 3.1582470610629727                 
distance_camera: 3.1582470610629727                 
distance_lidar: 9999.0                 
has_object: True                 
has_person: True                 
zone1: False                 
zone2: True
2026-09-11 00:41:25.889 | WARNING  | _action_collision_callback:330 - 
相机综合检测结果                                         
设备ID: C19                                         
区域代码: 4                                         
物体在区域内: False                                         
减速区域：False                                         
停止区域：True                                         
有物体: True                                         
有行人: True                                         
置信度: 0.897                                         
最近距离: 3.158 m                                         
相交面积: 0.000                                         
相交比例: 0.000                                         
物体类型: person                                         
最终耗时: 282.270 ms （已离开区域保持状态中）
2026-09-11 00:41:25.993 | INFO     | _send_fused_det_msg:762 - 
Publish detect message                
area: 4                 
device: ['C19']                 
distance: 3.1582470610629727                 
distance_camera: 3.1582470610629727                 
distance_lidar: 9999.0                 
has_object: True                 
has_person: True                 
zone1: False                 
zone2: True
2026-09-11 00:41:25.995 | WARNING  | _action_collision_callback:330 - 
相机综合检测结果                                         
设备ID: C19                                         
区域代码: 4                                         
物体在区域内: False                                         
减速区域：False                                         
停止区域：True                                         
有物体: True                                         
有行人: True                                         
置信度: 0.897                                         
最近距离: 3.158 m                                         
相交面积: 0.000                                         
相交比例: 0.000                                         
物体类型: person                                         
最终耗时: 124.286 ms （已离开区域保持状态中）
2026-09-11 00:41:26.008 | INFO     | _send_fused_det_msg:762 - 
Publish detect message                
area: 4                 
device: ['C19']                 
distance: 3.1582470610629727                 
distance_camera: 3.1582470610629727                 
distance_lidar: 9999.0                 
has_object: True                 
has_person: True                 
zone1: False                 
zone2: True
2026-09-11 00:41:26.191 | INFO     | _send_fused_det_msg:762 - 
Publish detect message                
area: 4                 
device: ['C19']                 
distance: 3.1582470610629727                 
distance_camera: 3.1582470610629727                 
distance_lidar: 9999.0                 
has_object: True                 
has_person: True                 
zone1: False                 
zone2: True
2026-09-11 00:41:26.206 | WARNING  | _action_collision_callback:330 - 
相机综合检测结果                                         
设备ID: C19                                         
区域代码: 4                                         
物体在区域内: False                                         
减速区域：False                                         
停止区域：True                                         
有物体: True                                         
有行人: True                                         
置信度: 0.897                                         
最近距离: 3.158 m                                         
相交面积: 0.000                                         
相交比例: 0.000                                         
物体类型: person                                         
最终耗时: 213.612 ms （已离开区域保持状态中）
2026-09-11 00:41:26.217 | INFO     | _send_fused_det_msg:762 - 
Publish detect message                
area: 4                 
device: ['C19']                 
distance: 3.1582470610629727                 
distance_camera: 3.1582470610629727                 
distance_lidar: 9999.0                 
has_object: True                 
has_person: True                 
zone1: False                 
zone2: True
2026-09-11 00:41:26.222 | WARNING  | _action_collision_callback:330 - 
相机综合检测结果                                         
设备ID: C19                                         
区域代码: 4                                         
物体在区域内: False                                         
减速区域：False                                         
停止区域：True                                         
有物体: True                                         
有行人: True                                         
置信度: 0.897                                         
最近距离: 3.158 m                                         
相交面积: 0.000                                         
相交比例: 0.000                                         
物体类型: person                                         
最终耗时: 229.426 ms （已离开区域保持状态中）
2026-09-11 00:41:26.223 | INFO     | _send_fused_det_msg:762 - 
Publish detect message                
area: 4                 
device: ['C19']                 
distance: 3.1582470610629727                 
distance_camera: 3.1582470610629727                 
distance_lidar: 9999.0                 
has_object: True                 
has_person: True                 
zone1: False                 
zone2: True
2026-09-11 00:41:26.225 | WARNING  | _action_collision_callback:330 - 
相机综合检测结果                                         
设备ID: C19                                         
区域代码: 4                                         
物体在区域内: False                                         
减速区域：False                                         
停止区域：True                                         
有物体: True                                         
有行人: True                                         
置信度: 0.897                                         
最近距离: 3.158 m                                         
相交面积: 0.000                                         
相交比例: 0.000                                         
物体类型: person                                         
最终耗时: 156.961 ms （已离开区域保持状态中）
2026-09-11 00:41:26.260 | INFO     | _send_fused_det_msg:762 - 
Publish detect message                
area: 4                 
device: ['C19']                 
distance: 3.1582470610629727                 
distance_camera: 3.1582470610629727                 
distance_lidar: 9999.0                 
has_object: True                 
has_person: True                 
zone1: False                 
zone2: True
2026-09-11 00:41:26.290 | INFO     | _send_fused_det_msg:762 - 
Publish detect message                
area: 4                 
device: ['C19']                 
distance: 3.1582470610629727                 
distance_camera: 3.1582470610629727                 
distance_lidar: 9999.0                 
has_object: True                 
has_person: True                 
zone1: False                 
zone2: True
2026-09-11 00:41:26.291 | WARNING  | _action_collision_callback:330 - 
相机综合检测结果                                         
设备ID: C19                                         
区域代码: 4                                         
物体在区域内: False                                         
减速区域：False                                         
停止区域：True                                         
有物体: True                                         
有行人: True                                         
置信度: 0.897                                         
最近距离: 3.158 m                                         
相交面积: 0.000                                         
相交比例: 0.000                                         
物体类型: person                                         
最终耗时: 133.931 ms （已离开区域保持状态中）
2026-09-11 00:41:26.356 | INFO     | _send_fused_det_msg:762 - 
Publish detect message                
area: 4                 
device: ['C19']                 
distance: 3.1582470610629727                 
distance_camera: 3.1582470610629727                 
distance_lidar: 9999.0                 
has_object: True                 
has_person: True                 
zone1: False                 
zone2: True
2026-09-11 00:41:26.358 | WARNING  | _action_collision_callback:330 - 
相机综合检测结果                                         
设备ID: C19                                         
区域代码: 4                                         
物体在区域内: False                                         
减速区域：False                                         
停止区域：True                                         
有物体: True                                         
有行人: True                                         
置信度: 0.897                                         
最近距离: 3.158 m                                         
相交面积: 0.000                                         
相交比例: 0.000                                         
物体类型: person                                         
最终耗时: 200.634 ms （已离开区域保持状态中）
2026-09-11 00:41:26.390 | INFO     | _send_fused_det_msg:762 - 
Publish detect message                
area: 4                 
device: ['C19']                 
distance: 3.1582470610629727                 
distance_camera: 3.1582470610629727                 
distance_lidar: 9999.0                 
has_object: True                 
has_person: True                 
zone1: False                 
zone2: True
2026-09-11 00:41:26.398 | WARNING  | _action_collision_callback:330 - 
相机综合检测结果                                         
设备ID: C19                                         
区域代码: 4                                         
物体在区域内: False                                         
减速区域：False                                         
停止区域：True                                         
有物体: True                                         
有行人: True                                         
置信度: 0.897                                         
最近距离: 3.158 m                                         
相交面积: 0.000                                         
相交比例: 0.000                                         
物体类型: person                                         
最终耗时: 116.836 ms （已离开区域保持状态中）
2026-09-11 00:41:26.601 | INFO     | _send_fused_det_msg:762 - 
Publish detect message                
area: 4                 
device: ['C19']                 
distance: 3.1582470610629727                 
distance_camera: 3.1582470610629727                 
distance_lidar: 9999.0                 
has_object: True                 
has_person: True                 
zone1: False                 
zone2: True
2026-09-11 00:41:26.606 | WARNING  | _action_collision_callback:330 - 
相机综合检测结果                                         
设备ID: C19                                         
区域代码: 4                                         
物体在区域内: False                                         
减速区域：False                                         
停止区域：True                                         
有物体: True                                         
有行人: True                                         
置信度: 0.897                                         
最近距离: 3.158 m                                         
相交面积: 0.000                                         
相交比例: 0.000                                         
物体类型: person                                         
最终耗时: 287.678 ms （已离开区域保持状态中）
2026-09-11 00:41:26.608 | INFO     | _send_fused_det_msg:762 - 
Publish detect message                
area: 4                 
device: ['C19']                 
distance: 3.1582470610629727                 
distance_camera: 3.1582470610629727                 
distance_lidar: 9999.0                 
has_object: True                 
has_person: True                 
zone1: False                 
zone2: True
2026-09-11 00:41:26.612 | WARNING  | _action_collision_callback:330 - 
相机综合检测结果                                         
设备ID: C19                                         
区域代码: 4                                         
物体在区域内: False                                         
减速区域：False                                         
停止区域：True                                         
有物体: True                                         
有行人: True                                         
置信度: 0.897                                         
最近距离: 3.158 m                                         
相交面积: 0.000                                         
相交比例: 0.000                                         
物体类型: person                                         
最终耗时: 252.089 ms （已离开区域保持状态中）
2026-09-11 00:41:26.661 | INFO     | _send_fused_det_msg:762 - 
Publish detect message                
area: 4                 
device: ['C19']                 
distance: 3.1582470610629727                 
distance_camera: 3.1582470610629727                 
distance_lidar: 9999.0                 
has_object: True                 
has_person: True                 
zone1: False                 
zone2: True
2026-09-11 00:41:26.664 | WARNING  | _action_collision_callback:330 - 
相机综合检测结果                                         
设备ID: C19                                         
区域代码: 4                                         
物体在区域内: False                                         
减速区域：False                                         
停止区域：True                                         
有物体: True                                         
有行人: True                                         
置信度: 0.897                                         
最近距离: 3.158 m                                         
相交面积: 0.000                                         
相交比例: 0.000                                         
物体类型: person                                         
最终耗时: 149.585 ms （已离开区域保持状态中）
2026-09-11 00:41:26.666 | INFO     | _send_fused_det_msg:762 - 
Publish detect message                
area: 4                 
device: ['C19']                 
distance: 3.1582470610629727                 
distance_camera: 3.1582470610629727                 
distance_lidar: 9999.0                 
has_object: True                 
has_person: True                 
zone1: False                 
zone2: True
2026-09-11 00:41:26.676 | WARNING  | _action_collision_callback:330 - 
相机综合检测结果                                         
设备ID: C19                                         
区域代码: 4                                         
物体在区域内: False                                         
减速区域：False                                         
停止区域：True                                         
有物体: True                                         
有行人: True                                         
置信度: 0.897                                         
最近距离: 3.158 m                                         
相交面积: 0.000                                         
相交比例: 0.000                                         
物体类型: person                                         
最终耗时: 161.963 ms （已离开区域保持状态中）
2026-09-11 00:41:26.753 | INFO     | _send_fused_det_msg:762 - 
Publish detect message                
area: 4                 
device: ['C19']                 
distance: 3.1582470610629727                 
distance_camera: 3.1582470610629727                 
distance_lidar: 9999.0                 
has_object: True                 
has_person: True                 
zone1: False                 
zone2: True
2026-09-11 00:41:26.760 | WARNING  | _action_collision_callback:330 - 
相机综合检测结果                                         
设备ID: C19                                         
区域代码: 4                                         
物体在区域内: False                                         
减速区域：False                                         
停止区域：True                                         
有物体: True                                         
有行人: True                                         
置信度: 0.897                                         
最近距离: 3.158 m                                         
相交面积: 0.000                                         
相交比例: 0.000                                         
物体类型: person                                         
最终耗时: 156.500 ms （已离开区域保持状态中）
2026-09-11 00:41:26.803 | INFO     | _send_fused_det_msg:762 - 
Publish detect message                
area: 4                 
device: ['C19']                 
distance: 3.1582470610629727                 
distance_camera: 3.1582470610629727                 
distance_lidar: 9999.0                 
has_object: True                 
has_person: True                 
zone1: False                 
zone2: True
2026-09-11 00:41:26.804 | WARNING  | _action_collision_callback:330 - 
相机综合检测结果                                         
设备ID: C19                                         
区域代码: 4                                         
物体在区域内: False                                         
减速区域：False                                         
停止区域：True                                         
有物体: True                                         
有行人: True                                         
置信度: 0.897                                         
最近距离: 3.158 m                                         
相交面积: 0.000                                         
相交比例: 0.000                                         
物体类型: person                                         
最终耗时: 125.091 ms （已离开区域保持状态中）
2026-09-11 00:41:26.845 | INFO     | _send_fused_det_msg:762 - 
Publish detect message                
area: 4                 
device: ['C19']                 
distance: 3.1582470610629727                 
distance_camera: 3.1582470610629727                 
distance_lidar: 9999.0                 
has_object: True                 
has_person: True                 
zone1: False                 
zone2: True
2026-09-11 00:41:26.904 | INFO     | _send_fused_det_msg:762 - 
Publish detect message                
area: 4                 
device: ['C19']                 
distance: 3.1582470610629727                 
distance_camera: 3.1582470610629727                 
distance_lidar: 9999.0                 
has_object: True                 
has_person: True                 
zone1: False                 
zone2: True
2026-09-11 00:41:26.915 | WARNING  | _action_collision_callback:330 - 
相机综合检测结果                                         
设备ID: C19                                         
区域代码: 4                                         
物体在区域内: False                                         
减速区域：False                                         
停止区域：True                                         
有物体: True                                         
有行人: True                                         
置信度: 0.897                                         
最近距离: 3.158 m                                         
相交面积: 0.000                                         
相交比例: 0.000                                         
物体类型: person                                         
最终耗时: 125.210 ms （已离开区域保持状态中）
2026-09-11 00:41:26.963 | INFO     | _result_done_callback:281 - [gantry_collision_seg] Received Done result: rtg_algorithm_interfaces.action.StreamAction_Result(success=True, message='Worker completed successfully.')
2026-09-11 00:41:26.970 | INFO     | _send_fused_det_msg:762 - 
Publish detect message                
area: 4                 
device: ['C19']                 
distance: 3.1582470610629727                 
distance_camera: 3.1582470610629727                 
distance_lidar: 9999.0                 
has_object: True                 
has_person: True                 
zone1: False                 
zone2: True
2026-09-11 00:41:26.971 | WARNING  | _action_collision_callback:330 - 
相机综合检测结果                                         
设备ID: C19                                         
区域代码: 4                                         
物体在区域内: False                                         
减速区域：False                                         
停止区域：True                                         
有物体: True                                         
有行人: True                                         
置信度: 0.897                                         
最近距离: 3.158 m                                         
相交面积: 0.000                                         
相交比例: 0.000                                         
物体类型: person                                         
最终耗时: 255.711 ms （已离开区域保持状态中）
2026-09-11 00:41:27.054 | INFO     | _send_goal:186 - [gantry_collision_seg] Waiting for action server '/action/gantry_collision_seg'...
2026-09-11 00:41:27.055 | INFO     | _send_goal:207 - [gantry_collision_seg] Action server '/action/gantry_collision_seg' is available. Sending goal...
2026-09-11 00:41:27.094 | INFO     | _send_fused_det_msg:762 - 
Publish detect message                
area: 4                 
device: ['C19']                 
distance: 3.1582470610629727                 
distance_camera: 3.1582470610629727                 
distance_lidar: 9999.0                 
has_object: True                 
has_person: True                 
zone1: False                 
zone2: True
2026-09-11 00:41:27.095 | INFO     | _goal_response_callback:256 - [gantry_collision_seg] Goal accepted :)
2026-09-11 00:41:27.097 | WARNING  | _action_collision_callback:330 - 
相机综合检测结果                                         
设备ID: C19                                         
区域代码: 4                                         
物体在区域内: False                                         
减速区域：False                                         
停止区域：True                                         
有物体: True                                         
有行人: True                                         
置信度: 0.897                                         
最近距离: 3.158 m                                         
相交面积: 0.000                                         
相交比例: 0.000                                         
物体类型: person                                         
最终耗时: 182.300 ms （已离开区域保持状态中）
2026-09-11 00:41:27.185 | INFO     | _send_fused_det_msg:762 - 
Publish detect message                
area: 4                 
device: ['C19']                 
distance: 3.1582470610629727                 
distance_camera: 3.1582470610629727                 
distance_lidar: 9999.0                 
has_object: True                 
has_person: True                 
zone1: False                 
zone2: True
2026-09-11 00:41:27.192 | INFO     | _send_fused_det_msg:762 - 
Publish detect message                
area: 4                 
device: ['C19']                 
distance: 3.1582470610629727                 
distance_camera: 3.1582470610629727                 
distance_lidar: 9999.0                 
has_object: True                 
has_person: True                 
zone1: False                 
zone2: True
2026-09-11 00:41:27.193 | WARNING  | _action_collision_callback:330 - 
相机综合检测结果                                         
设备ID: C19                                         
区域代码: 4                                         
物体在区域内: False                                         
减速区域：False                                         
停止区域：True                                         
有物体: True                                         
有行人: True                                         
置信度: 0.897                                         
最近距离: 3.158 m                                         
相交面积: 0.000                                         
相交比例: 0.000                                         
物体类型: person                                         
最终耗时: 147.840 ms （已离开区域保持状态中）
2026-09-11 00:41:27.327 | INFO     | _send_fused_det_msg:762 - 
Publish detect message                
area: 4                 
device: ['C19']                 
distance: 3.1582470610629727                 
distance_camera: 3.1582470610629727                 
distance_lidar: 9999.0                 
has_object: True                 
has_person: True                 
zone1: False                 
zone2: True
2026-09-11 00:41:27.328 | WARNING  | _action_collision_callback:330 - 
相机综合检测结果                                         
设备ID: C19                                         
区域代码: 4                                         
物体在区域内: False                                         
减速区域：False                                         
停止区域：True                                         
有物体: True                                         
有行人: True                                         
置信度: 0.897                                         
最近距离: 3.158 m                                         
相交面积: 0.000                                         
相交比例: 0.000                                         
物体类型: person                                         
最终耗时: 196.231 ms （已离开区域保持状态中）
2026-09-11 00:41:27.379 | INFO     | _send_fused_det_msg:762 - 
Publish detect message                
area: 4                 
device: ['C19']                 
distance: 3.1582470610629727                 
distance_camera: 3.1582470610629727                 
distance_lidar: 9999.0                 
has_object: True                 
has_person: True                 
zone1: False                 
zone2: True
2026-09-11 00:41:27.425 | WARNING  | _action_collision_callback:330 - 
相机综合检测结果                                         
设备ID: C19                                         
区域代码: 4                                         
物体在区域内: False                                         
减速区域：False                                         
停止区域：True                                         
有物体: True                                         
有行人: True                                         
置信度: 0.897                                         
最近距离: 3.158 m                                         
相交面积: 0.000                                         
相交比例: 0.000                                         
物体类型: person                                         
最终耗时: 222.090 ms （已离开区域保持状态中）
2026-09-11 00:41:27.469 | INFO     | _send_fused_det_msg:762 - 
Publish detect message                
area: 4                 
device: ['C19']                 
distance: 3.1582470610629727                 
distance_camera: 3.1582470610629727                 
distance_lidar: 9999.0                 
has_object: True                 
has_person: True                 
zone1: False                 
zone2: True
2026-09-11 00:41:27.472 | WARNING  | _action_collision_callback:330 - 
相机综合检测结果                                         
设备ID: C19                                         
区域代码: 4                                         
物体在区域内: False                                         
减速区域：False                                         
停止区域：True                                         
有物体: True                                         
有行人: True                                         
置信度: 0.897                                         
最近距离: 3.158 m                                         
相交面积: 0.000                                         
相交比例: 0.000                                         
物体类型: person                                         
最终耗时: 152.814 ms （已离开区域保持状态中）
2026-09-11 00:41:27.531 | INFO     | _send_fused_det_msg:762 - 
Publish detect message                
area: 4                 
device: ['C19']                 
distance: 3.1582470610629727                 
distance_camera: 3.1582470610629727                 
distance_lidar: 9999.0                 
has_object: True                 
has_person: True                 
zone1: False                 
zone2: True
2026-09-11 00:41:27.560 | INFO     | _send_fused_det_msg:762 - 
Publish detect message                
area: 4                 
device: ['C19']                 
distance: 3.1582470610629727                 
distance_camera: 3.1582470610629727                 
distance_lidar: 9999.0                 
has_object: True                 
has_person: True                 
zone1: False                 
zone2: True
2026-09-11 00:41:27.562 | WARNING  | _action_collision_callback:330 - 
相机综合检测结果                                         
设备ID: C19                                         
区域代码: 4                                         
物体在区域内: False                                         
减速区域：False                                         
停止区域：True                                         
有物体: True                                         
有行人: True                                         
置信度: 0.897                                         
最近距离: 3.158 m                                         
相交面积: 0.000                                         
相交比例: 0.000                                         
物体类型: person                                         
最终耗时: 208.423 ms （已离开区域保持状态中）
2026-09-11 00:41:27.611 | INFO     | _send_fused_det_msg:762 - 
Publish detect message                
area: 4                 
device: ['C19']                 
distance: 3.1582470610629727                 
distance_camera: 3.1582470610629727                 
distance_lidar: 9999.0                 
has_object: True                 
has_person: True                 
zone1: False                 
zone2: True
2026-09-11 00:41:27.615 | WARNING  | _action_collision_callback:330 - 
相机综合检测结果                                         
设备ID: C19                                         
区域代码: 4                                         
物体在区域内: False                                         
减速区域：False                                         
停止区域：True                                         
有物体: True                                         
有行人: True                                         
置信度: 0.897                                         
最近距离: 3.158 m                                         
相交面积: 0.000                                         
相交比例: 0.000                                         
物体类型: person                                         
最终耗时: 176.375 ms （已离开区域保持状态中）
2026-09-11 00:41:27.689 | INFO     | _send_fused_det_msg:762 - 
Publish detect message                
area: 4                 
device: ['C19']                 
distance: 3.1582470610629727                 
distance_camera: 3.1582470610629727                 
distance_lidar: 9999.0                 
has_object: True                 
has_person: True                 
zone1: False                 
zone2: True
2026-09-11 00:41:27.694 | WARNING  | _action_collision_callback:330 - 
相机综合检测结果                                         
设备ID: C19                                         
区域代码: 4                                         
物体在区域内: False                                         
减速区域：False                                         
停止区域：True                                         
有物体: True                                         
有行人: True                                         
置信度: 0.897                                         
最近距离: 3.158 m                                         
相交面积: 0.000                                         
相交比例: 0.000                                         
物体类型: person                                         
最终耗时: 142.867 ms （已离开区域保持状态中）
2026-09-11 00:41:27.704 | INFO     | _send_fused_det_msg:762 - 
Publish detect message                
area: 4                 
device: ['C19']                 
distance: 3.1582470610629727                 
distance_camera: 3.1582470610629727                 
distance_lidar: 9999.0                 
has_object: True                 
has_person: True                 
zone1: False                 
zone2: True
2026-09-11 00:41:27.805 | INFO     | _send_fused_det_msg:762 - 
Publish detect message                
area: 4                 
device: ['C19']                 
distance: 3.1582470610629727                 
distance_camera: 3.1582470610629727                 
distance_lidar: 9999.0                 
has_object: True                 
has_person: True                 
zone1: False                 
zone2: True
2026-09-11 00:41:27.808 | WARNING  | _action_collision_callback:330 - 
相机综合检测结果                                         
设备ID: C19                                         
区域代码: 4                                         
物体在区域内: False                                         
减速区域：False                                         
停止区域：True                                         
有物体: True                                         
有行人: True                                         
置信度: 0.897                                         
最近距离: 3.158 m                                         
相交面积: 0.000                                         
相交比例: 0.000                                         
物体类型: person                                         
最终耗时: 210.241 ms （已离开区域保持状态中）
2026-09-11 00:41:27.874 | INFO     | _send_fused_det_msg:762 - 
Publish detect message                
area: 4                 
device: ['C19']                 
distance: 3.1582470610629727                 
distance_camera: 3.1582470610629727                 
distance_lidar: 9999.0                 
has_object: True                 
has_person: True                 
zone1: False                 
zone2: True
2026-09-11 00:41:27.876 | WARNING  | _action_collision_callback:330 - 
相机综合检测结果                                         
设备ID: C19                                         
区域代码: 4                                         
物体在区域内: False                                         
减速区域：False                                         
停止区域：True                                         
有物体: True                                         
有行人: True                                         
置信度: 0.897                                         
最近距离: 3.158 m                                         
相交面积: 0.000                                         
相交比例: 0.000                                         
物体类型: person                                         
最终耗时: 278.227 ms （已离开区域保持状态中）
2026-09-11 00:41:27.967 | INFO     | _send_fused_det_msg:762 - 
Publish detect message                
area: 4                 
device: ['C19']                 
distance: 3.1582470610629727                 
distance_camera: 3.1582470610629727                 
distance_lidar: 9999.0                 
has_object: True                 
has_person: True                 
zone1: False                 
zone2: True
2026-09-11 00:41:27.968 | WARNING  | _action_collision_callback:330 - 
相机综合检测结果                                         
设备ID: C19                                         
区域代码: 4                                         
物体在区域内: False                                         
减速区域：False                                         
停止区域：True                                         
有物体: True                                         
有行人: True                                         
置信度: 0.897                                         
最近距离: 3.158 m                                         
相交面积: 0.000                                         
相交比例: 0.000                                         
物体类型: person                                         
最终耗时: 150.906 ms （已离开区域保持状态中）
2026-09-11 00:41:28.017 | INFO     | _send_fused_det_msg:762 - 
Publish detect message                
area: 4                 
device: ['C19']                 
distance: 3.1582470610629727                 
distance_camera: 3.1582470610629727                 
distance_lidar: 9999.0                 
has_object: True                 
has_person: True                 
zone1: False                 
zone2: True
2026-09-11 00:41:28.020 | WARNING  | _action_collision_callback:330 - 
相机综合检测结果                                         
设备ID: C19                                         
区域代码: 4                                         
物体在区域内: False                                         
减速区域：False                                         
停止区域：True                                         
有物体: True                                         
有行人: True                                         
置信度: 0.897                                         
最近距离: 3.158 m                                         
相交面积: 0.000                                         
相交比例: 0.000                                         
物体类型: person                                         
最终耗时: 202.264 ms （已离开区域保持状态中）
2026-09-11 00:41:28.026 | INFO     | _send_fused_det_msg:762 - 
Publish detect message                
area: 4                 
device: ['C19']                 
distance: 3.1582470610629727                 
distance_camera: 3.1582470610629727                 
distance_lidar: 9999.0                 
has_object: True                 
has_person: True                 
zone1: False                 
zone2: True
2026-09-11 00:41:28.027 | WARNING  | _action_collision_callback:330 - 
相机综合检测结果                                         
设备ID: C19                                         
区域代码: 4                                         
物体在区域内: False                                         
减速区域：False                                         
停止区域：True                                         
有物体: True                                         
有行人: True                                         
置信度: 0.897                                         
最近距离: 3.158 m                                         
相交面积: 0.000                                         
相交比例: 0.000                                         
物体类型: person                                         
最终耗时: 112.255 ms （已离开区域保持状态中）
2026-09-11 00:41:28.049 | INFO     | _send_fused_det_msg:762 - 
Publish detect message                
area: 4                 
device: ['C19']                 
distance: 3.1582470610629727                 
distance_camera: 3.1582470610629727                 
distance_lidar: 9999.0                 
has_object: True                 
has_person: True                 
zone1: False                 
zone2: True
2026-09-11 00:41:28.152 | INFO     | _send_fused_det_msg:762 - 
Publish detect message                
area: 4                 
device: ['C19']                 
distance: 3.1582470610629727                 
distance_camera: 3.1582470610629727                 
distance_lidar: 9999.0                 
has_object: True                 
has_person: True                 
zone1: False                 
zone2: True
2026-09-11 00:41:28.162 | WARNING  | _action_collision_callback:330 - 
相机综合检测结果                                         
设备ID: C19                                         
区域代码: 4                                         
物体在区域内: False                                         
减速区域：False                                         
停止区域：True                                         
有物体: True                                         
有行人: True                                         
置信度: 0.897                                         
最近距离: 3.158 m                                         
相交面积: 0.000                                         
相交比例: 0.000                                         
物体类型: person                                         
最终耗时: 159.769 ms （已离开区域保持状态中）
2026-09-11 00:41:28.205 | INFO     | _send_fused_det_msg:762 - 
Publish detect message                
area: 4                 
device: ['C19']                 
distance: 3.1582470610629727                 
distance_camera: 3.1582470610629727                 
distance_lidar: 9999.0                 
has_object: True                 
has_person: True                 
zone1: False                 
zone2: True
2026-09-11 00:41:28.278 | INFO     | _send_fused_det_msg:762 - 
Publish detect message                
area: 4                 
device: ['C19']                 
distance: 3.1582470610629727                 
distance_camera: 3.1582470610629727                 
distance_lidar: 9999.0                 
has_object: True                 
has_person: True                 
zone1: False                 
zone2: True
2026-09-11 00:41:28.355 | WARNING  | _action_collision_callback:330 - 
相机综合检测结果                                         
设备ID: C19                                         
区域代码: 4                                         
物体在区域内: False                                         
减速区域：False                                         
停止区域：True                                         
有物体: True                                         
有行人: True                                         
置信度: 0.897                                         
最近距离: 3.158 m                                         
相交面积: 0.000                                         
相交比例: 0.000                                         
物体类型: person                                         
最终耗时: 239.838 ms （已离开区域保持状态中）
2026-09-11 00:41:28.398 | INFO     | _send_fused_det_msg:762 - 
Publish detect message                
area: 4                 
device: ['C19']                 
distance: 3.1582470610629727                 
distance_camera: 3.1582470610629727                 
distance_lidar: 9999.0                 
has_object: True                 
has_person: True                 
zone1: False                 
zone2: True
2026-09-11 00:41:28.401 | INFO     | _send_fused_det_msg:762 - 
Publish detect message                
area: 4                 
device: []                 
distance: 9999.0                 
distance_camera: 9999.0                 
distance_lidar: 9999.0                 
has_object: False                 
has_person: False                 
zone1: False                 
zone2: False
2026-09-11 00:41:28.421 | INFO     | _send_fused_det_msg:762 - 
Publish detect message                
area: 4                 
device: []                 
distance: 9999.0                 
distance_camera: 9999.0                 
distance_lidar: 9999.0                 
has_object: False                 
has_person: False                 
zone1: False                 
zone2: False
2026-09-11 00:41:28.488 | INFO     | _send_fused_det_msg:762 - 
Publish detect message                
area: 4                 
device: []                 
distance: 9999.0                 
distance_camera: 9999.0                 
distance_lidar: 9999.0                 
has_object: False                 
has_person: False                 
zone1: False                 
zone2: False
2026-09-11 00:42:50.961 | INFO     | _result_done_callback:281 - [gantry_collision_seg] Received Done result: rtg_algorithm_interfaces.action.StreamAction_Result(success=True, message='Worker completed successfully.')
2026-09-11 00:42:51.051 | INFO     | _send_goal:186 - [gantry_collision_seg] Waiting for action server '/action/gantry_collision_seg'...
2026-09-11 00:42:51.057 | INFO     | _send_goal:207 - [gantry_collision_seg] Action server '/action/gantry_collision_seg' is available. Sending goal...
2026-09-11 00:42:51.074 | INFO     | _goal_response_callback:256 - [gantry_collision_seg] Goal accepted :)
2026-09-11 00:46:02.975 | INFO     | _result_done_callback:281 - [gantry_collision_seg] Received Done result: rtg_algorithm_interfaces.action.StreamAction_Result(success=True, message='Worker completed successfully.')
2026-09-11 00:46:03.046 | INFO     | _send_goal:186 - [gantry_collision_seg] Waiting for action server '/action/gantry_collision_seg'...
2026-09-11 00:46:03.048 | INFO     | _send_goal:207 - [gantry_collision_seg] Action server '/action/gantry_collision_seg' is available. Sending goal...
2026-09-11 00:46:03.061 | INFO     | _goal_response_callback:256 - [gantry_collision_seg] Goal accepted :)
2026-09-11 00:46:18.650 | INFO     | _get_distance:432 - 【gantry_collision】float(3.180713955921042e-12)*392**4 + float(-4.376907435225968e-09)*392**3 + float(-8.769731409162894e-08)*392**2 + float(0.006377065813089708)*392 + float(0.06604593877479292)
2026-09-11 00:46:18.661 | INFO     | _send_fused_det_msg:762 - 
Publish detect message                
area: 4                 
device: ['C19']                 
distance: 2.3638361661584057                 
distance_camera: 2.3638361661584057                 
distance_lidar: 9999.0                 
has_object: True                 
has_person: True                 
zone1: False                 
zone2: True
2026-09-11 00:46:18.661 | WARNING  | _action_collision_callback:330 - 
相机综合检测结果                                         
设备ID: C19                                         
区域代码: 4                                         
物体在区域内: True                                         
减速区域：False                                         
停止区域：True                                         
有物体: True                                         
有行人: True                                         
置信度: 0.879                                         
最近距离: 2.364 m                                         
相交面积: 83782.000                                         
相交比例: 0.896                                         
物体类型: person                                         
最终耗时: 257.748 ms 
2026-09-11 00:46:18.768 | INFO     | _send_fused_det_msg:762 - 
Publish detect message                
area: 4                 
device: ['C19']                 
distance: 2.3638361661584057                 
distance_camera: 2.3638361661584057                 
distance_lidar: 9999.0                 
has_object: True                 
has_person: True                 
zone1: False                 
zone2: True
2026-09-11 00:46:18.859 | INFO     | _send_fused_det_msg:762 - 
Publish detect message                
area: 4                 
device: ['C19']                 
distance: 2.3638361661584057                 
distance_camera: 2.3638361661584057                 
distance_lidar: 9999.0                 
has_object: True                 
has_person: True                 
zone1: False                 
zone2: True
2026-09-11 00:46:18.881 | INFO     | _save_collision_detect_data:868 - 保存防撞检测进入图像: /2026-09-11/algl_gantry_collision_detect_package/zone2/30/20260911_004618.jpg
2026-09-11 00:46:18.939 | INFO     | _save_detect_data:818 - 设备30进入区域4的zone2，保存进入数据
2026-09-11 00:46:18.923 | INFO     | _send_fused_det_msg:762 - 
Publish detect message                
area: 4                 
device: ['C19']                 
distance: 2.3638361661584057                 
distance_camera: 2.3638361661584057                 
distance_lidar: 9999.0                 
has_object: True                 
has_person: True                 
zone1: False                 
zone2: True
2026-09-11 00:46:18.989 | INFO     | _send_fused_det_msg:762 - 
Publish detect message                
area: 4                 
device: ['C19']                 
distance: 2.3638361661584057                 
distance_camera: 2.3638361661584057                 
distance_lidar: 9999.0                 
has_object: True                 
has_person: True                 
zone1: False                 
zone2: True
2026-09-11 00:46:18.994 | INFO     | _get_distance:432 - 【gantry_collision】float(3.180713955921042e-12)*617**4 + float(-4.376907435225968e-09)*617**3 + float(-8.769731409162894e-08)*617**2 + float(0.006377065813089708)*617 + float(0.06604593877479292)
2026-09-11 00:46:19.000 | INFO     | _send_fused_det_msg:762 - 
Publish detect message                
area: 4                 
device: ['C19']                 
distance: 3.4002018993759098                 
distance_camera: 3.4002018993759098                 
distance_lidar: 9999.0                 
has_object: True                 
has_person: True                 
zone1: False                 
zone2: True
2026-09-11 00:46:19.001 | WARNING  | _action_collision_callback:330 - 
相机综合检测结果                                         
设备ID: C19                                         
区域代码: 4                                         
物体在区域内: True                                         
减速区域：False                                         
停止区域：True                                         
有物体: True                                         
有行人: True                                         
置信度: 0.847                                         
最近距离: 3.400 m                                         
相交面积: 67735.000                                         
相交比例: 0.932                                         
物体类型: person                                         
最终耗时: 387.333 ms 
2026-09-11 00:46:19.159 | INFO     | _send_fused_det_msg:762 - 
Publish detect message                
area: 4                 
device: ['C19']                 
distance: 3.4002018993759098                 
distance_camera: 3.4002018993759098                 
distance_lidar: 9999.0                 
has_object: True                 
has_person: True                 
zone1: False                 
zone2: True
2026-09-11 00:46:19.199 | INFO     | _send_fused_det_msg:762 - 
Publish detect message                
area: 4                 
device: ['C19']                 
distance: 3.4002018993759098                 
distance_camera: 3.4002018993759098                 
distance_lidar: 9999.0                 
has_object: True                 
has_person: True                 
zone1: False                 
zone2: True
2026-09-11 00:46:19.314 | INFO     | _get_distance:432 - 【gantry_collision】float(3.180713955921042e-12)*764**4 + float(-4.376907435225968e-09)*764**3 + float(-8.769731409162894e-08)*764**2 + float(0.006377065813089708)*764 + float(0.06604593877479292)
2026-09-11 00:46:19.316 | INFO     | _send_fused_det_msg:762 - 
Publish detect message                
area: 4                 
device: ['C19']                 
distance: 4.018753650156907                 
distance_camera: 4.018753650156907                 
distance_lidar: 9999.0                 
has_object: True                 
has_person: True                 
zone1: False                 
zone2: True
2026-09-11 00:46:19.317 | WARNING  | _action_collision_callback:330 - 
相机综合检测结果                                         
设备ID: C19                                         
区域代码: 4                                         
物体在区域内: True                                         
减速区域：False                                         
停止区域：True                                         
有物体: True                                         
有行人: True                                         
置信度: 0.785                                         
最近距离: 4.019 m                                         
相交面积: 63120.000                                         
相交比例: 0.844                                         
物体类型: person                                         
最终耗时: 310.650 ms 
2026-09-11 00:46:19.346 | INFO     | _send_fused_det_msg:762 - 
Publish detect message                
area: 4                 
device: ['C19']                 
distance: 4.018753650156907                 
distance_camera: 4.018753650156907                 
distance_lidar: 9999.0                 
has_object: True                 
has_person: True                 
zone1: False                 
zone2: True
2026-09-11 00:46:19.429 | INFO     | _get_distance:432 - 【gantry_collision】float(3.180713955921042e-12)*825**4 + float(-4.376907435225968e-09)*825**3 + float(-8.769731409162894e-08)*825**2 + float(0.006377065813089708)*825 + float(0.06604593877479292)
2026-09-11 00:46:19.433 | INFO     | _send_fused_det_msg:762 - 
Publish detect message                
area: 4                 
device: ['C19']                 
distance: 4.283201318658942                 
distance_camera: 4.283201318658942                 
distance_lidar: 9999.0                 
has_object: True                 
has_person: True                 
zone1: False                 
zone2: True
2026-09-11 00:46:19.434 | WARNING  | _action_collision_callback:330 - 
相机综合检测结果                                         
设备ID: C19                                         
区域代码: 4                                         
物体在区域内: True                                         
减速区域：False                                         
停止区域：True                                         
有物体: True                                         
有行人: True                                         
置信度: 0.926                                         
最近距离: 4.283 m                                         
相交面积: 48721.000                                         
相交比例: 0.678                                         
物体类型: person                                         
最终耗时: 217.582 ms 
2026-09-11 00:46:19.481 | INFO     | _send_fused_det_msg:762 - 
Publish detect message                
area: 4                 
device: ['C19']                 
distance: 4.283201318658942                 
distance_camera: 4.283201318658942                 
distance_lidar: 9999.0                 
has_object: True                 
has_person: True                 
zone1: False                 
zone2: True
2026-09-11 00:46:19.483 | INFO     | _save_collision_detect_data:889 - 保存防撞检测进入点云: /2026-09-11/algl_gantry_collision_detect_package/zone2/11/20260911_004619.pcd
2026-09-11 00:46:19.486 | INFO     | _save_detect_data:818 - 设备11进入区域4的zone2，保存进入数据
2026-09-11 00:46:19.503 | WARNING  | _lidar_callback:367 - lidar 11 det distance 3.0014548023601493 area 4
2026-09-11 00:46:19.506 | INFO     | _send_fused_det_msg:762 - 
Publish detect message                
area: 4                 
device: ['L19']                 
distance: 3.0014548023601493                 
distance_camera: 4.283201318658942                 
distance_lidar: 3.0014548023601493                 
has_object: True                 
has_person: False                 
zone1: False                 
zone2: True
2026-09-11 00:46:19.669 | INFO     | _send_fused_det_msg:762 - 
Publish detect message                
area: 4                 
device: ['L19']                 
distance: 3.0014548023601493                 
distance_camera: 4.283201318658942                 
distance_lidar: 3.0014548023601493                 
has_object: True                 
has_person: False                 
zone1: False                 
zone2: True
2026-09-11 00:46:19.856 | INFO     | _get_distance:432 - 【gantry_collision】float(3.180713955921042e-12)*875**4 + float(-4.376907435225968e-09)*875**3 + float(-8.769731409162894e-08)*875**2 + float(0.006377065813089708)*875 + float(0.06604593877479292)
2026-09-11 00:46:19.861 | INFO     | _send_fused_det_msg:762 - 
Publish detect message                
area: 4                 
device: ['L19']                 
distance: 3.0014548023601493                 
distance_camera: 4.511125358459492                 
distance_lidar: 3.0014548023601493                 
has_object: True                 
has_person: False                 
zone1: False                 
zone2: True
2026-09-11 00:46:19.862 | WARNING  | _action_collision_callback:330 - 
相机综合检测结果                                         
设备ID: C19                                         
区域代码: 4                                         
物体在区域内: True                                         
减速区域：False                                         
停止区域：True                                         
有物体: True                                         
有行人: True                                         
置信度: 0.935                                         
最近距离: 4.511 m                                         
相交面积: 36650.000                                         
相交比例: 0.489                                         
物体类型: person                                         
最终耗时: 498.123 ms 
2026-09-11 00:46:19.903 | INFO     | _get_distance:432 - 【gantry_collision】float(3.180713955921042e-12)*964**4 + float(-4.376907435225968e-09)*964**3 + float(-8.769731409162894e-08)*964**2 + float(0.006377065813089708)*964 + float(0.06604593877479292)
2026-09-11 00:46:19.925 | INFO     | _send_fused_det_msg:762 - 
Publish detect message                
area: 4                 
device: ['L19']                 
distance: 3.0014548023601493                 
distance_camera: 4.957862102867149                 
distance_lidar: 3.0014548023601493                 
has_object: True                 
has_person: False                 
zone1: False                 
zone2: True
2026-09-11 00:46:19.926 | WARNING  | _action_collision_callback:330 - 
相机综合检测结果                                         
设备ID: C19                                         
区域代码: 4                                         
物体在区域内: True                                         
减速区域：False                                         
停止区域：True                                         
有物体: True                                         
有行人: True                                         
置信度: 0.945                                         
最近距离: 4.958 m                                         
相交面积: 19682.000                                         
相交比例: 0.282                                         
物体类型: person                                         
最终耗时: 349.721 ms 
2026-09-11 00:46:19.974 | INFO     | _send_fused_det_msg:762 - 
Publish detect message                
area: 4                 
device: ['L19']                 
distance: 3.0014548023601493                 
distance_camera: 4.957862102867149                 
distance_lidar: 3.0014548023601493                 
has_object: True                 
has_person: False                 
zone1: False                 
zone2: True
2026-09-11 00:46:20.018 | WARNING  | _lidar_callback:367 - lidar 11 det distance 3.0014548023601493 area 4
2026-09-11 00:46:20.020 | INFO     | _send_fused_det_msg:762 - 
Publish detect message                
area: 4                 
device: ['L19']                 
distance: 3.0014548023601493                 
distance_camera: 4.957862102867149                 
distance_lidar: 3.0014548023601493                 
has_object: True                 
has_person: False                 
zone1: False                 
zone2: True
2026-09-11 00:46:20.022 | INFO     | _get_distance:432 - 【gantry_collision】float(3.180713955921042e-12)*964**4 + float(-4.376907435225968e-09)*964**3 + float(-8.769731409162894e-08)*964**2 + float(0.006377065813089708)*964 + float(0.06604593877479292)
2026-09-11 00:46:20.029 | INFO     | _send_fused_det_msg:762 - 
Publish detect message                
area: 4                 
device: ['L19']                 
distance: 3.0014548023601493                 
distance_camera: 4.957862102867149                 
distance_lidar: 3.0014548023601493                 
has_object: True                 
has_person: False                 
zone1: False                 
zone2: True
2026-09-11 00:46:20.030 | WARNING  | _action_collision_callback:330 - 
相机综合检测结果                                         
设备ID: C19                                         
区域代码: 4                                         
物体在区域内: True                                         
减速区域：False                                         
停止区域：True                                         
有物体: True                                         
有行人: True                                         
置信度: 0.942                                         
最近距离: 4.958 m                                         
相交面积: 19005.000                                         
相交比例: 0.253                                         
物体类型: person                                         
最终耗时: 259.685 ms 
2026-09-11 00:46:20.102 | INFO     | _send_fused_det_msg:762 - 
Publish detect message                
area: 4                 
device: ['L19']                 
distance: 3.0014548023601493                 
distance_camera: 4.957862102867149                 
distance_lidar: 3.0014548023601493                 
has_object: True                 
has_person: False                 
zone1: False                 
zone2: True
2026-09-11 00:46:20.125 | INFO     | _send_fused_det_msg:762 - 
Publish detect message                
area: 4                 
device: ['L19']                 
distance: 3.0014548023601493                 
distance_camera: 4.957862102867149                 
distance_lidar: 3.0014548023601493                 
has_object: True                 
has_person: False                 
zone1: False                 
zone2: True
2026-09-11 00:46:20.218 | INFO     | _send_fused_det_msg:762 - 
Publish detect message                
area: 4                 
device: ['L19']                 
distance: 3.0014548023601493                 
distance_camera: 4.957862102867149                 
distance_lidar: 3.0014548023601493                 
has_object: True                 
has_person: False                 
zone1: False                 
zone2: True
2026-09-11 00:46:20.277 | WARNING  | _lidar_callback:367 - lidar 11 det distance 3.0014548023601493 area 4
2026-09-11 00:46:20.280 | INFO     | _send_fused_det_msg:762 - 
Publish detect message                
area: 4                 
device: ['L19']                 
distance: 3.0014548023601493                 
distance_camera: 4.957862102867149                 
distance_lidar: 3.0014548023601493                 
has_object: True                 
has_person: False                 
zone1: False                 
zone2: True
2026-09-11 00:46:20.299 | INFO     | _send_fused_det_msg:762 - 
Publish detect message                
area: 4                 
device: ['L19']                 
distance: 3.0014548023601493                 
distance_camera: 4.957862102867149                 
distance_lidar: 3.0014548023601493                 
has_object: True                 
has_person: False                 
zone1: False                 
zone2: True
2026-09-11 00:46:20.302 | INFO     | _send_fused_det_msg:762 - 
Publish detect message                
area: 4                 
device: ['L19']                 
distance: 3.0014548023601493                 
distance_camera: 4.957862102867149                 
distance_lidar: 3.0014548023601493                 
has_object: True                 
has_person: False                 
zone1: False                 
zone2: True
2026-09-11 00:46:20.389 | INFO     | _send_fused_det_msg:762 - 
Publish detect message                
area: 4                 
device: ['L19']                 
distance: 3.0014548023601493                 
distance_camera: 4.957862102867149                 
distance_lidar: 3.0014548023601493                 
has_object: True                 
has_person: False                 
zone1: False                 
zone2: True
2026-09-11 00:46:20.412 | INFO     | _send_fused_det_msg:762 - 
Publish detect message                
area: 4                 
device: ['L19']                 
distance: 3.0014548023601493                 
distance_camera: 4.957862102867149                 
distance_lidar: 3.0014548023601493                 
has_object: True                 
has_person: False                 
zone1: False                 
zone2: True
2026-09-11 00:46:20.480 | WARNING  | _lidar_callback:367 - lidar 11 det distance 3.0014548023601493 area 4
2026-09-11 00:46:20.482 | INFO     | _send_fused_det_msg:762 - 
Publish detect message                
area: 4                 
device: ['L19']                 
distance: 3.0014548023601493                 
distance_camera: 4.957862102867149                 
distance_lidar: 3.0014548023601493                 
has_object: True                 
has_person: False                 
zone1: False                 
zone2: True
2026-09-11 00:46:20.560 | INFO     | _send_fused_det_msg:762 - 
Publish detect message                
area: 4                 
device: ['L19']                 
distance: 3.0014548023601493                 
distance_camera: 4.957862102867149                 
distance_lidar: 3.0014548023601493                 
has_object: True                 
has_person: False                 
zone1: False                 
zone2: True
2026-09-11 00:46:20.583 | INFO     | _send_fused_det_msg:762 - 
Publish detect message                
area: 4                 
device: ['L19']                 
distance: 3.0014548023601493                 
distance_camera: 4.957862102867149                 
distance_lidar: 3.0014548023601493                 
has_object: True                 
has_person: False                 
zone1: False                 
zone2: True
2026-09-11 00:46:20.607 | INFO     | _save_collision_detect_data:889 - 保存防撞检测离开点云: /2026-09-11/algl_gantry_collision_detect_package/zone2/11/20260911_004620_leave.pcd
2026-09-11 00:46:20.607 | INFO     | _save_detect_data:820 - 设备11离开区域4的zone2，保存离开数据
2026-09-11 00:46:20.609 | INFO     | _send_fused_det_msg:762 - 
Publish detect message                
area: 4                 
device: ['C19']                 
distance: 4.957862102867149                 
distance_camera: 4.957862102867149                 
distance_lidar: 9999.0                 
has_object: True                 
has_person: True                 
zone1: False                 
zone2: True
2026-09-11 00:46:20.649 | INFO     | _send_fused_det_msg:762 - 
Publish detect message                
area: 4                 
device: ['C19']                 
distance: 4.957862102867149                 
distance_camera: 4.957862102867149                 
distance_lidar: 9999.0                 
has_object: True                 
has_person: True                 
zone1: False                 
zone2: True
2026-09-11 00:46:20.701 | INFO     | _send_fused_det_msg:762 - 
Publish detect message                
area: 4                 
device: ['C19']                 
distance: 4.957862102867149                 
distance_camera: 4.957862102867149                 
distance_lidar: 9999.0                 
has_object: True                 
has_person: True                 
zone1: False                 
zone2: True
2026-09-11 00:46:20.805 | INFO     | _send_fused_det_msg:762 - 
Publish detect message                
area: 4                 
device: ['C19']                 
distance: 4.957862102867149                 
distance_camera: 4.957862102867149                 
distance_lidar: 9999.0                 
has_object: True                 
has_person: True                 
zone1: False                 
zone2: True
2026-09-11 00:46:20.816 | INFO     | _send_fused_det_msg:762 - 
Publish detect message                
area: 4                 
device: ['C19']                 
distance: 4.957862102867149                 
distance_camera: 4.957862102867149                 
distance_lidar: 9999.0                 
has_object: True                 
has_person: True                 
zone1: False                 
zone2: True
2026-09-11 00:46:20.841 | INFO     | _send_fused_det_msg:762 - 
Publish detect message                
area: 4                 
device: ['C19']                 
distance: 4.957862102867149                 
distance_camera: 4.957862102867149                 
distance_lidar: 9999.0                 
has_object: True                 
has_person: True                 
zone1: False                 
zone2: True
2026-09-11 00:46:20.872 | INFO     | _send_fused_det_msg:762 - 
Publish detect message                
area: 4                 
device: ['C19']                 
distance: 4.957862102867149                 
distance_camera: 4.957862102867149                 
distance_lidar: 9999.0                 
has_object: True                 
has_person: True                 
zone1: False                 
zone2: True
2026-09-11 00:46:20.935 | INFO     | _send_fused_det_msg:762 - 
Publish detect message                
area: 4                 
device: ['C19']                 
distance: 4.957862102867149                 
distance_camera: 4.957862102867149                 
distance_lidar: 9999.0                 
has_object: True                 
has_person: True                 
zone1: False                 
zone2: True
2026-09-11 00:46:20.942 | INFO     | _send_fused_det_msg:762 - 
Publish detect message                
area: 4                 
device: ['C19']                 
distance: 4.957862102867149                 
distance_camera: 4.957862102867149                 
distance_lidar: 9999.0                 
has_object: True                 
has_person: True                 
zone1: False                 
zone2: True
2026-09-11 00:46:21.029 | INFO     | _send_fused_det_msg:762 - 
Publish detect message                
area: 4                 
device: ['C19']                 
distance: 4.957862102867149                 
distance_camera: 4.957862102867149                 
distance_lidar: 9999.0                 
has_object: True                 
has_person: True                 
zone1: False                 
zone2: True
2026-09-11 00:46:21.055 | INFO     | _send_fused_det_msg:762 - 
Publish detect message                
area: 4                 
device: ['C19']                 
distance: 4.957862102867149                 
distance_camera: 4.957862102867149                 
distance_lidar: 9999.0                 
has_object: True                 
has_person: True                 
zone1: False                 
zone2: True
2026-09-11 00:46:21.065 | INFO     | _send_fused_det_msg:762 - 
Publish detect message                
area: 4                 
device: ['C19']                 
distance: 4.957862102867149                 
distance_camera: 4.957862102867149                 
distance_lidar: 9999.0                 
has_object: True                 
has_person: True                 
zone1: False                 
zone2: True
2026-09-11 00:46:21.192 | INFO     | _send_fused_det_msg:762 - 
Publish detect message                
area: 4                 
device: ['C19']                 
distance: 4.957862102867149                 
distance_camera: 4.957862102867149                 
distance_lidar: 9999.0                 
has_object: True                 
has_person: True                 
zone1: False                 
zone2: True
2026-09-11 00:46:21.280 | INFO     | _send_fused_det_msg:762 - 
Publish detect message                
area: 4                 
device: ['C19']                 
distance: 4.957862102867149                 
distance_camera: 4.957862102867149                 
distance_lidar: 9999.0                 
has_object: True                 
has_person: True                 
zone1: False                 
zone2: True
2026-09-11 00:46:21.312 | INFO     | _send_fused_det_msg:762 - 
Publish detect message                
area: 4                 
device: ['C19']                 
distance: 4.957862102867149                 
distance_camera: 4.957862102867149                 
distance_lidar: 9999.0                 
has_object: True                 
has_person: True                 
zone1: False                 
zone2: True
2026-09-11 00:46:21.317 | INFO     | _send_fused_det_msg:762 - 
Publish detect message                
area: 4                 
device: ['C19']                 
distance: 4.957862102867149                 
distance_camera: 4.957862102867149                 
distance_lidar: 9999.0                 
has_object: True                 
has_person: True                 
zone1: False                 
zone2: True
2026-09-11 00:46:21.415 | INFO     | _send_fused_det_msg:762 - 
Publish detect message                
area: 4                 
device: ['C19']                 
distance: 4.957862102867149                 
distance_camera: 4.957862102867149                 
distance_lidar: 9999.0                 
has_object: True                 
has_person: True                 
zone1: False                 
zone2: True
2026-09-11 00:46:21.496 | INFO     | _send_fused_det_msg:762 - 
Publish detect message                
area: 4                 
device: ['C19']                 
distance: 4.957862102867149                 
distance_camera: 4.957862102867149                 
distance_lidar: 9999.0                 
has_object: True                 
has_person: True                 
zone1: False                 
zone2: True
2026-09-11 00:46:21.594 | INFO     | _send_fused_det_msg:762 - 
Publish detect message                
area: 4                 
device: ['C19']                 
distance: 4.957862102867149                 
distance_camera: 4.957862102867149                 
distance_lidar: 9999.0                 
has_object: True                 
has_person: True                 
zone1: False                 
zone2: True
2026-09-11 00:46:21.624 | INFO     | _send_fused_det_msg:762 - 
Publish detect message                
area: 4                 
device: ['C19']                 
distance: 4.957862102867149                 
distance_camera: 4.957862102867149                 
distance_lidar: 9999.0                 
has_object: True                 
has_person: True                 
zone1: False                 
zone2: True
2026-09-11 00:46:21.665 | INFO     | _send_fused_det_msg:762 - 
Publish detect message                
area: 4                 
device: ['C19']                 
distance: 4.957862102867149                 
distance_camera: 4.957862102867149                 
distance_lidar: 9999.0                 
has_object: True                 
has_person: True                 
zone1: False                 
zone2: True
2026-09-11 00:46:21.715 | INFO     | _send_fused_det_msg:762 - 
Publish detect message                
area: 4                 
device: ['C19']                 
distance: 4.957862102867149                 
distance_camera: 4.957862102867149                 
distance_lidar: 9999.0                 
has_object: True                 
has_person: True                 
zone1: False                 
zone2: True
2026-09-11 00:46:21.738 | INFO     | _send_fused_det_msg:762 - 
Publish detect message                
area: 4                 
device: ['C19']                 
distance: 4.957862102867149                 
distance_camera: 4.957862102867149                 
distance_lidar: 9999.0                 
has_object: True                 
has_person: True                 
zone1: False                 
zone2: True
2026-09-11 00:46:21.793 | INFO     | _send_fused_det_msg:762 - 
Publish detect message                
area: 4                 
device: ['C19']                 
distance: 4.957862102867149                 
distance_camera: 4.957862102867149                 
distance_lidar: 9999.0                 
has_object: True                 
has_person: True                 
zone1: False                 
zone2: True
2026-09-11 00:46:21.874 | INFO     | _send_fused_det_msg:762 - 
Publish detect message                
area: 4                 
device: ['C19']                 
distance: 4.957862102867149                 
distance_camera: 4.957862102867149                 
distance_lidar: 9999.0                 
has_object: True                 
has_person: True                 
zone1: False                 
zone2: True
2026-09-11 00:46:21.944 | INFO     | _send_fused_det_msg:762 - 
Publish detect message                
area: 4                 
device: ['C19']                 
distance: 4.957862102867149                 
distance_camera: 4.957862102867149                 
distance_lidar: 9999.0                 
has_object: True                 
has_person: True                 
zone1: False                 
zone2: True
2026-09-11 00:46:21.950 | INFO     | _send_fused_det_msg:762 - 
Publish detect message                
area: 4                 
device: ['C19']                 
distance: 4.957862102867149                 
distance_camera: 4.957862102867149                 
distance_lidar: 9999.0                 
has_object: True                 
has_person: True                 
zone1: False                 
zone2: True
2026-09-11 00:46:22.025 | INFO     | _send_fused_det_msg:762 - 
Publish detect message                
area: 4                 
device: ['C19']                 
distance: 4.957862102867149                 
distance_camera: 4.957862102867149                 
distance_lidar: 9999.0                 
has_object: True                 
has_person: True                 
zone1: False                 
zone2: True
2026-09-11 00:46:22.055 | INFO     | _send_fused_det_msg:762 - 
Publish detect message                
area: 4                 
device: ['C19']                 
distance: 4.957862102867149                 
distance_camera: 4.957862102867149                 
distance_lidar: 9999.0                 
has_object: True                 
has_person: True                 
zone1: False                 
zone2: True
2026-09-11 00:46:22.071 | INFO     | _send_fused_det_msg:762 - 
Publish detect message                
area: 4                 
device: ['C19']                 
distance: 4.957862102867149                 
distance_camera: 4.957862102867149                 
distance_lidar: 9999.0                 
has_object: True                 
has_person: True                 
zone1: False                 
zone2: True
2026-09-11 00:46:22.125 | INFO     | _send_fused_det_msg:762 - 
Publish detect message                
area: 4                 
device: ['C19']                 
distance: 4.957862102867149                 
distance_camera: 4.957862102867149                 
distance_lidar: 9999.0                 
has_object: True                 
has_person: True                 
zone1: False                 
zone2: True
2026-09-11 00:46:22.227 | INFO     | _send_fused_det_msg:762 - 
Publish detect message                
area: 4                 
device: ['C19']                 
distance: 4.957862102867149                 
distance_camera: 4.957862102867149                 
distance_lidar: 9999.0                 
has_object: True                 
has_person: True                 
zone1: False                 
zone2: True
2026-09-11 00:46:22.272 | INFO     | _send_fused_det_msg:762 - 
Publish detect message                
area: 4                 
device: ['C19']                 
distance: 4.957862102867149                 
distance_camera: 4.957862102867149                 
distance_lidar: 9999.0                 
has_object: True                 
has_person: True                 
zone1: False                 
zone2: True
2026-09-11 00:46:22.291 | INFO     | _send_fused_det_msg:762 - 
Publish detect message                
area: 4                 
device: ['C19']                 
distance: 4.957862102867149                 
distance_camera: 4.957862102867149                 
distance_lidar: 9999.0                 
has_object: True                 
has_person: True                 
zone1: False                 
zone2: True
2026-09-11 00:46:22.294 | INFO     | _send_fused_det_msg:762 - 
Publish detect message                
area: 4                 
device: ['C19']                 
distance: 4.957862102867149                 
distance_camera: 4.957862102867149                 
distance_lidar: 9999.0                 
has_object: True                 
has_person: True                 
zone1: False                 
zone2: True
2026-09-11 00:46:22.328 | INFO     | _send_fused_det_msg:762 - 
Publish detect message                
area: 4                 
device: ['C19']                 
distance: 4.957862102867149                 
distance_camera: 4.957862102867149                 
distance_lidar: 9999.0                 
has_object: True                 
has_person: True                 
zone1: False                 
zone2: True
2026-09-11 00:46:22.367 | INFO     | _send_fused_det_msg:762 - 
Publish detect message                
area: 4                 
device: ['C19']                 
distance: 4.957862102867149                 
distance_camera: 4.957862102867149                 
distance_lidar: 9999.0                 
has_object: True                 
has_person: True                 
zone1: False                 
zone2: True
2026-09-11 00:46:22.382 | INFO     | _send_fused_det_msg:762 - 
Publish detect message                
area: 4                 
device: ['C19']                 
distance: 4.957862102867149                 
distance_camera: 4.957862102867149                 
distance_lidar: 9999.0                 
has_object: True                 
has_person: True                 
zone1: False                 
zone2: True
2026-09-11 00:46:22.490 | INFO     | _send_fused_det_msg:762 - 
Publish detect message                
area: 4                 
device: ['C19']                 
distance: 4.957862102867149                 
distance_camera: 4.957862102867149                 
distance_lidar: 9999.0                 
has_object: True                 
has_person: True                 
zone1: False                 
zone2: True
2026-09-11 00:46:22.534 | INFO     | _send_fused_det_msg:762 - 
Publish detect message                
area: 4                 
device: ['C19']                 
distance: 4.957862102867149                 
distance_camera: 4.957862102867149                 
distance_lidar: 9999.0                 
has_object: True                 
has_person: True                 
zone1: False                 
zone2: True
2026-09-11 00:46:22.552 | INFO     | _send_fused_det_msg:762 - 
Publish detect message                
area: 4                 
device: ['C19']                 
distance: 4.957862102867149                 
distance_camera: 4.957862102867149                 
distance_lidar: 9999.0                 
has_object: True                 
has_person: True                 
zone1: False                 
zone2: True
2026-09-11 00:46:22.558 | INFO     | _send_fused_det_msg:762 - 
Publish detect message                
area: 4                 
device: ['C19']                 
distance: 4.957862102867149                 
distance_camera: 4.957862102867149                 
distance_lidar: 9999.0                 
has_object: True                 
has_person: True                 
zone1: False                 
zone2: True
2026-09-11 00:46:22.631 | INFO     | _send_fused_det_msg:762 - 
Publish detect message                
area: 4                 
device: ['C19']                 
distance: 4.957862102867149                 
distance_camera: 4.957862102867149                 
distance_lidar: 9999.0                 
has_object: True                 
has_person: True                 
zone1: False                 
zone2: True
2026-09-11 00:46:22.665 | INFO     | _send_fused_det_msg:762 - 
Publish detect message                
area: 4                 
device: ['C19']                 
distance: 4.957862102867149                 
distance_camera: 4.957862102867149                 
distance_lidar: 9999.0                 
has_object: True                 
has_person: True                 
zone1: False                 
zone2: True
2026-09-11 00:46:22.762 | INFO     | _send_fused_det_msg:762 - 
Publish detect message                
area: 4                 
device: ['C19']                 
distance: 4.957862102867149                 
distance_camera: 4.957862102867149                 
distance_lidar: 9999.0                 
has_object: True                 
has_person: True                 
zone1: False                 
zone2: True
2026-09-11 00:46:22.780 | INFO     | _send_fused_det_msg:762 - 
Publish detect message                
area: 4                 
device: ['C19']                 
distance: 4.957862102867149                 
distance_camera: 4.957862102867149                 
distance_lidar: 9999.0                 
has_object: True                 
has_person: True                 
zone1: False                 
zone2: True
2026-09-11 00:46:22.834 | INFO     | _send_fused_det_msg:762 - 
Publish detect message                
area: 4                 
device: ['C19']                 
distance: 4.957862102867149                 
distance_camera: 4.957862102867149                 
distance_lidar: 9999.0                 
has_object: True                 
has_person: True                 
zone1: False                 
zone2: True
2026-09-11 00:46:22.890 | INFO     | _send_fused_det_msg:762 - 
Publish detect message                
area: 4                 
device: ['C19']                 
distance: 4.957862102867149                 
distance_camera: 4.957862102867149                 
distance_lidar: 9999.0                 
has_object: True                 
has_person: True                 
zone1: False                 
zone2: True
2026-09-11 00:46:22.921 | INFO     | _send_fused_det_msg:762 - 
Publish detect message                
area: 4                 
device: ['C19']                 
distance: 4.957862102867149                 
distance_camera: 4.957862102867149                 
distance_lidar: 9999.0                 
has_object: True                 
has_person: True                 
zone1: False                 
zone2: True
2026-09-11 00:46:22.926 | INFO     | _send_fused_det_msg:762 - 
Publish detect message                
area: 4                 
device: ['C19']                 
distance: 4.957862102867149                 
distance_camera: 4.957862102867149                 
distance_lidar: 9999.0                 
has_object: True                 
has_person: True                 
zone1: False                 
zone2: True
2026-09-11 00:46:23.066 | INFO     | _send_fused_det_msg:762 - 
Publish detect message                
area: 4                 
device: ['C19']                 
distance: 4.957862102867149                 
distance_camera: 4.957862102867149                 
distance_lidar: 9999.0                 
has_object: True                 
has_person: True                 
zone1: False                 
zone2: True
2026-09-11 00:46:23.068 | WARNING  | _action_collision_callback:330 - 
相机综合检测结果                                         
设备ID: C19                                         
区域代码: 4                                         
物体在区域内: False                                         
减速区域：False                                         
停止区域：True                                         
有物体: True                                         
有行人: True                                         
置信度: 0.942                                         
最近距离: 4.958 m                                         
相交面积: 0.000                                         
相交比例: 0.000                                         
物体类型: person                                         
最终耗时: 180.436 ms （已离开区域保持状态中）
2026-09-11 00:46:23.073 | INFO     | _send_fused_det_msg:762 - 
Publish detect message                
area: 4                 
device: ['C19']                 
distance: 4.957862102867149                 
distance_camera: 4.957862102867149                 
distance_lidar: 9999.0                 
has_object: True                 
has_person: True                 
zone1: False                 
zone2: True
2026-09-11 00:46:23.076 | WARNING  | _action_collision_callback:330 - 
相机综合检测结果                                         
设备ID: C19                                         
区域代码: 4                                         
物体在区域内: False                                         
减速区域：False                                         
停止区域：True                                         
有物体: True                                         
有行人: True                                         
置信度: 0.942                                         
最近距离: 4.958 m                                         
相交面积: 0.000                                         
相交比例: 0.000                                         
物体类型: person                                         
最终耗时: 151.529 ms （已离开区域保持状态中）
2026-09-11 00:46:23.143 | INFO     | _send_fused_det_msg:762 - 
Publish detect message                
area: 4                 
device: ['C19']                 
distance: 4.957862102867149                 
distance_camera: 4.957862102867149                 
distance_lidar: 9999.0                 
has_object: True                 
has_person: True                 
zone1: False                 
zone2: True
2026-09-11 00:46:23.145 | WARNING  | _action_collision_callback:330 - 
相机综合检测结果                                         
设备ID: C19                                         
区域代码: 4                                         
物体在区域内: False                                         
减速区域：False                                         
停止区域：True                                         
有物体: True                                         
有行人: True                                         
置信度: 0.942                                         
最近距离: 4.958 m                                         
相交面积: 0.000                                         
相交比例: 0.000                                         
物体类型: person                                         
最终耗时: 127.584 ms （已离开区域保持状态中）
2026-09-11 00:46:23.154 | INFO     | _save_collision_detect_data:868 - 保存防撞检测离开图像: /2026-09-11/algl_gantry_collision_detect_package/zone2/30/20260911_004622_leave.jpg
2026-09-11 00:46:23.155 | INFO     | _save_detect_data:820 - 设备30离开区域4的zone2，保存离开数据
2026-09-11 00:46:23.209 | INFO     | _send_fused_det_msg:762 - 
Publish detect message                
area: 4                 
device: ['C19']                 
distance: 4.957862102867149                 
distance_camera: 4.957862102867149                 
distance_lidar: 9999.0                 
has_object: True                 
has_person: True                 
zone1: False                 
zone2: True
2026-09-11 00:46:23.210 | WARNING  | _action_collision_callback:330 - 
相机综合检测结果                                         
设备ID: C19                                         
区域代码: 4                                         
物体在区域内: False                                         
减速区域：False                                         
停止区域：True                                         
有物体: True                                         
有行人: True                                         
置信度: 0.942                                         
最近距离: 4.958 m                                         
相交面积: 0.000                                         
相交比例: 0.000                                         
物体类型: person                                         
最终耗时: 192.440 ms （已离开区域保持状态中）
2026-09-11 00:46:23.233 | INFO     | _send_fused_det_msg:762 - 
Publish detect message                
area: 4                 
device: ['C19']                 
distance: 4.957862102867149                 
distance_camera: 4.957862102867149                 
distance_lidar: 9999.0                 
has_object: True                 
has_person: True                 
zone1: False                 
zone2: True
2026-09-11 00:46:23.243 | INFO     | _send_fused_det_msg:762 - 
Publish detect message                
area: 4                 
device: ['C19']                 
distance: 4.957862102867149                 
distance_camera: 4.957862102867149                 
distance_lidar: 9999.0                 
has_object: True                 
has_person: True                 
zone1: False                 
zone2: True
2026-09-11 00:46:23.248 | WARNING  | _action_collision_callback:330 - 
相机综合检测结果                                         
设备ID: C19                                         
区域代码: 4                                         
物体在区域内: False                                         
减速区域：False                                         
停止区域：True                                         
有物体: True                                         
有行人: True                                         
置信度: 0.942                                         
最近距离: 4.958 m                                         
相交面积: 0.000                                         
相交比例: 0.000                                         
物体类型: person                                         
最终耗时: 157.425 ms （已离开区域保持状态中）
2026-09-11 00:46:23.324 | INFO     | _send_fused_det_msg:762 - 
Publish detect message                
area: 4                 
device: ['C19']                 
distance: 4.957862102867149                 
distance_camera: 4.957862102867149                 
distance_lidar: 9999.0                 
has_object: True                 
has_person: True                 
zone1: False                 
zone2: True
2026-09-11 00:46:23.327 | WARNING  | _action_collision_callback:330 - 
相机综合检测结果                                         
设备ID: C19                                         
区域代码: 4                                         
物体在区域内: False                                         
减速区域：False                                         
停止区域：True                                         
有物体: True                                         
有行人: True                                         
置信度: 0.942                                         
最近距离: 4.958 m                                         
相交面积: 0.000                                         
相交比例: 0.000                                         
物体类型: person                                         
最终耗时: 154.114 ms （已离开区域保持状态中）
2026-09-11 00:46:23.432 | INFO     | _send_fused_det_msg:762 - 
Publish detect message                
area: 4                 
device: ['C19']                 
distance: 4.957862102867149                 
distance_camera: 4.957862102867149                 
distance_lidar: 9999.0                 
has_object: True                 
has_person: True                 
zone1: False                 
zone2: True
2026-09-11 00:46:23.433 | WARNING  | _action_collision_callback:330 - 
相机综合检测结果                                         
设备ID: C19                                         
区域代码: 4                                         
物体在区域内: False                                         
减速区域：False                                         
停止区域：True                                         
有物体: True                                         
有行人: True                                         
置信度: 0.942                                         
最近距离: 4.958 m                                         
相交面积: 0.000                                         
相交比例: 0.000                                         
物体类型: person                                         
最终耗时: 148.118 ms （已离开区域保持状态中）
2026-09-11 00:46:23.579 | INFO     | _send_fused_det_msg:762 - 
Publish detect message                
area: 4                 
device: ['C19']                 
distance: 4.957862102867149                 
distance_camera: 4.957862102867149                 
distance_lidar: 9999.0                 
has_object: True                 
has_person: True                 
zone1: False                 
zone2: True
2026-09-11 00:46:23.584 | WARNING  | _action_collision_callback:330 - 
相机综合检测结果                                         
设备ID: C19                                         
区域代码: 4                                         
物体在区域内: False                                         
减速区域：False                                         
停止区域：True                                         
有物体: True                                         
有行人: True                                         
置信度: 0.942                                         
最近距离: 4.958 m                                         
相交面积: 0.000                                         
相交比例: 0.000                                         
物体类型: person                                         
最终耗时: 259.810 ms （已离开区域保持状态中）
2026-09-11 00:46:23.588 | INFO     | _send_fused_det_msg:762 - 
Publish detect message                
area: 4                 
device: ['C19']                 
distance: 4.957862102867149                 
distance_camera: 4.957862102867149                 
distance_lidar: 9999.0                 
has_object: True                 
has_person: True                 
zone1: False                 
zone2: True
2026-09-11 00:46:23.594 | WARNING  | _action_collision_callback:330 - 
相机综合检测结果                                         
设备ID: C19                                         
区域代码: 4                                         
物体在区域内: False                                         
减速区域：False                                         
停止区域：True                                         
有物体: True                                         
有行人: True                                         
置信度: 0.942                                         
最近距离: 4.958 m                                         
相交面积: 0.000                                         
相交比例: 0.000                                         
物体类型: person                                         
最终耗时: 177.493 ms （已离开区域保持状态中）
2026-09-11 00:46:23.609 | INFO     | _send_fused_det_msg:762 - 
Publish detect message                
area: 4                 
device: ['C19']                 
distance: 4.957862102867149                 
distance_camera: 4.957862102867149                 
distance_lidar: 9999.0                 
has_object: True                 
has_person: True                 
zone1: False                 
zone2: True
2026-09-11 00:46:23.614 | WARNING  | _action_collision_callback:330 - 
相机综合检测结果                                         
设备ID: C19                                         
区域代码: 4                                         
物体在区域内: False                                         
减速区域：False                                         
停止区域：True                                         
有物体: True                                         
有行人: True                                         
置信度: 0.942                                         
最近距离: 4.958 m                                         
相交面积: 0.000                                         
相交比例: 0.000                                         
物体类型: person                                         
最终耗时: 133.153 ms （已离开区域保持状态中）
2026-09-11 00:46:23.622 | INFO     | _send_fused_det_msg:762 - 
Publish detect message                
area: 4                 
device: ['C19']                 
distance: 4.957862102867149                 
distance_camera: 4.957862102867149                 
distance_lidar: 9999.0                 
has_object: True                 
has_person: True                 
zone1: False                 
zone2: True
2026-09-11 00:46:23.624 | WARNING  | _action_collision_callback:330 - 
相机综合检测结果                                         
设备ID: C19                                         
区域代码: 4                                         
物体在区域内: False                                         
减速区域：False                                         
停止区域：True                                         
有物体: True                                         
有行人: True                                         
置信度: 0.942                                         
最近距离: 4.958 m                                         
相交面积: 0.000                                         
相交比例: 0.000                                         
物体类型: person                                         
最终耗时: 143.268 ms （已离开区域保持状态中）
2026-09-11 00:46:23.719 | INFO     | _send_fused_det_msg:762 - 
Publish detect message                
area: 4                 
device: ['C19']                 
distance: 4.957862102867149                 
distance_camera: 4.957862102867149                 
distance_lidar: 9999.0                 
has_object: True                 
has_person: True                 
zone1: False                 
zone2: True
2026-09-11 00:46:23.741 | WARNING  | _action_collision_callback:330 - 
相机综合检测结果                                         
设备ID: C19                                         
区域代码: 4                                         
物体在区域内: False                                         
减速区域：False                                         
停止区域：True                                         
有物体: True                                         
有行人: True                                         
置信度: 0.942                                         
最近距离: 4.958 m                                         
相交面积: 0.000                                         
相交比例: 0.000                                         
物体类型: person                                         
最终耗时: 179.711 ms （已离开区域保持状态中）
2026-09-11 00:46:23.780 | INFO     | _send_fused_det_msg:762 - 
Publish detect message                
area: 4                 
device: ['C19']                 
distance: 4.957862102867149                 
distance_camera: 4.957862102867149                 
distance_lidar: 9999.0                 
has_object: True                 
has_person: True                 
zone1: False                 
zone2: True
2026-09-11 00:46:23.781 | WARNING  | _action_collision_callback:330 - 
相机综合检测结果                                         
设备ID: C19                                         
区域代码: 4                                         
物体在区域内: False                                         
减速区域：False                                         
停止区域：True                                         
有物体: True                                         
有行人: True                                         
置信度: 0.942                                         
最近距离: 4.958 m                                         
相交面积: 0.000                                         
相交比例: 0.000                                         
物体类型: person                                         
最终耗时: 220.696 ms （已离开区域保持状态中）
2026-09-11 00:46:23.800 | INFO     | _send_fused_det_msg:762 - 
Publish detect message                
area: 4                 
device: ['C19']                 
distance: 4.957862102867149                 
distance_camera: 4.957862102867149                 
distance_lidar: 9999.0                 
has_object: True                 
has_person: True                 
zone1: False                 
zone2: True
2026-09-11 00:46:23.927 | INFO     | _send_fused_det_msg:762 - 
Publish detect message                
area: 4                 
device: ['C19']                 
distance: 4.957862102867149                 
distance_camera: 4.957862102867149                 
distance_lidar: 9999.0                 
has_object: True                 
has_person: True                 
zone1: False                 
zone2: True
2026-09-11 00:46:23.930 | WARNING  | _action_collision_callback:330 - 
相机综合检测结果                                         
设备ID: C19                                         
区域代码: 4                                         
物体在区域内: False                                         
减速区域：False                                         
停止区域：True                                         
有物体: True                                         
有行人: True                                         
置信度: 0.942                                         
最近距离: 4.958 m                                         
相交面积: 0.000                                         
相交比例: 0.000                                         
物体类型: person                                         
最终耗时: 96.472 ms （已离开区域保持状态中）
2026-09-11 00:46:23.944 | INFO     | _send_fused_det_msg:762 - 
Publish detect message                
area: 4                 
device: ['C19']                 
distance: 4.957862102867149                 
distance_camera: 4.957862102867149                 
distance_lidar: 9999.0                 
has_object: True                 
has_person: True                 
zone1: False                 
zone2: True
2026-09-11 00:46:24.049 | INFO     | _send_fused_det_msg:762 - 
Publish detect message                
area: 4                 
device: ['C19']                 
distance: 4.957862102867149                 
distance_camera: 4.957862102867149                 
distance_lidar: 9999.0                 
has_object: True                 
has_person: True                 
zone1: False                 
zone2: True
2026-09-11 00:46:24.051 | WARNING  | _action_collision_callback:330 - 
相机综合检测结果                                         
设备ID: C19                                         
区域代码: 4                                         
物体在区域内: False                                         
减速区域：False                                         
停止区域：True                                         
有物体: True                                         
有行人: True                                         
置信度: 0.942                                         
最近距离: 4.958 m                                         
相交面积: 0.000                                         
相交比例: 0.000                                         
物体类型: person                                         
最终耗时: 114.130 ms （已离开区域保持状态中）
2026-09-11 00:46:24.057 | INFO     | _send_fused_det_msg:762 - 
Publish detect message                
area: 4                 
device: ['C19']                 
distance: 4.957862102867149                 
distance_camera: 4.957862102867149                 
distance_lidar: 9999.0                 
has_object: True                 
has_person: True                 
zone1: False                 
zone2: True
2026-09-11 00:46:24.122 | INFO     | _send_fused_det_msg:762 - 
Publish detect message                
area: 4                 
device: ['C19']                 
distance: 4.957862102867149                 
distance_camera: 4.957862102867149                 
distance_lidar: 9999.0                 
has_object: True                 
has_person: True                 
zone1: False                 
zone2: True
2026-09-11 00:46:24.125 | WARNING  | _action_collision_callback:330 - 
相机综合检测结果                                         
设备ID: C19                                         
区域代码: 4                                         
物体在区域内: False                                         
减速区域：False                                         
停止区域：True                                         
有物体: True                                         
有行人: True                                         
置信度: 0.942                                         
最近距离: 4.958 m                                         
相交面积: 0.000                                         
相交比例: 0.000                                         
物体类型: person                                         
最终耗时: 107.162 ms （已离开区域保持状态中）
2026-09-11 00:46:24.164 | INFO     | _send_fused_det_msg:762 - 
Publish detect message                
area: 4                 
device: ['C19']                 
distance: 4.957862102867149                 
distance_camera: 4.957862102867149                 
distance_lidar: 9999.0                 
has_object: True                 
has_person: True                 
zone1: False                 
zone2: True
2026-09-11 00:46:24.204 | INFO     | _send_fused_det_msg:762 - 
Publish detect message                
area: 4                 
device: ['C19']                 
distance: 4.957862102867149                 
distance_camera: 4.957862102867149                 
distance_lidar: 9999.0                 
has_object: True                 
has_person: True                 
zone1: False                 
zone2: True
2026-09-11 00:46:24.207 | WARNING  | _action_collision_callback:330 - 
相机综合检测结果                                         
设备ID: C19                                         
区域代码: 4                                         
物体在区域内: False                                         
减速区域：False                                         
停止区域：True                                         
有物体: True                                         
有行人: True                                         
置信度: 0.942                                         
最近距离: 4.958 m                                         
相交面积: 0.000                                         
相交比例: 0.000                                         
物体类型: person                                         
最终耗时: 189.668 ms （已离开区域保持状态中）
2026-09-11 00:46:24.255 | INFO     | _send_fused_det_msg:762 - 
Publish detect message                
area: 4                 
device: ['C19']                 
distance: 4.957862102867149                 
distance_camera: 4.957862102867149                 
distance_lidar: 9999.0                 
has_object: True                 
has_person: True                 
zone1: False                 
zone2: True
2026-09-11 00:46:24.264 | WARNING  | _action_collision_callback:330 - 
相机综合检测结果                                         
设备ID: C19                                         
区域代码: 4                                         
物体在区域内: False                                         
减速区域：False                                         
停止区域：True                                         
有物体: True                                         
有行人: True                                         
置信度: 0.942                                         
最近距离: 4.958 m                                         
相交面积: 0.000                                         
相交比例: 0.000                                         
物体类型: person                                         
最终耗时: 172.292 ms （已离开区域保持状态中）
2026-09-11 00:46:24.363 | INFO     | _send_fused_det_msg:762 - 
Publish detect message                
area: 4                 
device: ['C19']                 
distance: 4.957862102867149                 
distance_camera: 4.957862102867149                 
distance_lidar: 9999.0                 
has_object: True                 
has_person: True                 
zone1: False                 
zone2: True
2026-09-11 00:46:24.364 | WARNING  | _action_collision_callback:330 - 
相机综合检测结果                                         
设备ID: C19                                         
区域代码: 4                                         
物体在区域内: False                                         
减速区域：False                                         
停止区域：True                                         
有物体: True                                         
有行人: True                                         
置信度: 0.942                                         
最近距离: 4.958 m                                         
相交面积: 0.000                                         
相交比例: 0.000                                         
物体类型: person                                         
最终耗时: 184.417 ms （已离开区域保持状态中）
2026-09-11 00:46:24.368 | INFO     | _send_fused_det_msg:762 - 
Publish detect message                
area: 4                 
device: ['C19']                 
distance: 4.957862102867149                 
distance_camera: 4.957862102867149                 
distance_lidar: 9999.0                 
has_object: True                 
has_person: True                 
zone1: False                 
zone2: True
2026-09-11 00:46:24.380 | WARNING  | _action_collision_callback:330 - 
相机综合检测结果                                         
设备ID: C19                                         
区域代码: 4                                         
物体在区域内: False                                         
减速区域：False                                         
停止区域：True                                         
有物体: True                                         
有行人: True                                         
置信度: 0.942                                         
最近距离: 4.958 m                                         
相交面积: 0.000                                         
相交比例: 0.000                                         
物体类型: person                                         
最终耗时: 134.559 ms （已离开区域保持状态中）
2026-09-11 00:46:24.468 | INFO     | _send_fused_det_msg:762 - 
Publish detect message                
area: 4                 
device: ['C19']                 
distance: 4.957862102867149                 
distance_camera: 4.957862102867149                 
distance_lidar: 9999.0                 
has_object: True                 
has_person: True                 
zone1: False                 
zone2: True
2026-09-11 00:46:24.469 | WARNING  | _action_collision_callback:330 - 
相机综合检测结果                                         
设备ID: C19                                         
区域代码: 4                                         
物体在区域内: False                                         
减速区域：False                                         
停止区域：True                                         
有物体: True                                         
有行人: True                                         
置信度: 0.942                                         
最近距离: 4.958 m                                         
相交面积: 0.000                                         
相交比例: 0.000                                         
物体类型: person                                         
最终耗时: 106.553 ms （已离开区域保持状态中）
2026-09-11 00:46:24.544 | INFO     | _send_fused_det_msg:762 - 
Publish detect message                
area: 4                 
device: ['C19']                 
distance: 4.957862102867149                 
distance_camera: 4.957862102867149                 
distance_lidar: 9999.0                 
has_object: True                 
has_person: True                 
zone1: False                 
zone2: True
2026-09-11 00:46:24.576 | INFO     | _send_fused_det_msg:762 - 
Publish detect message                
area: 4                 
device: ['C19']                 
distance: 4.957862102867149                 
distance_camera: 4.957862102867149                 
distance_lidar: 9999.0                 
has_object: True                 
has_person: True                 
zone1: False                 
zone2: True
2026-09-11 00:46:24.693 | INFO     | _send_fused_det_msg:762 - 
Publish detect message                
area: 4                 
device: ['C19']                 
distance: 4.957862102867149                 
distance_camera: 4.957862102867149                 
distance_lidar: 9999.0                 
has_object: True                 
has_person: True                 
zone1: False                 
zone2: True
2026-09-11 00:46:24.694 | WARNING  | _action_collision_callback:330 - 
相机综合检测结果                                         
设备ID: C19                                         
区域代码: 4                                         
物体在区域内: False                                         
减速区域：False                                         
停止区域：True                                         
有物体: True                                         
有行人: True                                         
置信度: 0.942                                         
最近距离: 4.958 m                                         
相交面积: 0.000                                         
相交比例: 0.000                                         
物体类型: person                                         
最终耗时: 173.268 ms （已离开区域保持状态中）
2026-09-11 00:46:24.698 | INFO     | _send_fused_det_msg:762 - 
Publish detect message                
area: 4                 
device: ['C19']                 
distance: 4.957862102867149                 
distance_camera: 4.957862102867149                 
distance_lidar: 9999.0                 
has_object: True                 
has_person: True                 
zone1: False                 
zone2: True
2026-09-11 00:46:24.705 | WARNING  | _action_collision_callback:330 - 
相机综合检测结果                                         
设备ID: C19                                         
区域代码: 4                                         
物体在区域内: False                                         
减速区域：False                                         
停止区域：True                                         
有物体: True                                         
有行人: True                                         
置信度: 0.942                                         
最近距离: 4.958 m                                         
相交面积: 0.000                                         
相交比例: 0.000                                         
物体类型: person                                         
最终耗时: 183.982 ms （已离开区域保持状态中）
2026-09-11 00:46:24.772 | INFO     | _send_fused_det_msg:762 - 
Publish detect message                
area: 4                 
device: ['C19']                 
distance: 4.957862102867149                 
distance_camera: 4.957862102867149                 
distance_lidar: 9999.0                 
has_object: True                 
has_person: True                 
zone1: False                 
zone2: True
2026-09-11 00:46:24.774 | WARNING  | _action_collision_callback:330 - 
相机综合检测结果                                         
设备ID: C19                                         
区域代码: 4                                         
物体在区域内: False                                         
减速区域：False                                         
停止区域：True                                         
有物体: True                                         
有行人: True                                         
置信度: 0.942                                         
最近距离: 4.958 m                                         
相交面积: 0.000                                         
相交比例: 0.000                                         
物体类型: person                                         
最终耗时: 95.293 ms （已离开区域保持状态中）
2026-09-11 00:46:24.868 | INFO     | _send_fused_det_msg:762 - 
Publish detect message                
area: 4                 
device: ['C19']                 
distance: 4.957862102867149                 
distance_camera: 4.957862102867149                 
distance_lidar: 9999.0                 
has_object: True                 
has_person: True                 
zone1: False                 
zone2: True
2026-09-11 00:46:24.876 | WARNING  | _action_collision_callback:330 - 
相机综合检测结果                                         
设备ID: C19                                         
区域代码: 4                                         
物体在区域内: False                                         
减速区域：False                                         
停止区域：True                                         
有物体: True                                         
有行人: True                                         
置信度: 0.942                                         
最近距离: 4.958 m                                         
相交面积: 0.000                                         
相交比例: 0.000                                         
物体类型: person                                         
最终耗时: 197.326 ms （已离开区域保持状态中）
2026-09-11 00:46:24.941 | INFO     | _send_fused_det_msg:762 - 
Publish detect message                
area: 4                 
device: ['C19']                 
distance: 4.957862102867149                 
distance_camera: 4.957862102867149                 
distance_lidar: 9999.0                 
has_object: True                 
has_person: True                 
zone1: False                 
zone2: True
2026-09-11 00:46:24.946 | WARNING  | _action_collision_callback:330 - 
相机综合检测结果                                         
设备ID: C19                                         
区域代码: 4                                         
物体在区域内: False                                         
减速区域：False                                         
停止区域：True                                         
有物体: True                                         
有行人: True                                         
置信度: 0.942                                         
最近距离: 4.958 m                                         
相交面积: 0.000                                         
相交比例: 0.000                                         
物体类型: person                                         
最终耗时: 140.998 ms （已离开区域保持状态中）
2026-09-11 00:46:24.957 | INFO     | _send_fused_det_msg:762 - 
Publish detect message                
area: 4                 
device: ['C19']                 
distance: 4.957862102867149                 
distance_camera: 4.957862102867149                 
distance_lidar: 9999.0                 
has_object: True                 
has_person: True                 
zone1: False                 
zone2: True
2026-09-11 00:46:25.017 | INFO     | _send_fused_det_msg:762 - 
Publish detect message                
area: 4                 
device: ['C19']                 
distance: 4.957862102867149                 
distance_camera: 4.957862102867149                 
distance_lidar: 9999.0                 
has_object: True                 
has_person: True                 
zone1: False                 
zone2: True
2026-09-11 00:46:25.019 | WARNING  | _action_collision_callback:330 - 
相机综合检测结果                                         
设备ID: C19                                         
区域代码: 4                                         
物体在区域内: False                                         
减速区域：False                                         
停止区域：True                                         
有物体: True                                         
有行人: True                                         
置信度: 0.942                                         
最近距离: 4.958 m                                         
相交面积: 0.000                                         
相交比例: 0.000                                         
物体类型: person                                         
最终耗时: 180.096 ms （已离开区域保持状态中）
2026-09-11 00:46:25.026 | INFO     | _send_fused_det_msg:762 - 
Publish detect message                
area: 4                 
device: ['C19']                 
distance: 4.957862102867149                 
distance_camera: 4.957862102867149                 
distance_lidar: 9999.0                 
has_object: True                 
has_person: True                 
zone1: False                 
zone2: True
2026-09-11 00:46:25.027 | WARNING  | _action_collision_callback:330 - 
相机综合检测结果                                         
设备ID: C19                                         
区域代码: 4                                         
物体在区域内: False                                         
减速区域：False                                         
停止区域：True                                         
有物体: True                                         
有行人: True                                         
置信度: 0.942                                         
最近距离: 4.958 m                                         
相交面积: 0.000                                         
相交比例: 0.000                                         
物体类型: person                                         
最终耗时: 109.050 ms （已离开区域保持状态中）
2026-09-11 00:46:25.137 | INFO     | _send_fused_det_msg:762 - 
Publish detect message                
area: 4                 
device: ['C19']                 
distance: 4.957862102867149                 
distance_camera: 4.957862102867149                 
distance_lidar: 9999.0                 
has_object: True                 
has_person: True                 
zone1: False                 
zone2: True
2026-09-11 00:46:25.154 | WARNING  | _action_collision_callback:330 - 
相机综合检测结果                                         
设备ID: C19                                         
区域代码: 4                                         
物体在区域内: False                                         
减速区域：False                                         
停止区域：True                                         
有物体: True                                         
有行人: True                                         
置信度: 0.942                                         
最近距离: 4.958 m                                         
相交面积: 0.000                                         
相交比例: 0.000                                         
物体类型: person                                         
最终耗时: 151.658 ms （已离开区域保持状态中）
2026-09-11 00:46:25.170 | INFO     | _send_fused_det_msg:762 - 
Publish detect message                
area: 4                 
device: ['C19']                 
distance: 4.957862102867149                 
distance_camera: 4.957862102867149                 
distance_lidar: 9999.0                 
has_object: True                 
has_person: True                 
zone1: False                 
zone2: True
2026-09-11 00:46:25.171 | WARNING  | _action_collision_callback:330 - 
相机综合检测结果                                         
设备ID: C19                                         
区域代码: 4                                         
物体在区域内: False                                         
减速区域：False                                         
停止区域：True                                         
有物体: True                                         
有行人: True                                         
置信度: 0.942                                         
最近距离: 4.958 m                                         
相交面积: 0.000                                         
相交比例: 0.000                                         
物体类型: person                                         
最终耗时: 168.530 ms （已离开区域保持状态中）
2026-09-11 00:46:25.218 | INFO     | _send_fused_det_msg:762 - 
Publish detect message                
area: 4                 
device: ['C19']                 
distance: 4.957862102867149                 
distance_camera: 4.957862102867149                 
distance_lidar: 9999.0                 
has_object: True                 
has_person: True                 
zone1: False                 
zone2: True
2026-09-11 00:46:25.243 | INFO     | _send_fused_det_msg:762 - 
Publish detect message                
area: 4                 
device: ['C19']                 
distance: 4.957862102867149                 
distance_camera: 4.957862102867149                 
distance_lidar: 9999.0                 
has_object: True                 
has_person: True                 
zone1: False                 
zone2: True
2026-09-11 00:46:25.253 | WARNING  | _action_collision_callback:330 - 
相机综合检测结果                                         
设备ID: C19                                         
区域代码: 4                                         
物体在区域内: False                                         
减速区域：False                                         
停止区域：True                                         
有物体: True                                         
有行人: True                                         
置信度: 0.942                                         
最近距离: 4.958 m                                         
相交面积: 0.000                                         
相交比例: 0.000                                         
物体类型: person                                         
最终耗时: 132.601 ms （已离开区域保持状态中）
2026-09-11 00:46:25.338 | INFO     | _send_fused_det_msg:762 - 
Publish detect message                
area: 4                 
device: ['C19']                 
distance: 4.957862102867149                 
distance_camera: 4.957862102867149                 
distance_lidar: 9999.0                 
has_object: True                 
has_person: True                 
zone1: False                 
zone2: True
2026-09-11 00:46:25.348 | WARNING  | _action_collision_callback:330 - 
相机综合检测结果                                         
设备ID: C19                                         
区域代码: 4                                         
物体在区域内: False                                         
减速区域：False                                         
停止区域：True                                         
有物体: True                                         
有行人: True                                         
置信度: 0.942                                         
最近距离: 4.958 m                                         
相交面积: 0.000                                         
相交比例: 0.000                                         
物体类型: person                                         
最终耗时: 155.117 ms （已离开区域保持状态中）
2026-09-11 00:46:25.356 | INFO     | _send_fused_det_msg:762 - 
Publish detect message                
area: 4                 
device: ['C19']                 
distance: 4.957862102867149                 
distance_camera: 4.957862102867149                 
distance_lidar: 9999.0                 
has_object: True                 
has_person: True                 
zone1: False                 
zone2: True
2026-09-11 00:46:25.445 | INFO     | _send_fused_det_msg:762 - 
Publish detect message                
area: 4                 
device: ['C19']                 
distance: 4.957862102867149                 
distance_camera: 4.957862102867149                 
distance_lidar: 9999.0                 
has_object: True                 
has_person: True                 
zone1: False                 
zone2: True
2026-09-11 00:46:25.450 | WARNING  | _action_collision_callback:330 - 
相机综合检测结果                                         
设备ID: C19                                         
区域代码: 4                                         
物体在区域内: False                                         
减速区域：False                                         
停止区域：True                                         
有物体: True                                         
有行人: True                                         
置信度: 0.942                                         
最近距离: 4.958 m                                         
相交面积: 0.000                                         
相交比例: 0.000                                         
物体类型: person                                         
最终耗时: 127.369 ms （已离开区域保持状态中）
2026-09-11 00:46:25.484 | INFO     | _send_fused_det_msg:762 - 
Publish detect message                
area: 4                 
device: ['C19']                 
distance: 4.957862102867149                 
distance_camera: 4.957862102867149                 
distance_lidar: 9999.0                 
has_object: True                 
has_person: True                 
zone1: False                 
zone2: True
2026-09-11 00:46:25.484 | WARNING  | _action_collision_callback:330 - 
相机综合检测结果                                         
设备ID: C19                                         
区域代码: 4                                         
物体在区域内: False                                         
减速区域：False                                         
停止区域：True                                         
有物体: True                                         
有行人: True                                         
置信度: 0.942                                         
最近距离: 4.958 m                                         
相交面积: 0.000                                         
相交比例: 0.000                                         
物体类型: person                                         
最终耗时: 161.897 ms （已离开区域保持状态中）
2026-09-11 00:46:25.603 | INFO     | _send_fused_det_msg:762 - 
Publish detect message                
area: 4                 
device: ['C19']                 
distance: 4.957862102867149                 
distance_camera: 4.957862102867149                 
distance_lidar: 9999.0                 
has_object: True                 
has_person: True                 
zone1: False                 
zone2: True
2026-09-11 00:46:25.679 | INFO     | _send_fused_det_msg:762 - 
Publish detect message                
area: 4                 
device: ['C19']                 
distance: 4.957862102867149                 
distance_camera: 4.957862102867149                 
distance_lidar: 9999.0                 
has_object: True                 
has_person: True                 
zone1: False                 
zone2: True
2026-09-11 00:46:25.697 | WARNING  | _action_collision_callback:330 - 
相机综合检测结果                                         
设备ID: C19                                         
区域代码: 4                                         
物体在区域内: False                                         
减速区域：False                                         
停止区域：True                                         
有物体: True                                         
有行人: True                                         
置信度: 0.942                                         
最近距离: 4.958 m                                         
相交面积: 0.000                                         
相交比例: 0.000                                         
物体类型: person                                         
最终耗时: 217.529 ms （已离开区域保持状态中）
2026-09-11 00:46:25.805 | INFO     | _send_fused_det_msg:762 - 
Publish detect message                
area: 4                 
device: ['C19']                 
distance: 4.957862102867149                 
distance_camera: 4.957862102867149                 
distance_lidar: 9999.0                 
has_object: True                 
has_person: True                 
zone1: False                 
zone2: True
2026-09-11 00:46:25.806 | WARNING  | _action_collision_callback:330 - 
相机综合检测结果                                         
设备ID: C19                                         
区域代码: 4                                         
物体在区域内: False                                         
减速区域：False                                         
停止区域：True                                         
有物体: True                                         
有行人: True                                         
置信度: 0.942                                         
最近距离: 4.958 m                                         
相交面积: 0.000                                         
相交比例: 0.000                                         
物体类型: person                                         
最终耗时: 252.084 ms （已离开区域保持状态中）
2026-09-11 00:46:25.815 | INFO     | _send_fused_det_msg:762 - 
Publish detect message                
area: 4                 
device: ['C19']                 
distance: 4.957862102867149                 
distance_camera: 4.957862102867149                 
distance_lidar: 9999.0                 
has_object: True                 
has_person: True                 
zone1: False                 
zone2: True
2026-09-11 00:46:25.920 | INFO     | _send_fused_det_msg:762 - 
Publish detect message                
area: 4                 
device: ['C19']                 
distance: 4.957862102867149                 
distance_camera: 4.957862102867149                 
distance_lidar: 9999.0                 
has_object: True                 
has_person: True                 
zone1: False                 
zone2: True
2026-09-11 00:46:25.928 | WARNING  | _action_collision_callback:330 - 
相机综合检测结果                                         
设备ID: C19                                         
区域代码: 4                                         
物体在区域内: False                                         
减速区域：False                                         
停止区域：True                                         
有物体: True                                         
有行人: True                                         
置信度: 0.942                                         
最近距离: 4.958 m                                         
相交面积: 0.000                                         
相交比例: 0.000                                         
物体类型: person                                         
最终耗时: 136.655 ms （已离开区域保持状态中）
2026-09-11 00:46:25.929 | INFO     | _send_fused_det_msg:762 - 
Publish detect message                
area: 4                 
device: ['C19']                 
distance: 4.957862102867149                 
distance_camera: 4.957862102867149                 
distance_lidar: 9999.0                 
has_object: True                 
has_person: True                 
zone1: False                 
zone2: True
2026-09-11 00:46:26.002 | INFO     | _send_fused_det_msg:762 - 
Publish detect message                
area: 4                 
device: []                 
distance: 9999.0                 
distance_camera: 9999.0                 
distance_lidar: 9999.0                 
has_object: False                 
has_person: False                 
zone1: False                 
zone2: False
2026-09-11 00:46:26.081 | INFO     | _send_fused_det_msg:762 - 
Publish detect message                
area: 4                 
device: []                 
distance: 9999.0                 
distance_camera: 9999.0                 
distance_lidar: 9999.0                 
has_object: False                 
has_person: False                 
zone1: False                 
zone2: False
2026-09-11 00:46:26.137 | INFO     | _send_fused_det_msg:762 - 
Publish detect message                
area: 4                 
device: []                 
distance: 9999.0                 
distance_camera: 9999.0                 
distance_lidar: 9999.0                 
has_object: False                 
has_person: False                 
zone1: False                 
zone2: False
2026-09-11 00:46:37.523 | WARNING  | _lidar_callback:367 - lidar 11 det distance 19.4025555377441 area 4
2026-09-11 00:46:37.528 | INFO     | _send_fused_det_msg:762 - 
Publish detect message                
area: 4                 
device: ['L19']                 
distance: 19.4025555377441                 
distance_camera: 9999.0                 
distance_lidar: 19.4025555377441                 
has_object: True                 
has_person: False                 
zone1: False                 
zone2: False
2026-09-11 00:46:37.562 | INFO     | _send_fused_det_msg:762 - 
Publish detect message                
area: 4                 
device: ['L19']                 
distance: 19.4025555377441                 
distance_camera: 9999.0                 
distance_lidar: 19.4025555377441                 
has_object: True                 
has_person: False                 
zone1: False                 
zone2: False
2026-09-11 00:46:37.592 | INFO     | _send_fused_det_msg:762 - 
Publish detect message                
area: 4                 
device: ['L19']                 
distance: 19.4025555377441                 
distance_camera: 9999.0                 
distance_lidar: 19.4025555377441                 
has_object: True                 
has_person: False                 
zone1: False                 
zone2: False
2026-09-11 00:46:37.745 | WARNING  | _lidar_callback:367 - lidar 11 det distance 19.4025555377441 area 4
2026-09-11 00:46:37.746 | INFO     | _send_fused_det_msg:762 - 
Publish detect message                
area: 4                 
device: ['L19']                 
distance: 19.4025555377441                 
distance_camera: 9999.0                 
distance_lidar: 19.4025555377441                 
has_object: True                 
has_person: False                 
zone1: False                 
zone2: False
2026-09-11 00:46:37.756 | INFO     | _send_fused_det_msg:762 - 
Publish detect message                
area: 4                 
device: ['L19']                 
distance: 19.4025555377441                 
distance_camera: 9999.0                 
distance_lidar: 19.4025555377441                 
has_object: True                 
has_person: False                 
zone1: False                 
zone2: False
2026-09-11 00:46:37.799 | INFO     | _send_fused_det_msg:762 - 
Publish detect message                
area: 4                 
device: ['L19']                 
distance: 19.4025555377441                 
distance_camera: 9999.0                 
distance_lidar: 19.4025555377441                 
has_object: True                 
has_person: False                 
zone1: False                 
zone2: False
2026-09-11 00:46:37.983 | WARNING  | _lidar_callback:367 - lidar 11 det distance 19.4025555377441 area 4
2026-09-11 00:46:37.988 | INFO     | _send_fused_det_msg:762 - 
Publish detect message                
area: 4                 
device: ['L19']                 
distance: 19.4025555377441                 
distance_camera: 9999.0                 
distance_lidar: 19.4025555377441                 
has_object: True                 
has_person: False                 
zone1: False                 
zone2: False
2026-09-11 00:46:38.005 | INFO     | _send_fused_det_msg:762 - 
Publish detect message                
area: 4                 
device: ['L19']                 
distance: 19.4025555377441                 
distance_camera: 9999.0                 
distance_lidar: 19.4025555377441                 
has_object: True                 
has_person: False                 
zone1: False                 
zone2: False
2026-09-11 00:46:38.078 | INFO     | _send_fused_det_msg:762 - 
Publish detect message                
area: 4                 
device: ['L19']                 
distance: 19.4025555377441                 
distance_camera: 9999.0                 
distance_lidar: 19.4025555377441                 
has_object: True                 
has_person: False                 
zone1: False                 
zone2: False
2026-09-11 00:46:38.095 | INFO     | _send_fused_det_msg:762 - 
Publish detect message                
area: 4                 
device: ['L19']                 
distance: 19.4025555377441                 
distance_camera: 9999.0                 
distance_lidar: 19.4025555377441                 
has_object: True                 
has_person: False                 
zone1: False                 
zone2: False
2026-09-11 00:46:38.176 | INFO     | _send_fused_det_msg:762 - 
Publish detect message                
area: 4                 
device: ['L19']                 
distance: 19.4025555377441                 
distance_camera: 9999.0                 
distance_lidar: 19.4025555377441                 
has_object: True                 
has_person: False                 
zone1: False                 
zone2: False
2026-09-11 00:46:38.216 | WARNING  | _lidar_callback:367 - lidar 11 det distance 19.4025555377441 area 4
2026-09-11 00:46:38.219 | INFO     | _send_fused_det_msg:762 - 
Publish detect message                
area: 4                 
device: ['L19']                 
distance: 19.4025555377441                 
distance_camera: 9999.0                 
distance_lidar: 19.4025555377441                 
has_object: True                 
has_person: False                 
zone1: False                 
zone2: False
2026-09-11 00:46:38.264 | INFO     | _send_fused_det_msg:762 - 
Publish detect message                
area: 4                 
device: ['L19']                 
distance: 19.4025555377441                 
distance_camera: 9999.0                 
distance_lidar: 19.4025555377441                 
has_object: True                 
has_person: False                 
zone1: False                 
zone2: False
2026-09-11 00:46:38.279 | INFO     | _send_fused_det_msg:762 - 
Publish detect message                
area: 4                 
device: ['L19']                 
distance: 19.4025555377441                 
distance_camera: 9999.0                 
distance_lidar: 19.4025555377441                 
has_object: True                 
has_person: False                 
zone1: False                 
zone2: False
2026-09-11 00:46:38.433 | INFO     | _send_fused_det_msg:762 - 
Publish detect message                
area: 4                 
device: ['L19']                 
distance: 19.4025555377441                 
distance_camera: 9999.0                 
distance_lidar: 19.4025555377441                 
has_object: True                 
has_person: False                 
zone1: False                 
zone2: False
2026-09-11 00:46:38.450 | INFO     | _send_fused_det_msg:762 - 
Publish detect message                
area: 4                 
device: ['L19']                 
distance: 19.4025555377441                 
distance_camera: 9999.0                 
distance_lidar: 19.4025555377441                 
has_object: True                 
has_person: False                 
zone1: False                 
zone2: False
2026-09-11 00:46:38.512 | INFO     | _send_fused_det_msg:762 - 
Publish detect message                
area: 4                 
device: ['L19']                 
distance: 19.4025555377441                 
distance_camera: 9999.0                 
distance_lidar: 19.4025555377441                 
has_object: True                 
has_person: False                 
zone1: False                 
zone2: False
2026-09-11 00:46:38.513 | WARNING  | _lidar_callback:367 - lidar 11 det distance 22.401528094145583 area 4
2026-09-11 00:46:38.514 | INFO     | _send_fused_det_msg:762 - 
Publish detect message                
area: 4                 
device: ['L19']                 
distance: 22.401528094145583                 
distance_camera: 9999.0                 
distance_lidar: 22.401528094145583                 
has_object: True                 
has_person: False                 
zone1: False                 
zone2: False
2026-09-11 00:46:38.537 | INFO     | _send_fused_det_msg:762 - 
Publish detect message                
area: 4                 
device: ['L19']                 
distance: 22.401528094145583                 
distance_camera: 9999.0                 
distance_lidar: 22.401528094145583                 
has_object: True                 
has_person: False                 
zone1: False                 
zone2: False
2026-09-11 00:46:38.723 | INFO     | _send_fused_det_msg:762 - 
Publish detect message                
area: 4                 
device: ['L19']                 
distance: 22.401528094145583                 
distance_camera: 9999.0                 
distance_lidar: 22.401528094145583                 
has_object: True                 
has_person: False                 
zone1: False                 
zone2: False
2026-09-11 00:46:38.742 | INFO     | _send_fused_det_msg:762 - 
Publish detect message                
area: 4                 
device: ['L19']                 
distance: 22.401528094145583                 
distance_camera: 9999.0                 
distance_lidar: 22.401528094145583                 
has_object: True                 
has_person: False                 
zone1: False                 
zone2: False
2026-09-11 00:46:38.806 | WARNING  | _lidar_callback:367 - lidar 11 det distance 22.401528094145583 area 4
2026-09-11 00:46:38.808 | INFO     | _send_fused_det_msg:762 - 
Publish detect message                
area: 4                 
device: ['L19']                 
distance: 22.401528094145583                 
distance_camera: 9999.0                 
distance_lidar: 22.401528094145583                 
has_object: True                 
has_person: False                 
zone1: False                 
zone2: False
2026-09-11 00:46:38.829 | INFO     | _send_fused_det_msg:762 - 
Publish detect message                
area: 4                 
device: ['L19']                 
distance: 22.401528094145583                 
distance_camera: 9999.0                 
distance_lidar: 22.401528094145583                 
has_object: True                 
has_person: False                 
zone1: False                 
zone2: False
2026-09-11 00:46:38.905 | INFO     | _send_fused_det_msg:762 - 
Publish detect message                
area: 4                 
device: ['L19']                 
distance: 22.401528094145583                 
distance_camera: 9999.0                 
distance_lidar: 22.401528094145583                 
has_object: True                 
has_person: False                 
zone1: False                 
zone2: False
2026-09-11 00:46:38.969 | INFO     | _send_fused_det_msg:762 - 
Publish detect message                
area: 4                 
device: ['L19']                 
distance: 22.401528094145583                 
distance_camera: 9999.0                 
distance_lidar: 22.401528094145583                 
has_object: True                 
has_person: False                 
zone1: False                 
zone2: False
2026-09-11 00:46:39.080 | INFO     | _send_fused_det_msg:762 - 
Publish detect message                
area: 4                 
device: ['L19']                 
distance: 22.401528094145583                 
distance_camera: 9999.0                 
distance_lidar: 22.401528094145583                 
has_object: True                 
has_person: False                 
zone1: False                 
zone2: False
2026-09-11 00:46:39.085 | INFO     | _send_fused_det_msg:762 - 
Publish detect message                
area: 4                 
device: ['L19']                 
distance: 22.401528094145583                 
distance_camera: 9999.0                 
distance_lidar: 22.401528094145583                 
has_object: True                 
has_person: False                 
zone1: False                 
zone2: False
2026-09-11 00:46:39.162 | WARNING  | _lidar_callback:367 - lidar 11 det distance 22.401528094145583 area 4
2026-09-11 00:46:39.166 | INFO     | _send_fused_det_msg:762 - 
Publish detect message                
area: 4                 
device: ['L19']                 
distance: 22.401528094145583                 
distance_camera: 9999.0                 
distance_lidar: 22.401528094145583                 
has_object: True                 
has_person: False                 
zone1: False                 
zone2: False
2026-09-11 00:46:39.175 | INFO     | _send_fused_det_msg:762 - 
Publish detect message                
area: 4                 
device: ['L19']                 
distance: 22.401528094145583                 
distance_camera: 9999.0                 
distance_lidar: 22.401528094145583                 
has_object: True                 
has_person: False                 
zone1: False                 
zone2: False
2026-09-11 00:46:39.189 | INFO     | _send_fused_det_msg:762 - 
Publish detect message                
area: 4                 
device: ['L19']                 
distance: 22.401528094145583                 
distance_camera: 9999.0                 
distance_lidar: 22.401528094145583                 
has_object: True                 
has_person: False                 
zone1: False                 
zone2: False
2026-09-11 00:46:39.244 | INFO     | _send_fused_det_msg:762 - 
Publish detect message                
area: 4                 
device: ['L19']                 
distance: 22.401528094145583                 
distance_camera: 9999.0                 
distance_lidar: 22.401528094145583                 
has_object: True                 
has_person: False                 
zone1: False                 
zone2: False
2026-09-11 00:46:39.326 | INFO     | _send_fused_det_msg:762 - 
Publish detect message                
area: 4                 
device: ['L19']                 
distance: 22.401528094145583                 
distance_camera: 9999.0                 
distance_lidar: 22.401528094145583                 
has_object: True                 
has_person: False                 
zone1: False                 
zone2: False
2026-09-11 00:46:39.357 | INFO     | _send_fused_det_msg:762 - 
Publish detect message                
area: 4                 
device: ['L19']                 
distance: 22.401528094145583                 
distance_camera: 9999.0                 
distance_lidar: 22.401528094145583                 
has_object: True                 
has_person: False                 
zone1: False                 
zone2: False
2026-09-11 00:46:39.397 | INFO     | _send_fused_det_msg:762 - 
Publish detect message                
area: 4                 
device: ['L19']                 
distance: 22.401528094145583                 
distance_camera: 9999.0                 
distance_lidar: 22.401528094145583                 
has_object: True                 
has_person: False                 
zone1: False                 
zone2: False
2026-09-11 00:46:39.432 | INFO     | _send_fused_det_msg:762 - 
Publish detect message                
area: 4                 
device: []                 
distance: 9999.0                 
distance_camera: 9999.0                 
distance_lidar: 9999.0                 
has_object: False                 
has_person: False                 
zone1: False                 
zone2: False
2026-09-11 00:46:39.440 | INFO     | _send_fused_det_msg:762 - 
Publish detect message                
area: 4                 
device: []                 
distance: 9999.0                 
distance_camera: 9999.0                 
distance_lidar: 9999.0                 
has_object: False                 
has_person: False                 
zone1: False                 
zone2: False
2026-09-11 00:46:39.450 | INFO     | _send_fused_det_msg:762 - 
Publish detect message                
area: 4                 
device: []                 
distance: 9999.0                 
distance_camera: 9999.0                 
distance_lidar: 9999.0                 
has_object: False                 
has_person: False                 
zone1: False                 
zone2: False
2026-09-11 00:48:23.783 | WARNING  | _lidar_callback:367 - lidar 36 det distance 9.23547860515018 area 2
2026-09-11 00:48:23.785 | INFO     | _send_fused_det_msg:762 - 
Publish detect message                
area: 2                 
device: ['L20']                 
distance: 9.23547860515018                 
distance_camera: 9999.0                 
distance_lidar: 9.23547860515018                 
has_object: True                 
has_person: False                 
zone1: True                 
zone2: False
2026-09-11 00:48:23.853 | INFO     | _send_fused_det_msg:762 - 
Publish detect message                
area: 2                 
device: ['L20']                 
distance: 9.23547860515018                 
distance_camera: 9999.0                 
distance_lidar: 9.23547860515018                 
has_object: True                 
has_person: False                 
zone1: True                 
zone2: False
2026-09-11 00:48:24.023 | WARNING  | _lidar_callback:367 - lidar 36 det distance 9.23547860515018 area 2
2026-09-11 00:48:24.027 | INFO     | _send_fused_det_msg:762 - 
Publish detect message                
area: 2                 
device: ['L20']                 
distance: 9.23547860515018                 
distance_camera: 9999.0                 
distance_lidar: 9.23547860515018                 
has_object: True                 
has_person: False                 
zone1: True                 
zone2: False
2026-09-11 00:48:24.060 | INFO     | _send_fused_det_msg:762 - 
Publish detect message                
area: 2                 
device: ['L20']                 
distance: 9.23547860515018                 
distance_camera: 9999.0                 
distance_lidar: 9.23547860515018                 
has_object: True                 
has_person: False                 
zone1: True                 
zone2: False
2026-09-11 00:48:24.180 | INFO     | _send_fused_det_msg:762 - 
Publish detect message                
area: 2                 
device: ['L20']                 
distance: 9.23547860515018                 
distance_camera: 9999.0                 
distance_lidar: 9.23547860515018                 
has_object: True                 
has_person: False                 
zone1: True                 
zone2: False
2026-09-11 00:48:24.348 | INFO     | _save_collision_detect_data:889 - 保存防撞检测离开点云: /2026-09-11/algl_gantry_collision_detect_package/zone1/36/20260911_004824_leave.pcd
2026-09-11 00:48:24.349 | INFO     | _save_detect_data:820 - 设备36离开区域2的zone1，保存离开数据
2026-09-11 00:48:24.350 | INFO     | _send_fused_det_msg:762 - 
Publish detect message                
area: 2                 
device: []                 
distance: 9999.0                 
distance_camera: 9999.0                 
distance_lidar: 9999.0                 
has_object: False                 
has_person: False                 
zone1: False                 
zone2: False
2026-09-11 00:48:24.352 | INFO     | _send_fused_det_msg:762 - 
Publish detect message                
area: 2                 
device: []                 
distance: 9999.0                 
distance_camera: 9999.0                 
distance_lidar: 9999.0                 
has_object: False                 
has_person: False                 
zone1: False                 
zone2: False
2026-09-11 00:48:24.502 | INFO     | _send_fused_det_msg:762 - 
Publish detect message                
area: 2                 
device: []                 
distance: 9999.0                 
distance_camera: 9999.0                 
distance_lidar: 9999.0                 
has_object: False                 
has_person: False                 
zone1: False                 
zone2: False
2026-09-11 00:48:27.494 | INFO     | _save_collision_detect_data:889 - 保存防撞检测进入点云: /2026-09-11/algl_gantry_collision_detect_package/zone1/36/20260911_004827.pcd
2026-09-11 00:48:27.494 | INFO     | _save_detect_data:818 - 设备36进入区域2的zone1，保存进入数据
2026-09-11 00:48:27.498 | WARNING  | _lidar_callback:367 - lidar 36 det distance 8.743569163093172 area 2
2026-09-11 00:48:27.499 | INFO     | _send_fused_det_msg:762 - 
Publish detect message                
area: 2                 
device: ['L20']                 
distance: 8.743569163093172                 
distance_camera: 9999.0                 
distance_lidar: 8.743569163093172                 
has_object: True                 
has_person: False                 
zone1: True                 
zone2: False
2026-09-11 00:48:27.527 | INFO     | _send_fused_det_msg:762 - 
Publish detect message                
area: 2                 
device: ['L20']                 
distance: 8.743569163093172                 
distance_camera: 9999.0                 
distance_lidar: 8.743569163093172                 
has_object: True                 
has_person: False                 
zone1: True                 
zone2: False
2026-09-11 00:48:27.648 | INFO     | _send_fused_det_msg:762 - 
Publish detect message                
area: 2                 
device: ['L20']                 
distance: 8.743569163093172                 
distance_camera: 9999.0                 
distance_lidar: 8.743569163093172                 
has_object: True                 
has_person: False                 
zone1: True                 
zone2: False
2026-09-11 00:48:27.825 | INFO     | _send_fused_det_msg:762 - 
Publish detect message                
area: 2                 
device: ['L20']                 
distance: 8.743569163093172                 
distance_camera: 9999.0                 
distance_lidar: 8.743569163093172                 
has_object: True                 
has_person: False                 
zone1: True                 
zone2: False
2026-09-11 00:48:27.901 | WARNING  | _lidar_callback:367 - lidar 36 det distance 8.743569163093172 area 2
2026-09-11 00:48:27.904 | INFO     | _send_fused_det_msg:762 - 
Publish detect message                
area: 2                 
device: ['L20']                 
distance: 8.743569163093172                 
distance_camera: 9999.0                 
distance_lidar: 8.743569163093172                 
has_object: True                 
has_person: False                 
zone1: True                 
zone2: False
2026-09-11 00:48:28.086 | WARNING  | _lidar_callback:367 - lidar 36 det distance 8.743569163093172 area 2
2026-09-11 00:48:28.087 | INFO     | _send_fused_det_msg:762 - 
Publish detect message                
area: 2                 
device: ['L20']                 
distance: 8.743569163093172                 
distance_camera: 9999.0                 
distance_lidar: 8.743569163093172                 
has_object: True                 
has_person: False                 
zone1: True                 
zone2: False
2026-09-11 00:48:28.097 | INFO     | _send_fused_det_msg:762 - 
Publish detect message                
area: 2                 
device: ['L20']                 
distance: 8.743569163093172                 
distance_camera: 9999.0                 
distance_lidar: 8.743569163093172                 
has_object: True                 
has_person: False                 
zone1: True                 
zone2: False
2026-09-11 00:48:28.206 | INFO     | _send_fused_det_msg:762 - 
Publish detect message                
area: 2                 
device: ['L20']                 
distance: 8.743569163093172                 
distance_camera: 9999.0                 
distance_lidar: 8.743569163093172                 
has_object: True                 
has_person: False                 
zone1: True                 
zone2: False
2026-09-11 00:48:28.294 | WARNING  | _lidar_callback:367 - lidar 36 det distance 8.743569163093172 area 2
2026-09-11 00:48:28.295 | INFO     | _send_fused_det_msg:762 - 
Publish detect message                
area: 2                 
device: ['L20']                 
distance: 8.743569163093172                 
distance_camera: 9999.0                 
distance_lidar: 8.743569163093172                 
has_object: True                 
has_person: False                 
zone1: True                 
zone2: False
2026-09-11 00:48:28.336 | INFO     | _send_fused_det_msg:762 - 
Publish detect message                
area: 2                 
device: ['L20']                 
distance: 8.743569163093172                 
distance_camera: 9999.0                 
distance_lidar: 8.743569163093172                 
has_object: True                 
has_person: False                 
zone1: True                 
zone2: False
2026-09-11 00:48:28.537 | INFO     | _send_fused_det_msg:762 - 
Publish detect message                
area: 2                 
device: ['L20']                 
distance: 8.743569163093172                 
distance_camera: 9999.0                 
distance_lidar: 8.743569163093172                 
has_object: True                 
has_person: False                 
zone1: True                 
zone2: False
2026-09-11 00:48:28.571 | INFO     | _save_collision_detect_data:889 - 保存防撞检测离开点云: /2026-09-11/algl_gantry_collision_detect_package/zone1/36/20260911_004828_leave.pcd
2026-09-11 00:48:28.572 | INFO     | _save_detect_data:820 - 设备36离开区域2的zone1，保存离开数据
2026-09-11 00:48:28.573 | INFO     | _send_fused_det_msg:762 - 
Publish detect message                
area: 2                 
device: []                 
distance: 9999.0                 
distance_camera: 9999.0                 
distance_lidar: 9999.0                 
has_object: False                 
has_person: False                 
zone1: False                 
zone2: False
2026-09-11 00:48:28.673 | INFO     | _send_fused_det_msg:762 - 
Publish detect message                
area: 2                 
device: []                 
distance: 9999.0                 
distance_camera: 9999.0                 
distance_lidar: 9999.0                 
has_object: False                 
has_person: False                 
zone1: False                 
zone2: False
2026-09-11 00:48:28.730 | INFO     | _send_fused_det_msg:762 - 
Publish detect message                
area: 2                 
device: []                 
distance: 9999.0                 
distance_camera: 9999.0                 
distance_lidar: 9999.0                 
has_object: False                 
has_person: False                 
zone1: False                 
zone2: False
2026-09-11 00:49:22.968 | INFO     | _result_done_callback:281 - [gantry_collision_seg] Received Done result: rtg_algorithm_interfaces.action.StreamAction_Result(success=True, message='Worker completed successfully.')
2026-09-11 00:49:23.037 | INFO     | _send_goal:186 - [gantry_collision_seg] Waiting for action server '/action/gantry_collision_seg'...
2026-09-11 00:49:23.041 | INFO     | _send_goal:207 - [gantry_collision_seg] Action server '/action/gantry_collision_seg' is available. Sending goal...
2026-09-11 00:49:23.045 | INFO     | _goal_response_callback:256 - [gantry_collision_seg] Goal accepted :)
2026-09-11 00:50:17.682 | INFO     | _save_collision_detect_data:889 - 保存防撞检测进入点云: /2026-09-11/algl_gantry_collision_detect_package/zone2/11/20260911_005017.pcd
2026-09-11 00:50:17.683 | INFO     | _save_detect_data:818 - 设备11进入区域4的zone2，保存进入数据
2026-09-11 00:50:17.683 | WARNING  | _lidar_callback:367 - lidar 11 det distance 0.9329758619668437 area 4
2026-09-11 00:50:17.684 | INFO     | _send_fused_det_msg:762 - 
Publish detect message                
area: 4                 
device: ['L19']                 
distance: 0.9329758619668437                 
distance_camera: 9999.0                 
distance_lidar: 0.9329758619668437                 
has_object: True                 
has_person: False                 
zone1: False                 
zone2: True
2026-09-11 00:50:17.692 | INFO     | _send_fused_det_msg:762 - 
Publish detect message                
area: 4                 
device: ['L19']                 
distance: 0.9329758619668437                 
distance_camera: 9999.0                 
distance_lidar: 0.9329758619668437                 
has_object: True                 
has_person: False                 
zone1: False                 
zone2: True
2026-09-11 00:50:17.739 | INFO     | _send_fused_det_msg:762 - 
Publish detect message                
area: 4                 
device: ['L19']                 
distance: 0.9329758619668437                 
distance_camera: 9999.0                 
distance_lidar: 0.9329758619668437                 
has_object: True                 
has_person: False                 
zone1: False                 
zone2: True
2026-09-11 00:50:17.942 | INFO     | _send_fused_det_msg:762 - 
Publish detect message                
area: 4                 
device: ['L19']                 
distance: 0.9329758619668437                 
distance_camera: 9999.0                 
distance_lidar: 0.9329758619668437                 
has_object: True                 
has_person: False                 
zone1: False                 
zone2: True
2026-09-11 00:50:17.953 | INFO     | _send_fused_det_msg:762 - 
Publish detect message                
area: 4                 
device: ['L19']                 
distance: 0.9329758619668437                 
distance_camera: 9999.0                 
distance_lidar: 0.9329758619668437                 
has_object: True                 
has_person: False                 
zone1: False                 
zone2: True
2026-09-11 00:50:17.954 | INFO     | _save_collision_detect_data:889 - 保存防撞检测离开点云: /2026-09-11/algl_gantry_collision_detect_package/zone2/11/20260911_005017_leave.pcd
2026-09-11 00:50:17.955 | INFO     | _save_detect_data:820 - 设备11离开区域4的zone2，保存离开数据
2026-09-11 00:50:17.955 | INFO     | _send_fused_det_msg:762 - 
Publish detect message                
area: 4                 
device: []                 
distance: 9999.0                 
distance_camera: 9999.0                 
distance_lidar: 9999.0                 
has_object: False                 
has_person: False                 
zone1: False                 
zone2: False
2026-09-11 00:50:18.048 | INFO     | _send_fused_det_msg:762 - 
Publish detect message                
area: 4                 
device: []                 
distance: 9999.0                 
distance_camera: 9999.0                 
distance_lidar: 9999.0                 
has_object: False                 
has_person: False                 
zone1: False                 
zone2: False
2026-09-11 00:50:18.085 | INFO     | _send_fused_det_msg:762 - 
Publish detect message                
area: 4                 
device: []                 
distance: 9999.0                 
distance_camera: 9999.0                 
distance_lidar: 9999.0                 
has_object: False                 
has_person: False                 
zone1: False                 
zone2: False
2026-09-11 00:51:06.967 | INFO     | _result_done_callback:281 - [gantry_collision_seg] Received Done result: rtg_algorithm_interfaces.action.StreamAction_Result(success=True, message='Worker completed successfully.')
2026-09-11 00:51:07.036 | INFO     | _send_goal:186 - [gantry_collision_seg] Waiting for action server '/action/gantry_collision_seg'...
2026-09-11 00:51:07.038 | INFO     | _send_goal:207 - [gantry_collision_seg] Action server '/action/gantry_collision_seg' is available. Sending goal...
2026-09-11 00:51:07.055 | INFO     | _goal_response_callback:256 - [gantry_collision_seg] Goal accepted :)
2026-09-11 00:55:18.930 | INFO     | _save_collision_detect_data:889 - 保存防撞检测进入点云: /2026-09-11/algl_gantry_collision_detect_package/zone2/11/20260911_005518.pcd
2026-09-11 00:55:18.934 | INFO     | _save_detect_data:818 - 设备11进入区域4的zone2，保存进入数据
2026-09-11 00:55:18.947 | WARNING  | _lidar_callback:367 - lidar 11 det distance 0.9031251126829641 area 4
2026-09-11 00:55:18.950 | INFO     | _send_fused_det_msg:762 - 
Publish detect message                
area: 4                 
device: ['L19']                 
distance: 0.9031251126829641                 
distance_camera: 9999.0                 
distance_lidar: 0.9031251126829641                 
has_object: True                 
has_person: False                 
zone1: False                 
zone2: True
2026-09-11 00:55:18.987 | INFO     | _send_fused_det_msg:762 - 
Publish detect message                
area: 4                 
device: ['L19']                 
distance: 0.9031251126829641                 
distance_camera: 9999.0                 
distance_lidar: 0.9031251126829641                 
has_object: True                 
has_person: False                 
zone1: False                 
zone2: True
2026-09-11 00:55:19.048 | INFO     | _send_fused_det_msg:762 - 
Publish detect message                
area: 4                 
device: ['L19']                 
distance: 0.9031251126829641                 
distance_camera: 9999.0                 
distance_lidar: 0.9031251126829641                 
has_object: True                 
has_person: False                 
zone1: False                 
zone2: True
2026-09-11 00:55:19.155 | INFO     | _send_fused_det_msg:762 - 
Publish detect message                
area: 4                 
device: ['L19']                 
distance: 0.9031251126829641                 
distance_camera: 9999.0                 
distance_lidar: 0.9031251126829641                 
has_object: True                 
has_person: False                 
zone1: False                 
zone2: True
2026-09-11 00:55:19.195 | INFO     | _send_fused_det_msg:762 - 
Publish detect message                
area: 4                 
device: ['L19']                 
distance: 0.9031251126829641                 
distance_camera: 9999.0                 
distance_lidar: 0.9031251126829641                 
has_object: True                 
has_person: False                 
zone1: False                 
zone2: True
2026-09-11 00:55:19.224 | INFO     | _save_collision_detect_data:889 - 保存防撞检测离开点云: /2026-09-11/algl_gantry_collision_detect_package/zone2/11/20260911_005519_leave.pcd
2026-09-11 00:55:19.225 | INFO     | _save_detect_data:820 - 设备11离开区域4的zone2，保存离开数据
2026-09-11 00:55:19.226 | INFO     | _send_fused_det_msg:762 - 
Publish detect message                
area: 4                 
device: []                 
distance: 9999.0                 
distance_camera: 9999.0                 
distance_lidar: 9999.0                 
has_object: False                 
has_person: False                 
zone1: False                 
zone2: False
2026-09-11 00:55:19.305 | INFO     | _send_fused_det_msg:762 - 
Publish detect message                
area: 4                 
device: []                 
distance: 9999.0                 
distance_camera: 9999.0                 
distance_lidar: 9999.0                 
has_object: False                 
has_person: False                 
zone1: False                 
zone2: False
2026-09-11 00:55:19.317 | INFO     | _send_fused_det_msg:762 - 
Publish detect message                
area: 4                 
device: []                 
distance: 9999.0                 
distance_camera: 9999.0                 
distance_lidar: 9999.0                 
has_object: False                 
has_person: False                 
zone1: False                 
zone2: False
2026-09-11 00:55:52.970 | INFO     | _result_done_callback:281 - [gantry_collision_seg] Received Done result: rtg_algorithm_interfaces.action.StreamAction_Result(success=True, message='Worker completed successfully.')
2026-09-11 00:55:53.034 | INFO     | _send_goal:186 - [gantry_collision_seg] Waiting for action server '/action/gantry_collision_seg'...
2026-09-11 00:55:53.042 | INFO     | _send_goal:207 - [gantry_collision_seg] Action server '/action/gantry_collision_seg' is available. Sending goal...
2026-09-11 00:55:53.055 | INFO     | _goal_response_callback:256 - [gantry_collision_seg] Goal accepted :)
2026-09-11 00:56:16.974 | INFO     | _result_done_callback:281 - [gantry_collision_seg] Received Done result: rtg_algorithm_interfaces.action.StreamAction_Result(success=True, message='Worker completed successfully.')
2026-09-11 00:56:17.039 | INFO     | _send_goal:186 - [gantry_collision_seg] Waiting for action server '/action/gantry_collision_seg'...
2026-09-11 00:56:17.043 | INFO     | _send_goal:207 - [gantry_collision_seg] Action server '/action/gantry_collision_seg' is available. Sending goal...
2026-09-11 00:56:17.088 | INFO     | _goal_response_callback:256 - [gantry_collision_seg] Goal accepted :)
